service_id,date,exception_type
00101,20250725,1
00101,20250728,1
00101,20250729,1
00101,20250730,1
00101,20250731,1
00101,20250916,1
00101,20250917,1
00101,20250918,1
00101,20250919,1
00101,20250922,1
00101,20250923,1
00101,20250924,1
00101,20250925,1
00101,20250926,1
00101,20250929,1
00101,20250930,1
00101,20251001,1
00101,20251002,1
00101,20251006,1
00101,20251007,1
00101,20251008,1
00101,20251009,1
00101,20251010,1
00101,20251013,1
00101,20251014,1
00101,20251015,1
00101,20251016,1
00101,20251017,1
00101,20251020,1
00101,20251021,1
00101,20251022,1
00101,20251023,1
00101,20251024,1
00101,20251027,1
00101,20251028,1
00101,20251029,1
00101,20251030,1
00101,20251031,1
00101,20251103,1
00101,20251104,1
00101,20251105,1
00101,20251106,1
00101,20251107,1
00101,20251110,1
00101,20251111,1
00101,20251112,1
00101,20251113,1
00101,20251114,1
00101,20251117,1
00101,20251118,1
00101,20251119,1
00101,20251120,1
00101,20251121,1
00101,20251124,1
00101,20251125,1
00101,20251126,1
00101,20251127,1
00101,20251128,1
00101,20251201,1
00101,20251202,1
00101,20251203,1
00101,20251204,1
00101,20251205,1
00101,20251208,1
00101,20251209,1
00101,20251210,1
00101,20251211,1
00101,20251212,1
00101,20251215,1
00101,20251216,1
00101,20251217,1
00101,20251218,1
00101,20251219,1
00101 SF/WF,20250801,1
00101 SF/WF,20250804,1
00101 SF/WF,20250805,1
00101 SF/WF,20250806,1
00101 SF/WF,20250807,1
00101 SF/WF,20250808,1
00101 SF/WF,20250811,1
00101 SF/WF,20250812,1
00101 SF/WF,20250813,1
00101 SF/WF,20250814,1
00101 SF/WF,20250818,1
00101 SF/WF,20250819,1
00101 SF/WF,20250820,1
00101 SF/WF,20250821,1
00101 SF/WF,20250822,1
00101 SF/WF,20250825,1
00101 SF/WF,20250826,1
00101 SF/WF,20250827,1
00101 SF/WF,20250828,1
00101 SF/WF,20250829,1
00101 SF/WF,20250901,1
00101 SF/WF,20250902,1
00101 SF/WF,20250903,1
00101 SF/WF,20250904,1
00101 SF/WF,20250905,1
00101 SF/WF,20250908,1
00101 SF/WF,20250909,1
00101 SF/WF,20250910,1
00101 SF/WF,20250911,1
00101 SF/WF,20250912,1
00101 SF/WF,20250915,1
00101 SF/WF,20251222,1
00101 SF/WF,20251223,1
00101 SF/WF,20251229,1
00101 SF/WF,20251230,1
00102,20250725,1
00102,20250728,1
00102,20250729,1
00102,20250730,1
00102,20250731,1
00102,20250916,1
00102,20250917,1
00102,20250918,1
00102,20250919,1
00102,20250922,1
00102,20250923,1
00102,20250924,1
00102,20250925,1
00102,20250926,1
00102,20250929,1
00102,20250930,1
00102,20251001,1
00102,20251002,1
00102,20251006,1
00102,20251007,1
00102,20251008,1
00102,20251009,1
00102,20251010,1
00102,20251013,1
00102,20251014,1
00102,20251015,1
00102,20251016,1
00102,20251017,1
00102,20251020,1
00102,20251021,1
00102,20251022,1
00102,20251023,1
00102,20251024,1
00102,20251027,1
00102,20251028,1
00102,20251029,1
00102,20251030,1
00102,20251031,1
00102,20251103,1
00102,20251104,1
00102,20251105,1
00102,20251106,1
00102,20251107,1
00102,20251110,1
00102,20251111,1
00102,20251112,1
00102,20251113,1
00102,20251114,1
00102,20251117,1
00102,20251118,1
00102,20251119,1
00102,20251120,1
00102,20251121,1
00102,20251124,1
00102,20251125,1
00102,20251126,1
00102,20251127,1
00102,20251128,1
00102,20251201,1
00102,20251202,1
00102,20251203,1
00102,20251204,1
00102,20251205,1
00102,20251208,1
00102,20251209,1
00102,20251210,1
00102,20251211,1
00102,20251212,1
00102,20251215,1
00102,20251216,1
00102,20251217,1
00102,20251218,1
00102,20251219,1
00102 SF/WF,20250801,1
00102 SF/WF,20250804,1
00102 SF/WF,20250805,1
00102 SF/WF,20250806,1
00102 SF/WF,20250807,1
00102 SF/WF,20250808,1
00102 SF/WF,20250811,1
00102 SF/WF,20250812,1
00102 SF/WF,20250813,1
00102 SF/WF,20250814,1
00102 SF/WF,20250818,1
00102 SF/WF,20250819,1
00102 SF/WF,20250820,1
00102 SF/WF,20250821,1
00102 SF/WF,20250822,1
00102 SF/WF,20250825,1
00102 SF/WF,20250826,1
00102 SF/WF,20250827,1
00102 SF/WF,20250828,1
00102 SF/WF,20250829,1
00102 SF/WF,20250901,1
00102 SF/WF,20250902,1
00102 SF/WF,20250903,1
00102 SF/WF,20250904,1
00102 SF/WF,20250905,1
00102 SF/WF,20250908,1
00102 SF/WF,20250909,1
00102 SF/WF,20250910,1
00102 SF/WF,20250911,1
00102 SF/WF,20250912,1
00102 SF/WF,20250915,1
00102 SF/WF,20251222,1
00102 SF/WF,20251223,1
00102 SF/WF,20251229,1
00102 SF/WF,20251230,1
00103 SF/WF,20250801,1
00103 SF/WF,20250804,1
00103 SF/WF,20250805,1
00103 SF/WF,20250806,1
00103 SF/WF,20250807,1
00103 SF/WF,20250808,1
00103 SF/WF,20250811,1
00103 SF/WF,20250812,1
00103 SF/WF,20250813,1
00103 SF/WF,20250814,1
00103 SF/WF,20250818,1
00103 SF/WF,20250819,1
00103 SF/WF,20250820,1
00103 SF/WF,20250821,1
00103 SF/WF,20250822,1
00103 SF/WF,20250825,1
00103 SF/WF,20250826,1
00103 SF/WF,20250827,1
00103 SF/WF,20250828,1
00103 SF/WF,20250829,1
00103 SF/WF,20250901,1
00103 SF/WF,20250902,1
00103 SF/WF,20250903,1
00103 SF/WF,20250904,1
00103 SF/WF,20250905,1
00103 SF/WF,20250908,1
00103 SF/WF,20250909,1
00103 SF/WF,20250910,1
00103 SF/WF,20250911,1
00103 SF/WF,20250912,1
00103 SF/WF,20250915,1
00103 SF/WF,20251222,1
00103 SF/WF,20251223,1
00103 SF/WF,20251229,1
00103 SF/WF,20251230,1
00104,20250725,1
00104,20250728,1
00104,20250729,1
00104,20250730,1
00104,20250731,1
00104,20250916,1
00104,20250917,1
00104,20250918,1
00104,20250919,1
00104,20250922,1
00104,20250923,1
00104,20250924,1
00104,20250925,1
00104,20250926,1
00104,20250929,1
00104,20250930,1
00104,20251001,1
00104,20251002,1
00104,20251006,1
00104,20251007,1
00104,20251008,1
00104,20251009,1
00104,20251010,1
00104,20251013,1
00104,20251014,1
00104,20251015,1
00104,20251016,1
00104,20251017,1
00104,20251020,1
00104,20251021,1
00104,20251022,1
00104,20251023,1
00104,20251024,1
00104,20251027,1
00104,20251028,1
00104,20251029,1
00104,20251030,1
00104,20251031,1
00104,20251110,1
00104,20251111,1
00104,20251112,1
00104,20251113,1
00104,20251114,1
00104,20251117,1
00104,20251118,1
00104,20251120,1
00104,20251121,1
00104,20251124,1
00104,20251125,1
00104,20251126,1
00104,20251127,1
00104,20251128,1
00104,20251201,1
00104,20251202,1
00104,20251203,1
00104,20251204,1
00104,20251205,1
00104,20251208,1
00104,20251209,1
00104,20251210,1
00104,20251211,1
00104,20251212,1
00104,20251215,1
00104,20251216,1
00104,20251217,1
00104,20251218,1
00104,20251219,1
00104 Ferien,20251103,1
00104 Ferien,20251104,1
00104 Ferien,20251105,1
00104 Ferien,20251106,1
00104 Ferien,20251107,1
00104 Ferien,20251119,1
00104 SF/WF,20250801,1
00104 SF/WF,20250804,1
00104 SF/WF,20250805,1
00104 SF/WF,20250806,1
00104 SF/WF,20250807,1
00104 SF/WF,20250808,1
00104 SF/WF,20250811,1
00104 SF/WF,20250812,1
00104 SF/WF,20250813,1
00104 SF/WF,20250814,1
00104 SF/WF,20250818,1
00104 SF/WF,20250819,1
00104 SF/WF,20250820,1
00104 SF/WF,20250821,1
00104 SF/WF,20250822,1
00104 SF/WF,20250825,1
00104 SF/WF,20250826,1
00104 SF/WF,20250827,1
00104 SF/WF,20250828,1
00104 SF/WF,20250829,1
00104 SF/WF,20250901,1
00104 SF/WF,20250902,1
00104 SF/WF,20250903,1
00104 SF/WF,20250904,1
00104 SF/WF,20250905,1
00104 SF/WF,20250908,1
00104 SF/WF,20250909,1
00104 SF/WF,20250910,1
00104 SF/WF,20250911,1
00104 SF/WF,20250912,1
00104 SF/WF,20250915,1
00104 SF/WF,20251222,1
00104 SF/WF,20251223,1
00104 SF/WF,20251229,1
00104 SF/WF,20251230,1
00105,20250725,1
00105,20250728,1
00105,20250729,1
00105,20250730,1
00105,20250731,1
00105,20250916,1
00105,20250917,1
00105,20250918,1
00105,20250919,1
00105,20250922,1
00105,20250923,1
00105,20250924,1
00105,20250925,1
00105,20250926,1
00105,20250929,1
00105,20250930,1
00105,20251001,1
00105,20251002,1
00105,20251006,1
00105,20251007,1
00105,20251008,1
00105,20251009,1
00105,20251010,1
00105,20251013,1
00105,20251014,1
00105,20251015,1
00105,20251016,1
00105,20251017,1
00105,20251020,1
00105,20251021,1
00105,20251022,1
00105,20251023,1
00105,20251024,1
00105,20251027,1
00105,20251028,1
00105,20251029,1
00105,20251030,1
00105,20251031,1
00105,20251110,1
00105,20251111,1
00105,20251112,1
00105,20251113,1
00105,20251114,1
00105,20251117,1
00105,20251118,1
00105,20251120,1
00105,20251121,1
00105,20251124,1
00105,20251125,1
00105,20251126,1
00105,20251127,1
00105,20251128,1
00105,20251201,1
00105,20251202,1
00105,20251203,1
00105,20251204,1
00105,20251205,1
00105,20251208,1
00105,20251209,1
00105,20251210,1
00105,20251211,1
00105,20251212,1
00105,20251215,1
00105,20251216,1
00105,20251217,1
00105,20251218,1
00105,20251219,1
00105 Ferien,20251103,1
00105 Ferien,20251104,1
00105 Ferien,20251105,1
00105 Ferien,20251106,1
00105 Ferien,20251107,1
00105 Ferien,20251119,1
00105 SF/WF,20250801,1
00105 SF/WF,20250804,1
00105 SF/WF,20250805,1
00105 SF/WF,20250806,1
00105 SF/WF,20250807,1
00105 SF/WF,20250808,1
00105 SF/WF,20250811,1
00105 SF/WF,20250812,1
00105 SF/WF,20250813,1
00105 SF/WF,20250814,1
00105 SF/WF,20250818,1
00105 SF/WF,20250819,1
00105 SF/WF,20250820,1
00105 SF/WF,20250821,1
00105 SF/WF,20250822,1
00105 SF/WF,20250825,1
00105 SF/WF,20250826,1
00105 SF/WF,20250827,1
00105 SF/WF,20250828,1
00105 SF/WF,20250829,1
00105 SF/WF,20250901,1
00105 SF/WF,20250902,1
00105 SF/WF,20250903,1
00105 SF/WF,20250904,1
00105 SF/WF,20250905,1
00105 SF/WF,20250908,1
00105 SF/WF,20250909,1
00105 SF/WF,20250910,1
00105 SF/WF,20250911,1
00105 SF/WF,20250912,1
00105 SF/WF,20250915,1
00105 SF/WF,20251222,1
00105 SF/WF,20251223,1
00105 SF/WF,20251229,1
00105 SF/WF,20251230,1
00106 Ferien,20251103,1
00106 Ferien,20251104,1
00106 Ferien,20251105,1
00106 Ferien,20251106,1
00106 Ferien,20251107,1
00106 Ferien,20251119,1
00106 SF/WF,20250801,1
00106 SF/WF,20250804,1
00106 SF/WF,20250805,1
00106 SF/WF,20250806,1
00106 SF/WF,20250807,1
00106 SF/WF,20250808,1
00106 SF/WF,20250811,1
00106 SF/WF,20250812,1
00106 SF/WF,20250813,1
00106 SF/WF,20250814,1
00106 SF/WF,20250818,1
00106 SF/WF,20250819,1
00106 SF/WF,20250820,1
00106 SF/WF,20250821,1
00106 SF/WF,20250822,1
00106 SF/WF,20250825,1
00106 SF/WF,20250826,1
00106 SF/WF,20250827,1
00106 SF/WF,20250828,1
00106 SF/WF,20250829,1
00106 SF/WF,20250901,1
00106 SF/WF,20250902,1
00106 SF/WF,20250903,1
00106 SF/WF,20250904,1
00106 SF/WF,20250905,1
00106 SF/WF,20250908,1
00106 SF/WF,20250909,1
00106 SF/WF,20250910,1
00106 SF/WF,20250911,1
00106 SF/WF,20250912,1
00106 SF/WF,20250915,1
00106 SF/WF,20251222,1
00106 SF/WF,20251223,1
00106 SF/WF,20251229,1
00106 SF/WF,20251230,1
00107,20250725,1
00107,20250728,1
00107,20250729,1
00107,20250730,1
00107,20250731,1
00107,20250916,1
00107,20250917,1
00107,20250918,1
00107,20250919,1
00107,20250922,1
00107,20250923,1
00107,20250924,1
00107,20250925,1
00107,20250926,1
00107,20250929,1
00107,20250930,1
00107,20251001,1
00107,20251002,1
00107,20251006,1
00107,20251007,1
00107,20251008,1
00107,20251009,1
00107,20251010,1
00107,20251013,1
00107,20251014,1
00107,20251015,1
00107,20251016,1
00107,20251017,1
00107,20251020,1
00107,20251021,1
00107,20251022,1
00107,20251023,1
00107,20251024,1
00107,20251027,1
00107,20251028,1
00107,20251029,1
00107,20251030,1
00107,20251031,1
00107,20251103,1
00107,20251104,1
00107,20251105,1
00107,20251106,1
00107,20251107,1
00107,20251110,1
00107,20251111,1
00107,20251112,1
00107,20251113,1
00107,20251114,1
00107,20251117,1
00107,20251118,1
00107,20251119,1
00107,20251120,1
00107,20251121,1
00107,20251124,1
00107,20251125,1
00107,20251126,1
00107,20251127,1
00107,20251128,1
00107,20251201,1
00107,20251202,1
00107,20251203,1
00107,20251204,1
00107,20251205,1
00107,20251208,1
00107,20251209,1
00107,20251210,1
00107,20251211,1
00107,20251212,1
00107,20251215,1
00107,20251216,1
00107,20251217,1
00107,20251218,1
00107,20251219,1
00107 SF/WF,20250801,1
00107 SF/WF,20250804,1
00107 SF/WF,20250805,1
00107 SF/WF,20250806,1
00107 SF/WF,20250807,1
00107 SF/WF,20250808,1
00107 SF/WF,20250811,1
00107 SF/WF,20250812,1
00107 SF/WF,20250813,1
00107 SF/WF,20250814,1
00107 SF/WF,20250818,1
00107 SF/WF,20250819,1
00107 SF/WF,20250820,1
00107 SF/WF,20250821,1
00107 SF/WF,20250822,1
00107 SF/WF,20250825,1
00107 SF/WF,20250826,1
00107 SF/WF,20250827,1
00107 SF/WF,20250828,1
00107 SF/WF,20250829,1
00107 SF/WF,20250901,1
00107 SF/WF,20250902,1
00107 SF/WF,20250903,1
00107 SF/WF,20250904,1
00107 SF/WF,20250905,1
00107 SF/WF,20250908,1
00107 SF/WF,20250909,1
00107 SF/WF,20250910,1
00107 SF/WF,20250911,1
00107 SF/WF,20250912,1
00107 SF/WF,20250915,1
00107 SF/WF,20251222,1
00107 SF/WF,20251223,1
00107 SF/WF,20251229,1
00107 SF/WF,20251230,1
00108 SF/WF,20250801,1
00108 SF/WF,20250804,1
00108 SF/WF,20250805,1
00108 SF/WF,20250806,1
00108 SF/WF,20250807,1
00108 SF/WF,20250808,1
00108 SF/WF,20250811,1
00108 SF/WF,20250812,1
00108 SF/WF,20250813,1
00108 SF/WF,20250814,1
00108 SF/WF,20250818,1
00108 SF/WF,20250819,1
00108 SF/WF,20250820,1
00108 SF/WF,20250821,1
00108 SF/WF,20250822,1
00108 SF/WF,20250825,1
00108 SF/WF,20250826,1
00108 SF/WF,20250827,1
00108 SF/WF,20250828,1
00108 SF/WF,20250829,1
00108 SF/WF,20250901,1
00108 SF/WF,20250902,1
00108 SF/WF,20250903,1
00108 SF/WF,20250904,1
00108 SF/WF,20250905,1
00108 SF/WF,20250908,1
00108 SF/WF,20250909,1
00108 SF/WF,20250910,1
00108 SF/WF,20250911,1
00108 SF/WF,20250912,1
00108 SF/WF,20250915,1
00108 SF/WF,20251222,1
00108 SF/WF,20251223,1
00108 SF/WF,20251229,1
00108 SF/WF,20251230,1
00109,20250725,1
00109,20250728,1
00109,20250729,1
00109,20250730,1
00109,20250731,1
00109,20250916,1
00109,20250917,1
00109,20250918,1
00109,20250919,1
00109,20250922,1
00109,20250923,1
00109,20250924,1
00109,20250925,1
00109,20250926,1
00109,20250929,1
00109,20250930,1
00109,20251001,1
00109,20251002,1
00109,20251006,1
00109,20251007,1
00109,20251008,1
00109,20251009,1
00109,20251010,1
00109,20251013,1
00109,20251014,1
00109,20251015,1
00109,20251016,1
00109,20251017,1
00109,20251020,1
00109,20251021,1
00109,20251022,1
00109,20251023,1
00109,20251024,1
00109,20251027,1
00109,20251028,1
00109,20251029,1
00109,20251030,1
00109,20251031,1
00109,20251103,1
00109,20251104,1
00109,20251105,1
00109,20251106,1
00109,20251107,1
00109,20251110,1
00109,20251111,1
00109,20251112,1
00109,20251113,1
00109,20251114,1
00109,20251117,1
00109,20251118,1
00109,20251119,1
00109,20251120,1
00109,20251121,1
00109,20251124,1
00109,20251125,1
00109,20251126,1
00109,20251127,1
00109,20251128,1
00109,20251201,1
00109,20251202,1
00109,20251203,1
00109,20251204,1
00109,20251205,1
00109,20251208,1
00109,20251209,1
00109,20251210,1
00109,20251211,1
00109,20251212,1
00109,20251215,1
00109,20251216,1
00109,20251217,1
00109,20251218,1
00109,20251219,1
00110,20250725,1
00110,20250728,1
00110,20250729,1
00110,20250730,1
00110,20250731,1
00110,20250916,1
00110,20250917,1
00110,20250918,1
00110,20250919,1
00110,20250922,1
00110,20250923,1
00110,20250924,1
00110,20250925,1
00110,20250926,1
00110,20250929,1
00110,20250930,1
00110,20251001,1
00110,20251002,1
00110,20251006,1
00110,20251007,1
00110,20251008,1
00110,20251009,1
00110,20251010,1
00110,20251013,1
00110,20251014,1
00110,20251015,1
00110,20251016,1
00110,20251017,1
00110,20251020,1
00110,20251021,1
00110,20251022,1
00110,20251023,1
00110,20251024,1
00110,20251027,1
00110,20251028,1
00110,20251029,1
00110,20251030,1
00110,20251031,1
00110,20251103,1
00110,20251104,1
00110,20251105,1
00110,20251106,1
00110,20251107,1
00110,20251110,1
00110,20251111,1
00110,20251112,1
00110,20251113,1
00110,20251114,1
00110,20251117,1
00110,20251118,1
00110,20251119,1
00110,20251120,1
00110,20251121,1
00110,20251124,1
00110,20251125,1
00110,20251126,1
00110,20251127,1
00110,20251128,1
00110,20251201,1
00110,20251202,1
00110,20251203,1
00110,20251204,1
00110,20251205,1
00110,20251208,1
00110,20251209,1
00110,20251210,1
00110,20251211,1
00110,20251212,1
00110,20251215,1
00110,20251216,1
00110,20251217,1
00110,20251218,1
00110,20251219,1
00112,20250725,1
00112,20250728,1
00112,20250729,1
00112,20250730,1
00112,20250731,1
00112,20250916,1
00112,20250917,1
00112,20250918,1
00112,20250919,1
00112,20250922,1
00112,20250923,1
00112,20250924,1
00112,20250925,1
00112,20250926,1
00112,20250929,1
00112,20250930,1
00112,20251001,1
00112,20251002,1
00112,20251006,1
00112,20251007,1
00112,20251008,1
00112,20251009,1
00112,20251010,1
00112,20251013,1
00112,20251014,1
00112,20251015,1
00112,20251016,1
00112,20251017,1
00112,20251020,1
00112,20251021,1
00112,20251022,1
00112,20251023,1
00112,20251024,1
00112,20251027,1
00112,20251028,1
00112,20251029,1
00112,20251030,1
00112,20251031,1
00112,20251103,1
00112,20251104,1
00112,20251105,1
00112,20251106,1
00112,20251107,1
00112,20251110,1
00112,20251111,1
00112,20251112,1
00112,20251113,1
00112,20251114,1
00112,20251117,1
00112,20251118,1
00112,20251119,1
00112,20251120,1
00112,20251121,1
00112,20251124,1
00112,20251125,1
00112,20251126,1
00112,20251127,1
00112,20251128,1
00112,20251201,1
00112,20251202,1
00112,20251203,1
00112,20251204,1
00112,20251205,1
00112,20251208,1
00112,20251209,1
00112,20251210,1
00112,20251211,1
00112,20251212,1
00112,20251215,1
00112,20251216,1
00112,20251217,1
00112,20251218,1
00112,20251219,1
00113,20250725,1
00113,20250728,1
00113,20250729,1
00113,20250730,1
00113,20250731,1
00113,20250916,1
00113,20250917,1
00113,20250918,1
00113,20250919,1
00113,20250922,1
00113,20250923,1
00113,20250924,1
00113,20250925,1
00113,20250926,1
00113,20250929,1
00113,20250930,1
00113,20251001,1
00113,20251002,1
00113,20251006,1
00113,20251007,1
00113,20251008,1
00113,20251009,1
00113,20251010,1
00113,20251013,1
00113,20251014,1
00113,20251015,1
00113,20251016,1
00113,20251017,1
00113,20251020,1
00113,20251021,1
00113,20251022,1
00113,20251023,1
00113,20251024,1
00113,20251027,1
00113,20251028,1
00113,20251029,1
00113,20251030,1
00113,20251031,1
00113,20251103,1
00113,20251104,1
00113,20251105,1
00113,20251106,1
00113,20251107,1
00113,20251110,1
00113,20251111,1
00113,20251112,1
00113,20251113,1
00113,20251114,1
00113,20251117,1
00113,20251118,1
00113,20251119,1
00113,20251120,1
00113,20251121,1
00113,20251124,1
00113,20251125,1
00113,20251126,1
00113,20251127,1
00113,20251128,1
00113,20251201,1
00113,20251202,1
00113,20251203,1
00113,20251204,1
00113,20251205,1
00113,20251208,1
00113,20251209,1
00113,20251210,1
00113,20251211,1
00113,20251212,1
00113,20251215,1
00113,20251216,1
00113,20251217,1
00113,20251218,1
00113,20251219,1
00116,20250725,1
00116,20250728,1
00116,20250729,1
00116,20250730,1
00116,20250731,1
00116,20250916,1
00116,20250917,1
00116,20250918,1
00116,20250919,1
00116,20250922,1
00116,20250923,1
00116,20250924,1
00116,20250925,1
00116,20250926,1
00116,20250929,1
00116,20250930,1
00116,20251001,1
00116,20251002,1
00116,20251006,1
00116,20251007,1
00116,20251008,1
00116,20251009,1
00116,20251010,1
00116,20251013,1
00116,20251014,1
00116,20251015,1
00116,20251016,1
00116,20251017,1
00116,20251020,1
00116,20251021,1
00116,20251022,1
00116,20251023,1
00116,20251024,1
00116,20251027,1
00116,20251028,1
00116,20251029,1
00116,20251030,1
00116,20251031,1
00116,20251110,1
00116,20251111,1
00116,20251112,1
00116,20251113,1
00116,20251114,1
00116,20251117,1
00116,20251118,1
00116,20251120,1
00116,20251121,1
00116,20251124,1
00116,20251125,1
00116,20251126,1
00116,20251127,1
00116,20251128,1
00116,20251201,1
00116,20251202,1
00116,20251203,1
00116,20251204,1
00116,20251205,1
00116,20251208,1
00116,20251209,1
00116,20251210,1
00116,20251211,1
00116,20251212,1
00116,20251215,1
00116,20251216,1
00116,20251217,1
00116,20251218,1
00116,20251219,1
00121 Ferien,20251103,1
00121 Ferien,20251104,1
00121 Ferien,20251105,1
00121 Ferien,20251106,1
00121 Ferien,20251107,1
00121 Ferien,20251119,1
00201,20250929,1
00201,20250930,1
00201,20251001,1
00201,20251002,1
00201,20251006,1
00201,20251007,1
00201,20251008,1
00201,20251009,1
00201,20251010,1
00201,20251013,1
00201,20251014,1
00201,20251015,1
00201,20251016,1
00201,20251017,1
00201,20251020,1
00201,20251021,1
00201,20251022,1
00201,20251023,1
00201,20251024,1
00201,20251027,1
00201,20251028,1
00201,20251029,1
00201,20251030,1
00201,20251031,1
00201,20251103,1
00201,20251104,1
00201,20251105,1
00201,20251106,1
00201,20251107,1
00201,20251110,1
00201,20251111,1
00201,20251112,1
00201,20251113,1
00201,20251114,1
00201,20251117,1
00201,20251118,1
00201,20251119,1
00201,20251120,1
00201,20251121,1
00201,20251124,1
00201,20251125,1
00201,20251126,1
00201,20251127,1
00201,20251128,1
00201,20251201,1
00201,20251202,1
00201,20251203,1
00201,20251204,1
00201,20251205,1
00201,20251208,1
00201,20251209,1
00201,20251210,1
00201,20251211,1
00201,20251212,1
00201,20251215,1
00201,20251216,1
00201,20251217,1
00201,20251218,1
00201,20251219,1
00201 SF/WF,20251222,1
00201 SF/WF,20251223,1
00201 SF/WF,20251229,1
00201 SF/WF,20251230,1
00201 SF/WF[2025-8-1],20250801,1
00201 SF/WF[2025-8-1],20250804,1
00201 SF/WF[2025-8-1],20250805,1
00201 SF/WF[2025-8-1],20250806,1
00201 SF/WF[2025-8-1],20250807,1
00201 SF/WF[2025-8-1],20250808,1
00201 SF/WF[2025-8-1],20250811,1
00201 SF/WF[2025-8-1],20250812,1
00201 SF/WF[2025-8-1],20250813,1
00201 SF/WF[2025-8-1],20250814,1
00201 SF/WF[2025-8-1],20250818,1
00201 SF/WF[2025-8-1],20250819,1
00201 SF/WF[2025-8-1],20250820,1
00201 SF/WF[2025-8-1],20250821,1
00201 SF/WF[2025-8-1],20250822,1
00201 SF/WF[2025-8-1],20250825,1
00201 SF/WF[2025-8-1],20250826,1
00201 SF/WF[2025-8-1],20250827,1
00201 SF/WF[2025-8-1],20250828,1
00201 SF/WF[2025-8-1],20250829,1
00201 SF/WF[2025-8-1],20250901,1
00201 SF/WF[2025-8-1],20250902,1
00201 SF/WF[2025-8-1],20250903,1
00201 SF/WF[2025-8-1],20250904,1
00201 SF/WF[2025-8-1],20250905,1
00201 SF/WF[2025-8-1],20250908,1
00201 SF/WF[2025-8-1],20250909,1
00201 SF/WF[2025-8-1],20250910,1
00201 SF/WF[2025-8-1],20250911,1
00201 SF/WF[2025-8-1],20250912,1
00201 SF/WF[2025-8-1],20250915,1
00201[2025-7-25],20250725,1
00201[2025-7-25],20250728,1
00201[2025-7-25],20250729,1
00201[2025-7-25],20250730,1
00201[2025-7-25],20250731,1
00201[2025-7-25],20250916,1
00201[2025-7-25],20250917,1
00201[2025-7-25],20250918,1
00201[2025-7-25],20250919,1
00201[2025-7-25],20250922,1
00201[2025-7-25],20250923,1
00201[2025-7-25],20250924,1
00201[2025-7-25],20250925,1
00201[2025-7-25],20250926,1
00202 SF/WF,20251222,1
00202 SF/WF,20251223,1
00202 SF/WF,20251229,1
00202 SF/WF,20251230,1
00202 SF/WF[2025-8-1],20250801,1
00202 SF/WF[2025-8-1],20250804,1
00202 SF/WF[2025-8-1],20250805,1
00202 SF/WF[2025-8-1],20250806,1
00202 SF/WF[2025-8-1],20250807,1
00202 SF/WF[2025-8-1],20250808,1
00202 SF/WF[2025-8-1],20250811,1
00202 SF/WF[2025-8-1],20250812,1
00202 SF/WF[2025-8-1],20250813,1
00202 SF/WF[2025-8-1],20250814,1
00202 SF/WF[2025-8-1],20250818,1
00202 SF/WF[2025-8-1],20250819,1
00202 SF/WF[2025-8-1],20250820,1
00202 SF/WF[2025-8-1],20250821,1
00202 SF/WF[2025-8-1],20250822,1
00202 SF/WF[2025-8-1],20250825,1
00202 SF/WF[2025-8-1],20250826,1
00202 SF/WF[2025-8-1],20250827,1
00202 SF/WF[2025-8-1],20250828,1
00202 SF/WF[2025-8-1],20250829,1
00202 SF/WF[2025-8-1],20250901,1
00202 SF/WF[2025-8-1],20250902,1
00202 SF/WF[2025-8-1],20250903,1
00202 SF/WF[2025-8-1],20250904,1
00202 SF/WF[2025-8-1],20250905,1
00202 SF/WF[2025-8-1],20250908,1
00202 SF/WF[2025-8-1],20250909,1
00202 SF/WF[2025-8-1],20250910,1
00202 SF/WF[2025-8-1],20250911,1
00202 SF/WF[2025-8-1],20250912,1
00202 SF/WF[2025-8-1],20250915,1
00203,20251001,1
00203,20251002,1
00203,20251006,1
00203,20251007,1
00203,20251008,1
00203,20251009,1
00203,20251010,1
00203,20251013,1
00203,20251014,1
00203,20251015,1
00203,20251016,1
00203,20251017,1
00203,20251020,1
00203,20251021,1
00203,20251022,1
00203,20251023,1
00203,20251024,1
00203,20251027,1
00203,20251028,1
00203,20251029,1
00203,20251030,1
00203,20251031,1
00203,20251103,1
00203,20251104,1
00203,20251105,1
00203,20251106,1
00203,20251107,1
00203,20251110,1
00203,20251111,1
00203,20251112,1
00203,20251113,1
00203,20251114,1
00203,20251117,1
00203,20251118,1
00203,20251119,1
00203,20251120,1
00203,20251121,1
00203,20251124,1
00203,20251125,1
00203,20251126,1
00203,20251127,1
00203,20251128,1
00203,20251201,1
00203,20251202,1
00203,20251203,1
00203,20251204,1
00203,20251205,1
00203,20251208,1
00203,20251209,1
00203,20251210,1
00203,20251211,1
00203,20251212,1
00203,20251215,1
00203,20251216,1
00203,20251217,1
00203,20251218,1
00203,20251219,1
00203 SF/WF,20251222,1
00203 SF/WF,20251223,1
00203 SF/WF,20251229,1
00203 SF/WF,20251230,1
00203 SF/WF[2025-8-1],20250801,1
00203 SF/WF[2025-8-1],20250804,1
00203 SF/WF[2025-8-1],20250805,1
00203 SF/WF[2025-8-1],20250806,1
00203 SF/WF[2025-8-1],20250807,1
00203 SF/WF[2025-8-1],20250808,1
00203 SF/WF[2025-8-1],20250811,1
00203 SF/WF[2025-8-1],20250812,1
00203 SF/WF[2025-8-1],20250813,1
00203 SF/WF[2025-8-1],20250814,1
00203 SF/WF[2025-8-1],20250818,1
00203 SF/WF[2025-8-1],20250819,1
00203 SF/WF[2025-8-1],20250820,1
00203 SF/WF[2025-8-1],20250821,1
00203 SF/WF[2025-8-1],20250822,1
00203 SF/WF[2025-8-1],20250825,1
00203 SF/WF[2025-8-1],20250826,1
00203 SF/WF[2025-8-1],20250827,1
00203 SF/WF[2025-8-1],20250828,1
00203 SF/WF[2025-8-1],20250829,1
00203 SF/WF[2025-8-1],20250901,1
00203 SF/WF[2025-8-1],20250902,1
00203 SF/WF[2025-8-1],20250903,1
00203 SF/WF[2025-8-1],20250904,1
00203 SF/WF[2025-8-1],20250905,1
00203 SF/WF[2025-8-1],20250908,1
00203 SF/WF[2025-8-1],20250909,1
00203 SF/WF[2025-8-1],20250910,1
00203 SF/WF[2025-8-1],20250911,1
00203 SF/WF[2025-8-1],20250912,1
00203 SF/WF[2025-8-1],20250915,1
00203[2025-7-25],20250725,1
00204 Ferien,20251103,1
00204 Ferien,20251104,1
00204 Ferien,20251105,1
00204 Ferien,20251106,1
00204 Ferien,20251107,1
00204 Ferien,20251119,1
00204 SF/WF,20251222,1
00204 SF/WF,20251223,1
00204 SF/WF,20251229,1
00204 SF/WF,20251230,1
00204 SF/WF[2025-8-1],20250801,1
00204 SF/WF[2025-8-1],20250804,1
00204 SF/WF[2025-8-1],20250805,1
00204 SF/WF[2025-8-1],20250806,1
00204 SF/WF[2025-8-1],20250807,1
00204 SF/WF[2025-8-1],20250808,1
00204 SF/WF[2025-8-1],20250811,1
00204 SF/WF[2025-8-1],20250812,1
00204 SF/WF[2025-8-1],20250813,1
00204 SF/WF[2025-8-1],20250814,1
00204 SF/WF[2025-8-1],20250818,1
00204 SF/WF[2025-8-1],20250819,1
00204 SF/WF[2025-8-1],20250820,1
00204 SF/WF[2025-8-1],20250821,1
00204 SF/WF[2025-8-1],20250822,1
00204 SF/WF[2025-8-1],20250825,1
00204 SF/WF[2025-8-1],20250826,1
00204 SF/WF[2025-8-1],20250827,1
00204 SF/WF[2025-8-1],20250828,1
00204 SF/WF[2025-8-1],20250829,1
00204 SF/WF[2025-8-1],20250901,1
00204 SF/WF[2025-8-1],20250902,1
00204 SF/WF[2025-8-1],20250903,1
00204 SF/WF[2025-8-1],20250904,1
00204 SF/WF[2025-8-1],20250905,1
00204 SF/WF[2025-8-1],20250908,1
00204 SF/WF[2025-8-1],20250909,1
00204 SF/WF[2025-8-1],20250910,1
00204 SF/WF[2025-8-1],20250911,1
00204 SF/WF[2025-8-1],20250912,1
00204 SF/WF[2025-8-1],20250915,1
00205,20250929,1
00205,20250930,1
00205,20251001,1
00205,20251002,1
00205,20251006,1
00205,20251007,1
00205,20251008,1
00205,20251009,1
00205,20251010,1
00205,20251013,1
00205,20251014,1
00205,20251015,1
00205,20251016,1
00205,20251017,1
00205,20251020,1
00205,20251021,1
00205,20251022,1
00205,20251023,1
00205,20251024,1
00205,20251027,1
00205,20251028,1
00205,20251029,1
00205,20251030,1
00205,20251031,1
00205,20251103,1
00205,20251104,1
00205,20251105,1
00205,20251106,1
00205,20251107,1
00205,20251110,1
00205,20251111,1
00205,20251112,1
00205,20251113,1
00205,20251114,1
00205,20251117,1
00205,20251118,1
00205,20251119,1
00205,20251120,1
00205,20251121,1
00205,20251124,1
00205,20251125,1
00205,20251126,1
00205,20251127,1
00205,20251128,1
00205,20251201,1
00205,20251202,1
00205,20251203,1
00205,20251204,1
00205,20251205,1
00205,20251208,1
00205,20251209,1
00205,20251210,1
00205,20251211,1
00205,20251212,1
00205,20251215,1
00205,20251216,1
00205,20251217,1
00205,20251218,1
00205,20251219,1
00205 SF/WF,20251222,1
00205 SF/WF,20251223,1
00205 SF/WF,20251229,1
00205 SF/WF,20251230,1
00205 SF/WF[2025-8-1],20250801,1
00205 SF/WF[2025-8-1],20250804,1
00205 SF/WF[2025-8-1],20250805,1
00205 SF/WF[2025-8-1],20250806,1
00205 SF/WF[2025-8-1],20250807,1
00205 SF/WF[2025-8-1],20250808,1
00205 SF/WF[2025-8-1],20250811,1
00205 SF/WF[2025-8-1],20250812,1
00205 SF/WF[2025-8-1],20250813,1
00205 SF/WF[2025-8-1],20250814,1
00205 SF/WF[2025-8-1],20250818,1
00205 SF/WF[2025-8-1],20250819,1
00205 SF/WF[2025-8-1],20250820,1
00205 SF/WF[2025-8-1],20250821,1
00205 SF/WF[2025-8-1],20250822,1
00205 SF/WF[2025-8-1],20250825,1
00205 SF/WF[2025-8-1],20250826,1
00205 SF/WF[2025-8-1],20250827,1
00205 SF/WF[2025-8-1],20250828,1
00205 SF/WF[2025-8-1],20250829,1
00205 SF/WF[2025-8-1],20250901,1
00205 SF/WF[2025-8-1],20250902,1
00205 SF/WF[2025-8-1],20250903,1
00205 SF/WF[2025-8-1],20250904,1
00205 SF/WF[2025-8-1],20250905,1
00205 SF/WF[2025-8-1],20250908,1
00205 SF/WF[2025-8-1],20250909,1
00205 SF/WF[2025-8-1],20250910,1
00205 SF/WF[2025-8-1],20250911,1
00205 SF/WF[2025-8-1],20250912,1
00205 SF/WF[2025-8-1],20250915,1
00205[2025-7-25],20250725,1
00205[2025-7-25],20250728,1
00205[2025-7-25],20250729,1
00205[2025-7-25],20250730,1
00205[2025-7-25],20250731,1
00205[2025-7-25],20250916,1
00205[2025-7-25],20250917,1
00205[2025-7-25],20250918,1
00205[2025-7-25],20250919,1
00205[2025-7-25],20250922,1
00205[2025-7-25],20250923,1
00205[2025-7-25],20250924,1
00205[2025-7-25],20250925,1
00205[2025-7-25],20250926,1
00206,20250929,1
00206,20250930,1
00206,20251001,1
00206,20251002,1
00206,20251006,1
00206,20251007,1
00206,20251008,1
00206,20251009,1
00206,20251010,1
00206,20251013,1
00206,20251014,1
00206,20251015,1
00206,20251016,1
00206,20251017,1
00206,20251020,1
00206,20251021,1
00206,20251022,1
00206,20251023,1
00206,20251024,1
00206,20251027,1
00206,20251028,1
00206,20251029,1
00206,20251030,1
00206,20251031,1
00206,20251103,1
00206,20251104,1
00206,20251105,1
00206,20251106,1
00206,20251107,1
00206,20251110,1
00206,20251111,1
00206,20251112,1
00206,20251113,1
00206,20251114,1
00206,20251117,1
00206,20251118,1
00206,20251119,1
00206,20251120,1
00206,20251121,1
00206,20251124,1
00206,20251125,1
00206,20251126,1
00206,20251127,1
00206,20251128,1
00206,20251201,1
00206,20251202,1
00206,20251203,1
00206,20251204,1
00206,20251205,1
00206,20251208,1
00206,20251209,1
00206,20251210,1
00206,20251211,1
00206,20251212,1
00206,20251215,1
00206,20251216,1
00206,20251217,1
00206,20251218,1
00206,20251219,1
00206 SF/WF,20251222,1
00206 SF/WF,20251223,1
00206 SF/WF,20251229,1
00206 SF/WF,20251230,1
00206 SF/WF[2025-8-1],20250801,1
00206 SF/WF[2025-8-1],20250804,1
00206 SF/WF[2025-8-1],20250805,1
00206 SF/WF[2025-8-1],20250806,1
00206 SF/WF[2025-8-1],20250807,1
00206 SF/WF[2025-8-1],20250808,1
00206 SF/WF[2025-8-1],20250811,1
00206 SF/WF[2025-8-1],20250812,1
00206 SF/WF[2025-8-1],20250813,1
00206 SF/WF[2025-8-1],20250814,1
00206 SF/WF[2025-8-1],20250818,1
00206 SF/WF[2025-8-1],20250819,1
00206 SF/WF[2025-8-1],20250820,1
00206 SF/WF[2025-8-1],20250821,1
00206 SF/WF[2025-8-1],20250822,1
00206 SF/WF[2025-8-1],20250825,1
00206 SF/WF[2025-8-1],20250826,1
00206 SF/WF[2025-8-1],20250827,1
00206 SF/WF[2025-8-1],20250828,1
00206 SF/WF[2025-8-1],20250829,1
00206 SF/WF[2025-8-1],20250901,1
00206 SF/WF[2025-8-1],20250902,1
00206 SF/WF[2025-8-1],20250903,1
00206 SF/WF[2025-8-1],20250904,1
00206 SF/WF[2025-8-1],20250905,1
00206 SF/WF[2025-8-1],20250908,1
00206 SF/WF[2025-8-1],20250909,1
00206 SF/WF[2025-8-1],20250910,1
00206 SF/WF[2025-8-1],20250911,1
00206 SF/WF[2025-8-1],20250912,1
00206 SF/WF[2025-8-1],20250915,1
00206[2025-7-25],20250725,1
00206[2025-7-25],20250728,1
00206[2025-7-25],20250729,1
00206[2025-7-25],20250730,1
00206[2025-7-25],20250731,1
00206[2025-7-25],20250916,1
00206[2025-7-25],20250917,1
00206[2025-7-25],20250918,1
00206[2025-7-25],20250919,1
00206[2025-7-25],20250922,1
00206[2025-7-25],20250923,1
00206[2025-7-25],20250924,1
00206[2025-7-25],20250925,1
00206[2025-7-25],20250926,1
00207,20250929,1
00207,20250930,1
00207,20251001,1
00207,20251002,1
00207,20251006,1
00207,20251007,1
00207,20251008,1
00207,20251009,1
00207,20251010,1
00207,20251013,1
00207,20251014,1
00207,20251015,1
00207,20251016,1
00207,20251017,1
00207,20251020,1
00207,20251021,1
00207,20251022,1
00207,20251023,1
00207,20251024,1
00207,20251027,1
00207,20251028,1
00207,20251029,1
00207,20251030,1
00207,20251031,1
00207,20251103,1
00207,20251104,1
00207,20251105,1
00207,20251106,1
00207,20251107,1
00207,20251110,1
00207,20251111,1
00207,20251112,1
00207,20251113,1
00207,20251114,1
00207,20251117,1
00207,20251118,1
00207,20251119,1
00207,20251120,1
00207,20251121,1
00207,20251124,1
00207,20251125,1
00207,20251126,1
00207,20251127,1
00207,20251128,1
00207,20251201,1
00207,20251202,1
00207,20251203,1
00207,20251204,1
00207,20251205,1
00207,20251208,1
00207,20251209,1
00207,20251210,1
00207,20251211,1
00207,20251212,1
00207,20251215,1
00207,20251216,1
00207,20251217,1
00207,20251218,1
00207,20251219,1
00207[2025-7-25],20250725,1
00207[2025-7-25],20250728,1
00207[2025-7-25],20250729,1
00207[2025-7-25],20250730,1
00207[2025-7-25],20250731,1
00207[2025-7-25],20250916,1
00207[2025-7-25],20250917,1
00207[2025-7-25],20250918,1
00207[2025-7-25],20250919,1
00207[2025-7-25],20250922,1
00207[2025-7-25],20250923,1
00207[2025-7-25],20250924,1
00207[2025-7-25],20250925,1
00207[2025-7-25],20250926,1
00208,20250929,1
00208,20250930,1
00208,20251001,1
00208,20251002,1
00208,20251006,1
00208,20251007,1
00208,20251008,1
00208,20251009,1
00208,20251010,1
00208,20251013,1
00208,20251014,1
00208,20251015,1
00208,20251016,1
00208,20251017,1
00208,20251020,1
00208,20251021,1
00208,20251022,1
00208,20251023,1
00208,20251024,1
00208,20251027,1
00208,20251028,1
00208,20251029,1
00208,20251030,1
00208,20251031,1
00208,20251103,1
00208,20251104,1
00208,20251105,1
00208,20251106,1
00208,20251107,1
00208,20251110,1
00208,20251111,1
00208,20251112,1
00208,20251113,1
00208,20251114,1
00208,20251117,1
00208,20251118,1
00208,20251119,1
00208,20251120,1
00208,20251121,1
00208,20251124,1
00208,20251125,1
00208,20251126,1
00208,20251127,1
00208,20251128,1
00208,20251201,1
00208,20251202,1
00208,20251203,1
00208,20251204,1
00208,20251205,1
00208,20251208,1
00208,20251209,1
00208,20251210,1
00208,20251211,1
00208,20251212,1
00208,20251215,1
00208,20251216,1
00208,20251217,1
00208,20251218,1
00208,20251219,1
00208 SF/WF,20251222,1
00208 SF/WF,20251223,1
00208 SF/WF,20251229,1
00208 SF/WF,20251230,1
00208 SF/WF[2025-8-1],20250801,1
00208 SF/WF[2025-8-1],20250804,1
00208 SF/WF[2025-8-1],20250805,1
00208 SF/WF[2025-8-1],20250806,1
00208 SF/WF[2025-8-1],20250807,1
00208 SF/WF[2025-8-1],20250808,1
00208 SF/WF[2025-8-1],20250811,1
00208 SF/WF[2025-8-1],20250812,1
00208 SF/WF[2025-8-1],20250813,1
00208 SF/WF[2025-8-1],20250814,1
00208 SF/WF[2025-8-1],20250818,1
00208 SF/WF[2025-8-1],20250819,1
00208 SF/WF[2025-8-1],20250820,1
00208 SF/WF[2025-8-1],20250821,1
00208 SF/WF[2025-8-1],20250822,1
00208 SF/WF[2025-8-1],20250825,1
00208 SF/WF[2025-8-1],20250826,1
00208 SF/WF[2025-8-1],20250827,1
00208 SF/WF[2025-8-1],20250828,1
00208 SF/WF[2025-8-1],20250829,1
00208 SF/WF[2025-8-1],20250901,1
00208 SF/WF[2025-8-1],20250902,1
00208 SF/WF[2025-8-1],20250903,1
00208 SF/WF[2025-8-1],20250904,1
00208 SF/WF[2025-8-1],20250905,1
00208 SF/WF[2025-8-1],20250908,1
00208 SF/WF[2025-8-1],20250909,1
00208 SF/WF[2025-8-1],20250910,1
00208 SF/WF[2025-8-1],20250911,1
00208 SF/WF[2025-8-1],20250912,1
00208 SF/WF[2025-8-1],20250915,1
00208[2025-7-25],20250725,1
00208[2025-7-25],20250728,1
00208[2025-7-25],20250729,1
00208[2025-7-25],20250730,1
00208[2025-7-25],20250731,1
00208[2025-7-25],20250916,1
00208[2025-7-25],20250917,1
00208[2025-7-25],20250918,1
00208[2025-7-25],20250919,1
00208[2025-7-25],20250922,1
00208[2025-7-25],20250923,1
00208[2025-7-25],20250924,1
00208[2025-7-25],20250925,1
00208[2025-7-25],20250926,1
00209,20250929,1
00209,20250930,1
00209,20251001,1
00209,20251002,1
00209,20251006,1
00209,20251007,1
00209,20251008,1
00209,20251009,1
00209,20251010,1
00209,20251013,1
00209,20251014,1
00209,20251015,1
00209,20251016,1
00209,20251017,1
00209,20251020,1
00209,20251021,1
00209,20251022,1
00209,20251023,1
00209,20251024,1
00209,20251027,1
00209,20251028,1
00209,20251029,1
00209,20251030,1
00209,20251031,1
00209,20251103,1
00209,20251104,1
00209,20251105,1
00209,20251106,1
00209,20251107,1
00209,20251110,1
00209,20251111,1
00209,20251112,1
00209,20251113,1
00209,20251114,1
00209,20251117,1
00209,20251118,1
00209,20251119,1
00209,20251120,1
00209,20251121,1
00209,20251124,1
00209,20251125,1
00209,20251126,1
00209,20251127,1
00209,20251128,1
00209,20251201,1
00209,20251202,1
00209,20251203,1
00209,20251204,1
00209,20251205,1
00209,20251208,1
00209,20251209,1
00209,20251210,1
00209,20251211,1
00209,20251212,1
00209,20251215,1
00209,20251216,1
00209,20251217,1
00209,20251218,1
00209,20251219,1
00209[2025-7-25],20250725,1
00209[2025-7-25],20250728,1
00209[2025-7-25],20250729,1
00209[2025-7-25],20250730,1
00209[2025-7-25],20250731,1
00209[2025-7-25],20250916,1
00209[2025-7-25],20250917,1
00209[2025-7-25],20250918,1
00209[2025-7-25],20250919,1
00209[2025-7-25],20250922,1
00209[2025-7-25],20250923,1
00209[2025-7-25],20250924,1
00209[2025-7-25],20250925,1
00209[2025-7-25],20250926,1
00211 Ferien,20251103,1
00211 Ferien,20251104,1
00211 Ferien,20251105,1
00211 Ferien,20251106,1
00211 Ferien,20251107,1
00211 Ferien,20251119,1
00212 Ferien,20251103,1
00212 Ferien,20251104,1
00212 Ferien,20251105,1
00212 Ferien,20251106,1
00212 Ferien,20251107,1
00212 Ferien,20251119,1
00223,20251017,1
00223,20251024,1
00223,20251031,1
00223,20251114,1
00223,20251121,1
00223,20251128,1
00223,20251205,1
00223,20251212,1
00223,20251219,1
00223 (U-MD),20251013,1
00223 (U-MD),20251014,1
00223 (U-MD),20251015,1
00223 (U-MD),20251016,1
00223 (U-MD),20251020,1
00223 (U-MD),20251021,1
00223 (U-MD),20251022,1
00223 (U-MD),20251023,1
00223 (U-MD),20251027,1
00223 (U-MD),20251028,1
00223 (U-MD),20251029,1
00223 (U-MD),20251030,1
00223 (U-MD),20251110,1
00223 (U-MD),20251111,1
00223 (U-MD),20251112,1
00223 (U-MD),20251113,1
00223 (U-MD),20251117,1
00223 (U-MD),20251118,1
00223 (U-MD),20251120,1
00223 (U-MD),20251124,1
00223 (U-MD),20251125,1
00223 (U-MD),20251126,1
00223 (U-MD),20251127,1
00223 (U-MD),20251201,1
00223 (U-MD),20251202,1
00223 (U-MD),20251203,1
00223 (U-MD),20251204,1
00223 (U-MD),20251208,1
00223 (U-MD),20251209,1
00223 (U-MD),20251210,1
00223 (U-MD),20251211,1
00223 (U-MD),20251215,1
00223 (U-MD),20251216,1
00223 (U-MD),20251217,1
00223 (U-MD),20251218,1
00223 (nur C6),20251001,1
00223 (nur C6),20251002,1
00223 (nur C6),20251006,1
00223 (nur C6),20251007,1
00223 (nur C6),20251008,1
00223 (nur C6),20251009,1
00223 (nur C6),20251010,1
00223 Ferien,20251103,1
00223 Ferien,20251104,1
00223 Ferien,20251105,1
00223 Ferien,20251106,1
00223 Ferien,20251107,1
00223 Ferien,20251119,1
00223 MF,20250929,1
00223 MF,20250930,1
00223 MF[2025-7-28],20250728,1
00223 MF[2025-7-28],20250729,1
00223 MF[2025-7-28],20250730,1
00223 MF[2025-7-28],20250731,1
00223 MF[2025-7-28],20250916,1
00223 MF[2025-7-28],20250917,1
00223 MF[2025-7-28],20250918,1
00223 MF[2025-7-28],20250919,1
00223 MF[2025-7-28],20250922,1
00223 MF[2025-7-28],20250923,1
00223 MF[2025-7-28],20250924,1
00223 MF[2025-7-28],20250925,1
00223 MF[2025-7-28],20250926,1
00223[2025-7-25],20250725,1
00230 MF,20250929,1
00230 MF,20250930,1
00230 MF[2025-7-28],20250728,1
00230 MF[2025-7-28],20250729,1
00230 MF[2025-7-28],20250730,1
00230 MF[2025-7-28],20250731,1
00230 MF[2025-7-28],20250916,1
00230 MF[2025-7-28],20250917,1
00230 MF[2025-7-28],20250918,1
00230 MF[2025-7-28],20250919,1
00230 MF[2025-7-28],20250922,1
00230 MF[2025-7-28],20250923,1
00230 MF[2025-7-28],20250924,1
00230 MF[2025-7-28],20250925,1
00230 MF[2025-7-28],20250926,1
00231,20250929,1
00231,20250930,1
00231,20251001,1
00231,20251002,1
00231,20251006,1
00231,20251007,1
00231,20251008,1
00231,20251009,1
00231,20251010,1
00231,20251013,1
00231,20251014,1
00231,20251015,1
00231,20251016,1
00231,20251017,1
00231,20251020,1
00231,20251021,1
00231,20251022,1
00231,20251023,1
00231,20251024,1
00231,20251027,1
00231,20251028,1
00231,20251029,1
00231,20251030,1
00231,20251031,1
00231,20251110,1
00231,20251111,1
00231,20251112,1
00231,20251113,1
00231,20251114,1
00231,20251117,1
00231,20251118,1
00231,20251120,1
00231,20251121,1
00231,20251124,1
00231,20251125,1
00231,20251126,1
00231,20251127,1
00231,20251128,1
00231,20251201,1
00231,20251202,1
00231,20251203,1
00231,20251204,1
00231,20251205,1
00231,20251208,1
00231,20251209,1
00231,20251210,1
00231,20251211,1
00231,20251212,1
00231,20251215,1
00231,20251216,1
00231,20251217,1
00231,20251218,1
00231,20251219,1
00231[2025-7-25],20250725,1
00231[2025-7-25],20250728,1
00231[2025-7-25],20250729,1
00231[2025-7-25],20250730,1
00231[2025-7-25],20250731,1
00231[2025-7-25],20250916,1
00231[2025-7-25],20250917,1
00231[2025-7-25],20250918,1
00231[2025-7-25],20250919,1
00231[2025-7-25],20250922,1
00231[2025-7-25],20250923,1
00231[2025-7-25],20250924,1
00231[2025-7-25],20250925,1
00231[2025-7-25],20250926,1
00301 Ferien,20251103,1
00301 Ferien,20251104,1
00301 Ferien mit Eisl.,20251105,1
00301 Ferien mit Eisl.,20251106,1
00301 Ferien mit Eisl.,20251107,1
00301 Ferien mit Eisl.,20251119,1
00301 SF/WF,20251222,1
00301 SF/WF,20251223,1
00301 SF/WF,20251229,1
00301 SF/WF,20251230,1
00301 SF/WF[2025-8-1],20250801,1
00301 SF/WF[2025-8-1],20250804,1
00301 SF/WF[2025-8-1],20250805,1
00301 SF/WF[2025-8-1],20250806,1
00301 SF/WF[2025-8-1],20250807,1
00301 SF/WF[2025-8-1],20250808,1
00301 SF/WF[2025-8-1],20250811,1
00301 SF/WF[2025-8-1],20250812,1
00301 SF/WF[2025-8-1],20250813,1
00301 SF/WF[2025-8-1],20250814,1
00301 SF/WF[2025-8-1],20250818,1
00301 SF/WF[2025-8-1],20250819,1
00301 SF/WF[2025-8-1],20250820,1
00301 SF/WF[2025-8-1],20250821,1
00301 SF/WF[2025-8-1],20250822,1
00301 SF/WF[2025-8-1],20250825,1
00301 SF/WF[2025-8-1],20250826,1
00301 SF/WF[2025-8-1],20250827,1
00301 SF/WF[2025-8-1],20250828,1
00301 SF/WF[2025-8-1],20250829,1
00301 SF/WF[2025-8-1],20250901,1
00301 SF/WF[2025-8-1],20250902,1
00301 SF/WF[2025-8-1],20250903,1
00301 SF/WF[2025-8-1],20250904,1
00301 SF/WF[2025-8-1],20250905,1
00301 SF/WF[2025-8-1],20250908,1
00301 SF/WF[2025-8-1],20250909,1
00301 SF/WF[2025-8-1],20250910,1
00301 SF/WF[2025-8-1],20250911,1
00301 SF/WF[2025-8-1],20250912,1
00301 SF/WF[2025-8-1],20250915,1
00301 mit Eisl.,20251001,1
00301 mit Eisl.,20251002,1
00301 mit Eisl.,20251008,1
00301 mit Eisl.,20251009,1
00301 mit Eisl.,20251010,1
00301 mit Eisl.,20251015,1
00301 mit Eisl.,20251016,1
00301 mit Eisl.,20251017,1
00301 mit Eisl.,20251022,1
00301 mit Eisl.,20251023,1
00301 mit Eisl.,20251024,1
00301 mit Eisl.,20251029,1
00301 mit Eisl.,20251030,1
00301 mit Eisl.,20251031,1
00301 mit Eisl.,20251112,1
00301 mit Eisl.,20251113,1
00301 mit Eisl.,20251114,1
00301 mit Eisl.,20251120,1
00301 mit Eisl.,20251121,1
00301 mit Eisl.,20251126,1
00301 mit Eisl.,20251127,1
00301 mit Eisl.,20251128,1
00301 mit Eisl.,20251203,1
00301 mit Eisl.,20251204,1
00301 mit Eisl.,20251205,1
00301 mit Eisl.,20251210,1
00301 mit Eisl.,20251211,1
00301 mit Eisl.,20251212,1
00301 mit Eisl.,20251217,1
00301 mit Eisl.,20251218,1
00301 mit Eisl.,20251219,1
00301 ohne Eisl.,20250916,1
00301 ohne Eisl.,20250917,1
00301 ohne Eisl.,20250918,1
00301 ohne Eisl.,20250919,1
00301 ohne Eisl.,20250922,1
00301 ohne Eisl.,20250923,1
00301 ohne Eisl.,20250924,1
00301 ohne Eisl.,20250925,1
00301 ohne Eisl.,20250926,1
00301 ohne Eisl.,20250929,1
00301 ohne Eisl.,20250930,1
00301 ohne Eisl.,20251006,1
00301 ohne Eisl.,20251007,1
00301 ohne Eisl.,20251013,1
00301 ohne Eisl.,20251014,1
00301 ohne Eisl.,20251020,1
00301 ohne Eisl.,20251021,1
00301 ohne Eisl.,20251027,1
00301 ohne Eisl.,20251028,1
00301 ohne Eisl.,20251110,1
00301 ohne Eisl.,20251111,1
00301 ohne Eisl.,20251117,1
00301 ohne Eisl.,20251118,1
00301 ohne Eisl.,20251124,1
00301 ohne Eisl.,20251125,1
00301 ohne Eisl.,20251201,1
00301 ohne Eisl.,20251202,1
00301 ohne Eisl.,20251208,1
00301 ohne Eisl.,20251209,1
00301 ohne Eisl.,20251215,1
00301 ohne Eisl.,20251216,1
00301 ohne Eisl. bis 31.07.25,20250725,1
00301 ohne Eisl. bis 31.07.25,20250728,1
00301 ohne Eisl. bis 31.07.25,20250729,1
00301 ohne Eisl. bis 31.07.25,20250730,1
00301 ohne Eisl. bis 31.07.25,20250731,1
00302,20250929,1
00302,20250930,1
00302,20251001,1
00302,20251002,1
00302,20251006,1
00302,20251007,1
00302,20251008,1
00302,20251009,1
00302,20251010,1
00302,20251013,1
00302,20251014,1
00302,20251015,1
00302,20251016,1
00302,20251017,1
00302,20251020,1
00302,20251021,1
00302,20251022,1
00302,20251023,1
00302,20251024,1
00302,20251027,1
00302,20251028,1
00302,20251029,1
00302,20251030,1
00302,20251031,1
00302,20251103,1
00302,20251104,1
00302,20251105,1
00302,20251106,1
00302,20251107,1
00302,20251110,1
00302,20251111,1
00302,20251112,1
00302,20251113,1
00302,20251114,1
00302,20251117,1
00302,20251118,1
00302,20251119,1
00302,20251120,1
00302,20251121,1
00302,20251124,1
00302,20251125,1
00302,20251126,1
00302,20251127,1
00302,20251128,1
00302,20251201,1
00302,20251202,1
00302,20251203,1
00302,20251204,1
00302,20251205,1
00302,20251208,1
00302,20251209,1
00302,20251210,1
00302,20251211,1
00302,20251212,1
00302,20251215,1
00302,20251216,1
00302,20251217,1
00302,20251218,1
00302,20251219,1
00302 DO SF/WF[2025-8-7],20250807,1
00302 DO SF/WF[2025-8-7],20250821,1
00302 DO SF/WF[2025-8-7],20250828,1
00302 DO SF/WF[2025-8-7],20250904,1
00302 DO SF/WF[2025-8-7],20250911,1
00302 SF/WF,20251222,1
00302 SF/WF,20251223,1
00302 SF/WF,20251229,1
00302 SF/WF,20251230,1
00302 SF/WF[2025-8-1],20250801,1
00302 SF/WF[2025-8-1],20250804,1
00302 SF/WF[2025-8-1],20250805,1
00302 SF/WF[2025-8-1],20250806,1
00302 SF/WF[2025-8-1],20250808,1
00302 SF/WF[2025-8-1],20250811,1
00302 SF/WF[2025-8-1],20250812,1
00302 SF/WF[2025-8-1],20250813,1
00302 SF/WF[2025-8-1],20250814,1
00302 SF/WF[2025-8-1],20250818,1
00302 SF/WF[2025-8-1],20250819,1
00302 SF/WF[2025-8-1],20250820,1
00302 SF/WF[2025-8-1],20250822,1
00302 SF/WF[2025-8-1],20250825,1
00302 SF/WF[2025-8-1],20250826,1
00302 SF/WF[2025-8-1],20250827,1
00302 SF/WF[2025-8-1],20250829,1
00302 SF/WF[2025-8-1],20250901,1
00302 SF/WF[2025-8-1],20250902,1
00302 SF/WF[2025-8-1],20250903,1
00302 SF/WF[2025-8-1],20250905,1
00302 SF/WF[2025-8-1],20250908,1
00302 SF/WF[2025-8-1],20250909,1
00302 SF/WF[2025-8-1],20250910,1
00302 SF/WF[2025-8-1],20250912,1
00302 SF/WF[2025-8-1],20250915,1
00302[2025-7-25],20250725,1
00302[2025-7-25],20250728,1
00302[2025-7-25],20250729,1
00302[2025-7-25],20250730,1
00302[2025-7-25],20250731,1
00302[2025-7-25],20250916,1
00302[2025-7-25],20250917,1
00302[2025-7-25],20250918,1
00302[2025-7-25],20250919,1
00302[2025-7-25],20250922,1
00302[2025-7-25],20250923,1
00302[2025-7-25],20250924,1
00302[2025-7-25],20250925,1
00302[2025-7-25],20250926,1
00303 Ferien,20251103,1
00303 Ferien,20251104,1
00303 Ferien,20251105,1
00303 Ferien,20251106,1
00303 Ferien,20251107,1
00303 Ferien,20251119,1
00303 SF/WF,20251222,1
00303 SF/WF,20251223,1
00303 SF/WF,20251229,1
00303 SF/WF,20251230,1
00303 SF/WF[2025-8-1],20250801,1
00303 SF/WF[2025-8-1],20250804,1
00303 SF/WF[2025-8-1],20250805,1
00303 SF/WF[2025-8-1],20250806,1
00303 SF/WF[2025-8-1],20250807,1
00303 SF/WF[2025-8-1],20250808,1
00303 SF/WF[2025-8-1],20250811,1
00303 SF/WF[2025-8-1],20250812,1
00303 SF/WF[2025-8-1],20250813,1
00303 SF/WF[2025-8-1],20250814,1
00303 SF/WF[2025-8-1],20250818,1
00303 SF/WF[2025-8-1],20250819,1
00303 SF/WF[2025-8-1],20250820,1
00303 SF/WF[2025-8-1],20250821,1
00303 SF/WF[2025-8-1],20250822,1
00303 SF/WF[2025-8-1],20250825,1
00303 SF/WF[2025-8-1],20250826,1
00303 SF/WF[2025-8-1],20250827,1
00303 SF/WF[2025-8-1],20250828,1
00303 SF/WF[2025-8-1],20250829,1
00303 SF/WF[2025-8-1],20250901,1
00303 SF/WF[2025-8-1],20250902,1
00303 SF/WF[2025-8-1],20250903,1
00303 SF/WF[2025-8-1],20250904,1
00303 SF/WF[2025-8-1],20250905,1
00303 SF/WF[2025-8-1],20250908,1
00303 SF/WF[2025-8-1],20250909,1
00303 SF/WF[2025-8-1],20250910,1
00303 SF/WF[2025-8-1],20250911,1
00303 SF/WF[2025-8-1],20250912,1
00303 SF/WF[2025-8-1],20250915,1
00304 DO SF/WF[2025-8-7],20250807,1
00304 DO SF/WF[2025-8-7],20250821,1
00304 DO SF/WF[2025-8-7],20250828,1
00304 DO SF/WF[2025-8-7],20250904,1
00304 DO SF/WF[2025-8-7],20250911,1
00304 SF/WF,20251222,1
00304 SF/WF,20251223,1
00304 SF/WF,20251229,1
00304 SF/WF,20251230,1
00304 SF/WF[2025-8-1],20250801,1
00304 SF/WF[2025-8-1],20250804,1
00304 SF/WF[2025-8-1],20250805,1
00304 SF/WF[2025-8-1],20250806,1
00304 SF/WF[2025-8-1],20250808,1
00304 SF/WF[2025-8-1],20250811,1
00304 SF/WF[2025-8-1],20250812,1
00304 SF/WF[2025-8-1],20250813,1
00304 SF/WF[2025-8-1],20250814,1
00304 SF/WF[2025-8-1],20250818,1
00304 SF/WF[2025-8-1],20250819,1
00304 SF/WF[2025-8-1],20250820,1
00304 SF/WF[2025-8-1],20250822,1
00304 SF/WF[2025-8-1],20250825,1
00304 SF/WF[2025-8-1],20250826,1
00304 SF/WF[2025-8-1],20250827,1
00304 SF/WF[2025-8-1],20250829,1
00304 SF/WF[2025-8-1],20250901,1
00304 SF/WF[2025-8-1],20250902,1
00304 SF/WF[2025-8-1],20250903,1
00304 SF/WF[2025-8-1],20250905,1
00304 SF/WF[2025-8-1],20250908,1
00304 SF/WF[2025-8-1],20250909,1
00304 SF/WF[2025-8-1],20250910,1
00304 SF/WF[2025-8-1],20250912,1
00304 SF/WF[2025-8-1],20250915,1
00305 SF/WF,20250801,1
00305 SF/WF,20250804,1
00305 SF/WF,20250805,1
00305 SF/WF,20250806,1
00305 SF/WF,20250807,1
00305 SF/WF,20250808,1
00305 SF/WF,20250811,1
00305 SF/WF,20250812,1
00305 SF/WF,20250813,1
00305 SF/WF,20250814,1
00305 SF/WF,20250818,1
00305 SF/WF,20250819,1
00305 SF/WF,20250820,1
00305 SF/WF,20250821,1
00305 SF/WF,20250822,1
00305 SF/WF,20250825,1
00305 SF/WF,20250826,1
00305 SF/WF,20250827,1
00305 SF/WF,20250828,1
00305 SF/WF,20250829,1
00305 SF/WF,20250901,1
00305 SF/WF,20250902,1
00305 SF/WF,20250903,1
00305 SF/WF,20250904,1
00305 SF/WF,20250905,1
00305 SF/WF,20250908,1
00305 SF/WF,20250909,1
00305 SF/WF,20250910,1
00305 SF/WF,20250911,1
00305 SF/WF,20250912,1
00305 SF/WF,20250915,1
00305 SF/WF,20251222,1
00305 SF/WF,20251223,1
00305 SF/WF,20251229,1
00305 SF/WF,20251230,1
00307 SF/WF,20251222,1
00307 SF/WF,20251223,1
00307 SF/WF,20251229,1
00307 SF/WF,20251230,1
00307 SF/WF[2025-8-1],20250801,1
00307 SF/WF[2025-8-1],20250804,1
00307 SF/WF[2025-8-1],20250805,1
00307 SF/WF[2025-8-1],20250806,1
00307 SF/WF[2025-8-1],20250807,1
00307 SF/WF[2025-8-1],20250808,1
00307 SF/WF[2025-8-1],20250811,1
00307 SF/WF[2025-8-1],20250812,1
00307 SF/WF[2025-8-1],20250813,1
00307 SF/WF[2025-8-1],20250814,1
00307 SF/WF[2025-8-1],20250818,1
00307 SF/WF[2025-8-1],20250819,1
00307 SF/WF[2025-8-1],20250820,1
00307 SF/WF[2025-8-1],20250821,1
00307 SF/WF[2025-8-1],20250822,1
00307 SF/WF[2025-8-1],20250825,1
00307 SF/WF[2025-8-1],20250826,1
00307 SF/WF[2025-8-1],20250827,1
00307 SF/WF[2025-8-1],20250828,1
00307 SF/WF[2025-8-1],20250829,1
00307 SF/WF[2025-8-1],20250901,1
00307 SF/WF[2025-8-1],20250902,1
00307 SF/WF[2025-8-1],20250903,1
00307 SF/WF[2025-8-1],20250904,1
00307 SF/WF[2025-8-1],20250905,1
00307 SF/WF[2025-8-1],20250908,1
00307 SF/WF[2025-8-1],20250909,1
00307 SF/WF[2025-8-1],20250910,1
00307 SF/WF[2025-8-1],20250911,1
00307 SF/WF[2025-8-1],20250912,1
00307 SF/WF[2025-8-1],20250915,1
00308,20250929,1
00308,20250930,1
00308,20251001,1
00308,20251002,1
00308,20251006,1
00308,20251007,1
00308,20251008,1
00308,20251009,1
00308,20251010,1
00308,20251013,1
00308,20251014,1
00308,20251015,1
00308,20251016,1
00308,20251017,1
00308,20251020,1
00308,20251021,1
00308,20251022,1
00308,20251023,1
00308,20251024,1
00308,20251027,1
00308,20251028,1
00308,20251029,1
00308,20251030,1
00308,20251031,1
00308,20251103,1
00308,20251104,1
00308,20251105,1
00308,20251106,1
00308,20251107,1
00308,20251110,1
00308,20251111,1
00308,20251112,1
00308,20251113,1
00308,20251114,1
00308,20251117,1
00308,20251118,1
00308,20251119,1
00308,20251120,1
00308,20251121,1
00308,20251124,1
00308,20251125,1
00308,20251126,1
00308,20251127,1
00308,20251128,1
00308,20251201,1
00308,20251202,1
00308,20251203,1
00308,20251204,1
00308,20251205,1
00308,20251208,1
00308,20251209,1
00308,20251210,1
00308,20251211,1
00308,20251212,1
00308,20251215,1
00308,20251216,1
00308,20251217,1
00308,20251218,1
00308,20251219,1
00308[2025-7-25],20250725,1
00308[2025-7-25],20250728,1
00308[2025-7-25],20250729,1
00308[2025-7-25],20250730,1
00308[2025-7-25],20250731,1
00308[2025-7-25],20250916,1
00308[2025-7-25],20250917,1
00308[2025-7-25],20250918,1
00308[2025-7-25],20250919,1
00308[2025-7-25],20250922,1
00308[2025-7-25],20250923,1
00308[2025-7-25],20250924,1
00308[2025-7-25],20250925,1
00308[2025-7-25],20250926,1
00310 SF/WF,20251222,1
00310 SF/WF,20251223,1
00310 SF/WF,20251229,1
00310 SF/WF,20251230,1
00310 SF/WF bis 15.09.25[2025-8-1],20250801,1
00310 SF/WF bis 15.09.25[2025-8-1],20250804,1
00310 SF/WF bis 15.09.25[2025-8-1],20250805,1
00310 SF/WF bis 15.09.25[2025-8-1],20250806,1
00310 SF/WF bis 15.09.25[2025-8-1],20250807,1
00310 SF/WF bis 15.09.25[2025-8-1],20250808,1
00310 SF/WF bis 15.09.25[2025-8-1],20250811,1
00310 SF/WF bis 15.09.25[2025-8-1],20250812,1
00310 SF/WF bis 15.09.25[2025-8-1],20250813,1
00310 SF/WF bis 15.09.25[2025-8-1],20250814,1
00310 SF/WF bis 15.09.25[2025-8-1],20250818,1
00310 SF/WF bis 15.09.25[2025-8-1],20250819,1
00310 SF/WF bis 15.09.25[2025-8-1],20250820,1
00310 SF/WF bis 15.09.25[2025-8-1],20250821,1
00310 SF/WF bis 15.09.25[2025-8-1],20250822,1
00310 SF/WF bis 15.09.25[2025-8-1],20250825,1
00310 SF/WF bis 15.09.25[2025-8-1],20250826,1
00310 SF/WF bis 15.09.25[2025-8-1],20250827,1
00310 SF/WF bis 15.09.25[2025-8-1],20250828,1
00310 SF/WF bis 15.09.25[2025-8-1],20250829,1
00310 SF/WF bis 15.09.25[2025-8-1],20250901,1
00310 SF/WF bis 15.09.25[2025-8-1],20250902,1
00310 SF/WF bis 15.09.25[2025-8-1],20250903,1
00310 SF/WF bis 15.09.25[2025-8-1],20250904,1
00310 SF/WF bis 15.09.25[2025-8-1],20250905,1
00310 SF/WF bis 15.09.25[2025-8-1],20250908,1
00310 SF/WF bis 15.09.25[2025-8-1],20250909,1
00310 SF/WF bis 15.09.25[2025-8-1],20250910,1
00310 SF/WF bis 15.09.25[2025-8-1],20250911,1
00310 SF/WF bis 15.09.25[2025-8-1],20250912,1
00310 SF/WF bis 15.09.25[2025-8-1],20250915,1
00311 (U-FR) mit Eisl.,20251017,1
00311 (U-FR) mit Eisl.,20251024,1
00311 (U-FR) mit Eisl.,20251031,1
00311 (U-FR) mit Eisl.,20251114,1
00311 (U-FR) mit Eisl.,20251121,1
00311 (U-FR) mit Eisl.,20251128,1
00311 (U-FR) mit Eisl.,20251205,1
00311 (U-FR) mit Eisl.,20251212,1
00311 (U-FR) mit Eisl.,20251219,1
00311 (U-FR)[2025-7-25],20250725,1
00311 (U-MD),20251013,1
00311 (U-MD),20251014,1
00311 (U-MD),20251015,1
00311 (U-MD),20251016,1
00311 (U-MD),20251020,1
00311 (U-MD),20251021,1
00311 (U-MD),20251022,1
00311 (U-MD),20251023,1
00311 (U-MD),20251027,1
00311 (U-MD),20251028,1
00311 (U-MD),20251029,1
00311 (U-MD),20251030,1
00311 (U-MD),20251110,1
00311 (U-MD),20251111,1
00311 (U-MD),20251112,1
00311 (U-MD),20251113,1
00311 (U-MD),20251117,1
00311 (U-MD),20251118,1
00311 (U-MD),20251120,1
00311 (U-MD),20251124,1
00311 (U-MD),20251125,1
00311 (U-MD),20251126,1
00311 (U-MD),20251127,1
00311 (U-MD),20251201,1
00311 (U-MD),20251202,1
00311 (U-MD),20251203,1
00311 (U-MD),20251204,1
00311 (U-MD),20251208,1
00311 (U-MD),20251209,1
00311 (U-MD),20251210,1
00311 (U-MD),20251211,1
00311 (U-MD),20251215,1
00311 (U-MD),20251216,1
00311 (U-MD),20251217,1
00311 (U-MD),20251218,1
00311 FR,20250731,1
00311 FR,20250919,1
00311 FR,20250926,1
00311 FR,20251001,1
00311 FR,20251002,1
00311 FR,20251006,1
00311 FR,20251007,1
00311 FR,20251008,1
00311 FR,20251009,1
00311 FR,20251010,1
00311 MD,20250916,1
00311 MD,20250917,1
00311 MD,20250918,1
00311 MD,20250922,1
00311 MD,20250923,1
00311 MD,20250924,1
00311 MD,20250925,1
00311 MD,20250929,1
00311 MD,20250930,1
00311 MD bis 30.07.25,20250728,1
00311 MD bis 30.07.25,20250729,1
00311 MD bis 30.07.25,20250730,1
00312 (U-FR),20250725,1
00312 (U-FR),20251017,1
00312 (U-FR),20251024,1
00312 (U-FR),20251031,1
00312 (U-FR),20251114,1
00312 (U-FR),20251121,1
00312 (U-FR),20251128,1
00312 (U-FR),20251205,1
00312 (U-FR),20251212,1
00312 (U-FR),20251219,1
00312 (U-MD),20251013,1
00312 (U-MD),20251014,1
00312 (U-MD),20251015,1
00312 (U-MD),20251016,1
00312 (U-MD),20251020,1
00312 (U-MD),20251021,1
00312 (U-MD),20251022,1
00312 (U-MD),20251023,1
00312 (U-MD),20251027,1
00312 (U-MD),20251028,1
00312 (U-MD),20251029,1
00312 (U-MD),20251030,1
00312 (U-MD),20251110,1
00312 (U-MD),20251111,1
00312 (U-MD),20251112,1
00312 (U-MD),20251113,1
00312 (U-MD),20251117,1
00312 (U-MD),20251118,1
00312 (U-MD),20251120,1
00312 (U-MD),20251124,1
00312 (U-MD),20251125,1
00312 (U-MD),20251126,1
00312 (U-MD),20251127,1
00312 (U-MD),20251201,1
00312 (U-MD),20251202,1
00312 (U-MD),20251203,1
00312 (U-MD),20251204,1
00312 (U-MD),20251208,1
00312 (U-MD),20251209,1
00312 (U-MD),20251210,1
00312 (U-MD),20251211,1
00312 (U-MD),20251215,1
00312 (U-MD),20251216,1
00312 (U-MD),20251217,1
00312 (U-MD),20251218,1
00312 MF,20250929,1
00312 MF,20250930,1
00312 MF[2025-7-28],20250728,1
00312 MF[2025-7-28],20250729,1
00312 MF[2025-7-28],20250730,1
00312 MF[2025-7-28],20250731,1
00312 MF[2025-7-28],20250916,1
00312 MF[2025-7-28],20250917,1
00312 MF[2025-7-28],20250918,1
00312 MF[2025-7-28],20250919,1
00312 MF[2025-7-28],20250922,1
00312 MF[2025-7-28],20250923,1
00312 MF[2025-7-28],20250924,1
00312 MF[2025-7-28],20250925,1
00312 MF[2025-7-28],20250926,1
00318 SF/WF,20251222,1
00318 SF/WF,20251223,1
00318 SF/WF,20251229,1
00318 SF/WF,20251230,1
00318 SF/WF[2025-8-1],20250801,1
00318 SF/WF[2025-8-1],20250804,1
00318 SF/WF[2025-8-1],20250805,1
00318 SF/WF[2025-8-1],20250806,1
00318 SF/WF[2025-8-1],20250807,1
00318 SF/WF[2025-8-1],20250808,1
00318 SF/WF[2025-8-1],20250811,1
00318 SF/WF[2025-8-1],20250812,1
00318 SF/WF[2025-8-1],20250813,1
00318 SF/WF[2025-8-1],20250814,1
00318 SF/WF[2025-8-1],20250818,1
00318 SF/WF[2025-8-1],20250819,1
00318 SF/WF[2025-8-1],20250820,1
00318 SF/WF[2025-8-1],20250821,1
00318 SF/WF[2025-8-1],20250822,1
00318 SF/WF[2025-8-1],20250825,1
00318 SF/WF[2025-8-1],20250826,1
00318 SF/WF[2025-8-1],20250827,1
00318 SF/WF[2025-8-1],20250828,1
00318 SF/WF[2025-8-1],20250829,1
00318 SF/WF[2025-8-1],20250901,1
00318 SF/WF[2025-8-1],20250902,1
00318 SF/WF[2025-8-1],20250903,1
00318 SF/WF[2025-8-1],20250904,1
00318 SF/WF[2025-8-1],20250905,1
00318 SF/WF[2025-8-1],20250908,1
00318 SF/WF[2025-8-1],20250909,1
00318 SF/WF[2025-8-1],20250910,1
00318 SF/WF[2025-8-1],20250911,1
00318 SF/WF[2025-8-1],20250912,1
00318 SF/WF[2025-8-1],20250915,1
00320[2025-7-24],20250725,1
00320[2025-7-24],20250728,1
00320[2025-7-24],20250729,1
00320[2025-7-24],20250730,1
00320[2025-7-24],20250731,1
00320[2025-7-24],20250916,1
00320[2025-7-24],20250917,1
00320[2025-7-24],20250918,1
00320[2025-7-24],20250919,1
00320[2025-7-24],20250922,1
00320[2025-7-24],20250923,1
00320[2025-7-24],20250924,1
00320[2025-7-24],20250925,1
00320[2025-7-24],20250926,1
00320[2025-7-24],20250929,1
00320[2025-7-24],20250930,1
00320[2025-7-24],20251001,1
00320[2025-7-24],20251002,1
00320[2025-7-24],20251006,1
00320[2025-7-24],20251007,1
00320[2025-7-24],20251008,1
00320[2025-7-24],20251009,1
00320[2025-7-24],20251010,1
00320[2025-7-24],20251013,1
00320[2025-7-24],20251014,1
00320[2025-7-24],20251015,1
00320[2025-7-24],20251016,1
00320[2025-7-24],20251017,1
00320[2025-7-24],20251020,1
00320[2025-7-24],20251021,1
00320[2025-7-24],20251022,1
00320[2025-7-24],20251023,1
00320[2025-7-24],20251024,1
00320[2025-7-24],20251027,1
00320[2025-7-24],20251028,1
00320[2025-7-24],20251029,1
00320[2025-7-24],20251030,1
00320[2025-7-24],20251031,1
00320[2025-7-24],20251110,1
00320[2025-7-24],20251111,1
00320[2025-7-24],20251112,1
00320[2025-7-24],20251113,1
00320[2025-7-24],20251114,1
00320[2025-7-24],20251117,1
00320[2025-7-24],20251118,1
00320[2025-7-24],20251120,1
00320[2025-7-24],20251121,1
00320[2025-7-24],20251124,1
00320[2025-7-24],20251125,1
00320[2025-7-24],20251126,1
00320[2025-7-24],20251127,1
00320[2025-7-24],20251128,1
00320[2025-7-24],20251201,1
00320[2025-7-24],20251202,1
00320[2025-7-24],20251203,1
00320[2025-7-24],20251204,1
00320[2025-7-24],20251205,1
00320[2025-7-24],20251208,1
00320[2025-7-24],20251209,1
00320[2025-7-24],20251210,1
00320[2025-7-24],20251211,1
00320[2025-7-24],20251212,1
00320[2025-7-24],20251215,1
00320[2025-7-24],20251216,1
00320[2025-7-24],20251217,1
00320[2025-7-24],20251218,1
00320[2025-7-24],20251219,1
00321,20250929,1
00321,20250930,1
00321,20251001,1
00321,20251002,1
00321,20251006,1
00321,20251007,1
00321,20251008,1
00321,20251009,1
00321,20251010,1
00321,20251013,1
00321,20251014,1
00321,20251015,1
00321,20251016,1
00321,20251017,1
00321,20251020,1
00321,20251021,1
00321,20251022,1
00321,20251023,1
00321,20251024,1
00321,20251027,1
00321,20251028,1
00321,20251029,1
00321,20251030,1
00321,20251031,1
00321,20251110,1
00321,20251111,1
00321,20251112,1
00321,20251113,1
00321,20251114,1
00321,20251117,1
00321,20251118,1
00321,20251120,1
00321,20251121,1
00321,20251124,1
00321,20251125,1
00321,20251126,1
00321,20251127,1
00321,20251128,1
00321,20251201,1
00321,20251202,1
00321,20251203,1
00321,20251204,1
00321,20251205,1
00321,20251208,1
00321,20251209,1
00321,20251210,1
00321,20251211,1
00321,20251212,1
00321,20251215,1
00321,20251216,1
00321,20251217,1
00321,20251218,1
00321,20251219,1
00321 Ferien (U-FR),20251107,1
00321 Ferien (U-MD),20251103,1
00321 Ferien (U-MD),20251104,1
00321 Ferien (U-MD),20251105,1
00321 Ferien (U-MD),20251106,1
00321 Ferien (U-MD),20251119,1
00321[2025-7-25],20250725,1
00321[2025-7-25],20250728,1
00321[2025-7-25],20250729,1
00321[2025-7-25],20250730,1
00321[2025-7-25],20250731,1
00321[2025-7-25],20250916,1
00321[2025-7-25],20250917,1
00321[2025-7-25],20250918,1
00321[2025-7-25],20250919,1
00321[2025-7-25],20250922,1
00321[2025-7-25],20250923,1
00321[2025-7-25],20250924,1
00321[2025-7-25],20250925,1
00321[2025-7-25],20250926,1
00322,20250929,1
00322,20250930,1
00322,20251001,1
00322,20251002,1
00322,20251006,1
00322,20251007,1
00322,20251008,1
00322,20251009,1
00322,20251010,1
00322,20251013,1
00322,20251014,1
00322,20251015,1
00322,20251016,1
00322,20251017,1
00322,20251020,1
00322,20251021,1
00322,20251022,1
00322,20251023,1
00322,20251024,1
00322,20251027,1
00322,20251028,1
00322,20251029,1
00322,20251030,1
00322,20251031,1
00322,20251103,1
00322,20251104,1
00322,20251105,1
00322,20251106,1
00322,20251107,1
00322,20251110,1
00322,20251111,1
00322,20251112,1
00322,20251113,1
00322,20251114,1
00322,20251117,1
00322,20251118,1
00322,20251119,1
00322,20251120,1
00322,20251121,1
00322,20251124,1
00322,20251125,1
00322,20251126,1
00322,20251127,1
00322,20251128,1
00322,20251201,1
00322,20251202,1
00322,20251203,1
00322,20251204,1
00322,20251205,1
00322,20251208,1
00322,20251209,1
00322,20251210,1
00322,20251211,1
00322,20251212,1
00322,20251215,1
00322,20251216,1
00322,20251217,1
00322,20251218,1
00322,20251219,1
00322[2025-7-25],20250725,1
00322[2025-7-25],20250728,1
00322[2025-7-25],20250729,1
00322[2025-7-25],20250730,1
00322[2025-7-25],20250731,1
00322[2025-7-25],20250916,1
00322[2025-7-25],20250917,1
00322[2025-7-25],20250918,1
00322[2025-7-25],20250919,1
00322[2025-7-25],20250922,1
00322[2025-7-25],20250923,1
00322[2025-7-25],20250924,1
00322[2025-7-25],20250925,1
00322[2025-7-25],20250926,1
00326 FR (nur C6),20251010,1
00326 MD (nur C6),20251001,1
00326 MD (nur C6),20251002,1
00326 MD (nur C6),20251006,1
00326 MD (nur C6),20251007,1
00326 MD (nur C6),20251008,1
00326 MD (nur C6),20251009,1
00354 FR,20251010,1
00354 FR,20251017,1
00354 FR,20251024,1
00354 FR,20251031,1
00354 FR,20251107,1
00354 FR,20251114,1
00354 FR,20251121,1
00354 FR,20251128,1
00354 FR,20251205,1
00354 FR,20251212,1
00354 FR,20251219,1
00354 FR[2025-7-25],20250725,1
00354 FR[2025-7-25],20250801,1
00354 FR[2025-7-25],20250808,1
00354 FR[2025-7-25],20250822,1
00354 FR[2025-7-25],20250829,1
00354 FR[2025-7-25],20250905,1
00354 FR[2025-7-25],20250912,1
00354 FR[2025-7-25],20250919,1
00354 FR[2025-7-25],20250926,1
00406 (U-MD),20251013,1
00406 (U-MD),20251014,1
00406 (U-MD),20251015,1
00406 (U-MD),20251016,1
00406 (U-MD),20251020,1
00406 (U-MD),20251021,1
00406 (U-MD),20251022,1
00406 (U-MD),20251023,1
00406 (U-MD),20251027,1
00406 (U-MD),20251028,1
00406 (U-MD),20251029,1
00406 (U-MD),20251030,1
00406 (U-MD),20251110,1
00406 (U-MD),20251111,1
00406 (U-MD),20251112,1
00406 (U-MD),20251113,1
00406 (U-MD),20251117,1
00406 (U-MD),20251118,1
00406 (U-MD),20251120,1
00406 (U-MD),20251124,1
00406 (U-MD),20251125,1
00406 (U-MD),20251126,1
00406 (U-MD),20251127,1
00406 (U-MD),20251201,1
00406 (U-MD),20251202,1
00406 (U-MD),20251203,1
00406 (U-MD),20251204,1
00406 (U-MD),20251208,1
00406 (U-MD),20251209,1
00406 (U-MD),20251210,1
00406 (U-MD),20251211,1
00406 (U-MD),20251215,1
00406 (U-MD),20251216,1
00406 (U-MD),20251217,1
00406 (U-MD),20251218,1
00409 SF/WF,20251222,1
00409 SF/WF,20251223,1
00409 SF/WF,20251229,1
00409 SF/WF,20251230,1
00409 SF/WF[2025-8-1],20250801,1
00409 SF/WF[2025-8-1],20250804,1
00409 SF/WF[2025-8-1],20250805,1
00409 SF/WF[2025-8-1],20250806,1
00409 SF/WF[2025-8-1],20250807,1
00409 SF/WF[2025-8-1],20250808,1
00409 SF/WF[2025-8-1],20250811,1
00409 SF/WF[2025-8-1],20250812,1
00409 SF/WF[2025-8-1],20250813,1
00409 SF/WF[2025-8-1],20250814,1
00409 SF/WF[2025-8-1],20250818,1
00409 SF/WF[2025-8-1],20250819,1
00409 SF/WF[2025-8-1],20250820,1
00409 SF/WF[2025-8-1],20250821,1
00409 SF/WF[2025-8-1],20250822,1
00409 SF/WF[2025-8-1],20250825,1
00409 SF/WF[2025-8-1],20250826,1
00409 SF/WF[2025-8-1],20250827,1
00409 SF/WF[2025-8-1],20250828,1
00409 SF/WF[2025-8-1],20250829,1
00409 SF/WF[2025-8-1],20250901,1
00409 SF/WF[2025-8-1],20250902,1
00409 SF/WF[2025-8-1],20250903,1
00409 SF/WF[2025-8-1],20250904,1
00409 SF/WF[2025-8-1],20250905,1
00409 SF/WF[2025-8-1],20250908,1
00409 SF/WF[2025-8-1],20250909,1
00409 SF/WF[2025-8-1],20250910,1
00409 SF/WF[2025-8-1],20250911,1
00409 SF/WF[2025-8-1],20250912,1
00409 SF/WF[2025-8-1],20250915,1
00411 SF/WF,20251222,1
00411 SF/WF,20251223,1
00411 SF/WF,20251229,1
00411 SF/WF,20251230,1
00411 SF/WF[2025-8-1],20250801,1
00411 SF/WF[2025-8-1],20250804,1
00411 SF/WF[2025-8-1],20250805,1
00411 SF/WF[2025-8-1],20250806,1
00411 SF/WF[2025-8-1],20250807,1
00411 SF/WF[2025-8-1],20250808,1
00411 SF/WF[2025-8-1],20250811,1
00411 SF/WF[2025-8-1],20250812,1
00411 SF/WF[2025-8-1],20250813,1
00411 SF/WF[2025-8-1],20250814,1
00411 SF/WF[2025-8-1],20250818,1
00411 SF/WF[2025-8-1],20250819,1
00411 SF/WF[2025-8-1],20250820,1
00411 SF/WF[2025-8-1],20250821,1
00411 SF/WF[2025-8-1],20250822,1
00411 SF/WF[2025-8-1],20250825,1
00411 SF/WF[2025-8-1],20250826,1
00411 SF/WF[2025-8-1],20250827,1
00411 SF/WF[2025-8-1],20250828,1
00411 SF/WF[2025-8-1],20250829,1
00411 SF/WF[2025-8-1],20250901,1
00411 SF/WF[2025-8-1],20250902,1
00411 SF/WF[2025-8-1],20250903,1
00411 SF/WF[2025-8-1],20250904,1
00411 SF/WF[2025-8-1],20250905,1
00411 SF/WF[2025-8-1],20250908,1
00411 SF/WF[2025-8-1],20250909,1
00411 SF/WF[2025-8-1],20250910,1
00411 SF/WF[2025-8-1],20250911,1
00411 SF/WF[2025-8-1],20250912,1
00411 SF/WF[2025-8-1],20250915,1
00412,20250929,1
00412,20250930,1
00412,20251001,1
00412,20251002,1
00412,20251006,1
00412,20251007,1
00412,20251008,1
00412,20251009,1
00412,20251010,1
00412,20251013,1
00412,20251014,1
00412,20251015,1
00412,20251016,1
00412,20251017,1
00412,20251020,1
00412,20251021,1
00412,20251022,1
00412,20251023,1
00412,20251024,1
00412,20251027,1
00412,20251028,1
00412,20251029,1
00412,20251030,1
00412,20251031,1
00412,20251110,1
00412,20251111,1
00412,20251112,1
00412,20251113,1
00412,20251114,1
00412,20251117,1
00412,20251118,1
00412,20251120,1
00412,20251121,1
00412,20251124,1
00412,20251125,1
00412,20251126,1
00412,20251127,1
00412,20251128,1
00412,20251201,1
00412,20251202,1
00412,20251203,1
00412,20251204,1
00412,20251205,1
00412,20251208,1
00412,20251209,1
00412,20251210,1
00412,20251211,1
00412,20251212,1
00412,20251215,1
00412,20251216,1
00412,20251217,1
00412,20251218,1
00412,20251219,1
00412[2025-7-25],20250725,1
00412[2025-7-25],20250728,1
00412[2025-7-25],20250729,1
00412[2025-7-25],20250730,1
00412[2025-7-25],20250731,1
00412[2025-7-25],20250916,1
00412[2025-7-25],20250917,1
00412[2025-7-25],20250918,1
00412[2025-7-25],20250919,1
00412[2025-7-25],20250922,1
00412[2025-7-25],20250923,1
00412[2025-7-25],20250924,1
00412[2025-7-25],20250925,1
00412[2025-7-25],20250926,1
00413,20250929,1
00413,20250930,1
00413,20251006,1
00413,20251007,1
00413,20251010,1
00413,20251017,1
00413,20251024,1
00413,20251031,1
00413,20251114,1
00413,20251121,1
00413,20251128,1
00413,20251205,1
00413,20251212,1
00413,20251219,1
00413 (U-DO),20251016,1
00413 (U-DO),20251023,1
00413 (U-DO),20251030,1
00413 (U-DO),20251113,1
00413 (U-DO),20251120,1
00413 (U-DO),20251127,1
00413 (U-DO),20251204,1
00413 (U-DO),20251211,1
00413 (U-DO),20251218,1
00413 (U-MM),20251013,1
00413 (U-MM),20251014,1
00413 (U-MM),20251015,1
00413 (U-MM),20251020,1
00413 (U-MM),20251021,1
00413 (U-MM),20251022,1
00413 (U-MM),20251027,1
00413 (U-MM),20251028,1
00413 (U-MM),20251029,1
00413 (U-MM),20251110,1
00413 (U-MM),20251111,1
00413 (U-MM),20251112,1
00413 (U-MM),20251117,1
00413 (U-MM),20251118,1
00413 (U-MM),20251124,1
00413 (U-MM),20251125,1
00413 (U-MM),20251126,1
00413 (U-MM),20251201,1
00413 (U-MM),20251202,1
00413 (U-MM),20251203,1
00413 (U-MM),20251208,1
00413 (U-MM),20251209,1
00413 (U-MM),20251210,1
00413 (U-MM),20251215,1
00413 (U-MM),20251216,1
00413 (U-MM),20251217,1
00413 Ferien (U-FR),20251107,1
00413 Ferien (U-MD),20251103,1
00413 Ferien (U-MD),20251104,1
00413 Ferien (U-MD),20251105,1
00413 Ferien (U-MD),20251106,1
00413 Ferien (U-MD),20251119,1
00413 MiDo mit Eisl.,20251001,1
00413 MiDo mit Eisl.,20251002,1
00413 MiDo mit Eisl.,20251008,1
00413 MiDo mit Eisl.,20251009,1
00413 bis 31.07.25[2025-7-25],20250725,1
00413 bis 31.07.25[2025-7-25],20250728,1
00413 bis 31.07.25[2025-7-25],20250729,1
00413 bis 31.07.25[2025-7-25],20250730,1
00413 bis 31.07.25[2025-7-25],20250731,1
00413[2025-9-16],20250916,1
00413[2025-9-16],20250917,1
00413[2025-9-16],20250918,1
00413[2025-9-16],20250919,1
00413[2025-9-16],20250922,1
00413[2025-9-16],20250923,1
00413[2025-9-16],20250924,1
00413[2025-9-16],20250925,1
00413[2025-9-16],20250926,1
00424,20250929,1
00424,20250930,1
00424,20251001,1
00424,20251002,1
00424,20251006,1
00424,20251007,1
00424,20251008,1
00424,20251009,1
00424,20251010,1
00424,20251013,1
00424,20251014,1
00424,20251015,1
00424,20251016,1
00424,20251017,1
00424,20251020,1
00424,20251021,1
00424,20251022,1
00424,20251023,1
00424,20251024,1
00424,20251027,1
00424,20251028,1
00424,20251029,1
00424,20251030,1
00424,20251031,1
00424,20251110,1
00424,20251111,1
00424,20251112,1
00424,20251113,1
00424,20251114,1
00424,20251117,1
00424,20251118,1
00424,20251120,1
00424,20251121,1
00424,20251124,1
00424,20251125,1
00424,20251126,1
00424,20251127,1
00424,20251128,1
00424,20251201,1
00424,20251202,1
00424,20251203,1
00424,20251204,1
00424,20251205,1
00424,20251208,1
00424,20251209,1
00424,20251210,1
00424,20251211,1
00424,20251212,1
00424,20251215,1
00424,20251216,1
00424,20251217,1
00424,20251218,1
00424,20251219,1
00424 Ferien,20251103,1
00424 Ferien,20251104,1
00424 Ferien,20251105,1
00424 Ferien,20251106,1
00424 Ferien,20251107,1
00424 Ferien,20251119,1
00424[2025-7-25],20250725,1
00424[2025-7-25],20250728,1
00424[2025-7-25],20250729,1
00424[2025-7-25],20250730,1
00424[2025-7-25],20250731,1
00424[2025-7-25],20250916,1
00424[2025-7-25],20250917,1
00424[2025-7-25],20250918,1
00424[2025-7-25],20250919,1
00424[2025-7-25],20250922,1
00424[2025-7-25],20250923,1
00424[2025-7-25],20250924,1
00424[2025-7-25],20250925,1
00424[2025-7-25],20250926,1
00441,20250929,1
00441,20250930,1
00441,20251001,1
00441,20251002,1
00441,20251006,1
00441,20251007,1
00441,20251008,1
00441,20251009,1
00441,20251010,1
00441,20251013,1
00441,20251014,1
00441,20251015,1
00441,20251016,1
00441,20251017,1
00441,20251020,1
00441,20251021,1
00441,20251022,1
00441,20251023,1
00441,20251024,1
00441,20251027,1
00441,20251028,1
00441,20251029,1
00441,20251030,1
00441,20251031,1
00441,20251103,1
00441,20251104,1
00441,20251105,1
00441,20251106,1
00441,20251107,1
00441,20251110,1
00441,20251111,1
00441,20251112,1
00441,20251113,1
00441,20251114,1
00441,20251117,1
00441,20251118,1
00441,20251119,1
00441,20251120,1
00441,20251121,1
00441,20251124,1
00441,20251125,1
00441,20251126,1
00441,20251127,1
00441,20251128,1
00441,20251201,1
00441,20251202,1
00441,20251203,1
00441,20251204,1
00441,20251205,1
00441,20251208,1
00441,20251209,1
00441,20251210,1
00441,20251211,1
00441,20251212,1
00441,20251215,1
00441,20251216,1
00441,20251217,1
00441,20251218,1
00441,20251219,1
00441[2025-7-25],20250725,1
00441[2025-7-25],20250728,1
00441[2025-7-25],20250729,1
00441[2025-7-25],20250730,1
00441[2025-7-25],20250731,1
00441[2025-7-25],20250916,1
00441[2025-7-25],20250917,1
00441[2025-7-25],20250918,1
00441[2025-7-25],20250919,1
00441[2025-7-25],20250922,1
00441[2025-7-25],20250923,1
00441[2025-7-25],20250924,1
00441[2025-7-25],20250925,1
00441[2025-7-25],20250926,1
00501 DO SF/WF[2025-8-7],20250807,1
00501 DO SF/WF[2025-8-7],20250821,1
00501 DO SF/WF[2025-8-7],20250828,1
00501 DO SF/WF[2025-8-7],20250904,1
00501 DO SF/WF[2025-8-7],20250911,1
00501 SF/WF,20251222,1
00501 SF/WF,20251223,1
00501 SF/WF,20251229,1
00501 SF/WF,20251230,1
00501 SF/WF bis 15.09.25,20250801,1
00501 SF/WF bis 15.09.25,20250804,1
00501 SF/WF bis 15.09.25,20250805,1
00501 SF/WF bis 15.09.25,20250806,1
00501 SF/WF bis 15.09.25,20250808,1
00501 SF/WF bis 15.09.25,20250811,1
00501 SF/WF bis 15.09.25,20250812,1
00501 SF/WF bis 15.09.25,20250813,1
00501 SF/WF bis 15.09.25,20250814,1
00501 SF/WF bis 15.09.25,20250818,1
00501 SF/WF bis 15.09.25,20250819,1
00501 SF/WF bis 15.09.25,20250820,1
00501 SF/WF bis 15.09.25,20250822,1
00501 SF/WF bis 15.09.25,20250825,1
00501 SF/WF bis 15.09.25,20250826,1
00501 SF/WF bis 15.09.25,20250827,1
00501 SF/WF bis 15.09.25,20250829,1
00501 SF/WF bis 15.09.25,20250901,1
00501 SF/WF bis 15.09.25,20250902,1
00501 SF/WF bis 15.09.25,20250903,1
00501 SF/WF bis 15.09.25,20250905,1
00501 SF/WF bis 15.09.25,20250908,1
00501 SF/WF bis 15.09.25,20250909,1
00501 SF/WF bis 15.09.25,20250910,1
00501 SF/WF bis 15.09.25,20250912,1
00501 SF/WF bis 15.09.25,20250915,1
00502,20250916,1
00502,20250917,1
00502,20250918,1
00502,20250919,1
00502,20250922,1
00502,20250923,1
00502,20250924,1
00502,20250925,1
00502,20250926,1
00502,20250929,1
00502,20250930,1
00502,20251001,1
00502,20251002,1
00502,20251006,1
00502,20251007,1
00502,20251008,1
00502,20251009,1
00502,20251010,1
00502,20251013,1
00502,20251014,1
00502,20251015,1
00502,20251016,1
00502,20251017,1
00502,20251020,1
00502,20251021,1
00502,20251022,1
00502,20251023,1
00502,20251024,1
00502,20251027,1
00502,20251028,1
00502,20251029,1
00502,20251030,1
00502,20251031,1
00502,20251103,1
00502,20251104,1
00502,20251105,1
00502,20251106,1
00502,20251107,1
00502,20251110,1
00502,20251111,1
00502,20251112,1
00502,20251113,1
00502,20251114,1
00502,20251117,1
00502,20251118,1
00502,20251119,1
00502,20251120,1
00502,20251121,1
00502,20251124,1
00502,20251125,1
00502,20251126,1
00502,20251127,1
00502,20251128,1
00502,20251201,1
00502,20251202,1
00502,20251203,1
00502,20251204,1
00502,20251205,1
00502,20251208,1
00502,20251209,1
00502,20251210,1
00502,20251211,1
00502,20251212,1
00502,20251215,1
00502,20251216,1
00502,20251217,1
00502,20251218,1
00502,20251219,1
00502 SF/WF,20250801,1
00502 SF/WF,20250804,1
00502 SF/WF,20250805,1
00502 SF/WF,20250806,1
00502 SF/WF,20250807,1
00502 SF/WF,20250808,1
00502 SF/WF,20250811,1
00502 SF/WF,20250812,1
00502 SF/WF,20250813,1
00502 SF/WF,20250814,1
00502 SF/WF,20250818,1
00502 SF/WF,20250819,1
00502 SF/WF,20250820,1
00502 SF/WF,20250821,1
00502 SF/WF,20250822,1
00502 SF/WF,20250825,1
00502 SF/WF,20250826,1
00502 SF/WF,20250827,1
00502 SF/WF,20250828,1
00502 SF/WF,20250829,1
00502 SF/WF,20250901,1
00502 SF/WF,20250902,1
00502 SF/WF,20250903,1
00502 SF/WF,20250904,1
00502 SF/WF,20250905,1
00502 SF/WF,20250908,1
00502 SF/WF,20250909,1
00502 SF/WF,20250910,1
00502 SF/WF,20250911,1
00502 SF/WF,20250912,1
00502 SF/WF,20250915,1
00502 SF/WF,20251222,1
00502 SF/WF,20251223,1
00502 SF/WF,20251229,1
00502 SF/WF,20251230,1
00502 bis 31.07.25,20250725,1
00502 bis 31.07.25,20250728,1
00502 bis 31.07.25,20250729,1
00502 bis 31.07.25,20250730,1
00502 bis 31.07.25,20250731,1
00503,20250916,1
00503,20250917,1
00503,20250918,1
00503,20250919,1
00503,20250922,1
00503,20250923,1
00503,20250924,1
00503,20250925,1
00503,20250926,1
00503,20250929,1
00503,20250930,1
00503,20251001,1
00503,20251002,1
00503,20251006,1
00503,20251007,1
00503,20251008,1
00503,20251009,1
00503,20251010,1
00503,20251013,1
00503,20251014,1
00503,20251015,1
00503,20251016,1
00503,20251017,1
00503,20251020,1
00503,20251021,1
00503,20251022,1
00503,20251023,1
00503,20251024,1
00503,20251027,1
00503,20251028,1
00503,20251029,1
00503,20251030,1
00503,20251031,1
00503,20251103,1
00503,20251104,1
00503,20251105,1
00503,20251106,1
00503,20251107,1
00503,20251110,1
00503,20251111,1
00503,20251112,1
00503,20251113,1
00503,20251114,1
00503,20251117,1
00503,20251118,1
00503,20251119,1
00503,20251120,1
00503,20251121,1
00503,20251124,1
00503,20251125,1
00503,20251126,1
00503,20251127,1
00503,20251128,1
00503,20251201,1
00503,20251202,1
00503,20251203,1
00503,20251204,1
00503,20251205,1
00503,20251208,1
00503,20251209,1
00503,20251210,1
00503,20251211,1
00503,20251212,1
00503,20251215,1
00503,20251216,1
00503,20251217,1
00503,20251218,1
00503,20251219,1
00503 bis 31.07.25,20250725,1
00503 bis 31.07.25,20250728,1
00503 bis 31.07.25,20250729,1
00503 bis 31.07.25,20250730,1
00503 bis 31.07.25,20250731,1
00504,20250916,1
00504,20250917,1
00504,20250918,1
00504,20250919,1
00504,20250922,1
00504,20250923,1
00504,20250924,1
00504,20250925,1
00504,20250926,1
00504,20250929,1
00504,20250930,1
00504,20251001,1
00504,20251002,1
00504,20251006,1
00504,20251007,1
00504,20251008,1
00504,20251009,1
00504,20251010,1
00504,20251013,1
00504,20251014,1
00504,20251015,1
00504,20251016,1
00504,20251017,1
00504,20251020,1
00504,20251021,1
00504,20251022,1
00504,20251023,1
00504,20251024,1
00504,20251027,1
00504,20251028,1
00504,20251029,1
00504,20251030,1
00504,20251031,1
00504,20251103,1
00504,20251104,1
00504,20251105,1
00504,20251106,1
00504,20251107,1
00504,20251110,1
00504,20251111,1
00504,20251112,1
00504,20251113,1
00504,20251114,1
00504,20251117,1
00504,20251118,1
00504,20251119,1
00504,20251120,1
00504,20251121,1
00504,20251124,1
00504,20251125,1
00504,20251126,1
00504,20251127,1
00504,20251128,1
00504,20251201,1
00504,20251202,1
00504,20251203,1
00504,20251204,1
00504,20251205,1
00504,20251208,1
00504,20251209,1
00504,20251210,1
00504,20251211,1
00504,20251212,1
00504,20251215,1
00504,20251216,1
00504,20251217,1
00504,20251218,1
00504,20251219,1
00504 SF/WF,20250801,1
00504 SF/WF,20250804,1
00504 SF/WF,20250805,1
00504 SF/WF,20250806,1
00504 SF/WF,20250807,1
00504 SF/WF,20250808,1
00504 SF/WF,20250811,1
00504 SF/WF,20250812,1
00504 SF/WF,20250813,1
00504 SF/WF,20250814,1
00504 SF/WF,20250818,1
00504 SF/WF,20250819,1
00504 SF/WF,20250820,1
00504 SF/WF,20250821,1
00504 SF/WF,20250822,1
00504 SF/WF,20250825,1
00504 SF/WF,20250826,1
00504 SF/WF,20250827,1
00504 SF/WF,20250828,1
00504 SF/WF,20250829,1
00504 SF/WF,20250901,1
00504 SF/WF,20250902,1
00504 SF/WF,20250903,1
00504 SF/WF,20250904,1
00504 SF/WF,20250905,1
00504 SF/WF,20250908,1
00504 SF/WF,20250909,1
00504 SF/WF,20250910,1
00504 SF/WF,20250911,1
00504 SF/WF,20250912,1
00504 SF/WF,20250915,1
00504 SF/WF,20251222,1
00504 SF/WF,20251223,1
00504 SF/WF,20251229,1
00504 SF/WF,20251230,1
00504 bis 31.07.25,20250725,1
00504 bis 31.07.25,20250728,1
00504 bis 31.07.25,20250729,1
00504 bis 31.07.25,20250730,1
00504 bis 31.07.25,20250731,1
00505,20250916,1
00505,20250917,1
00505,20250918,1
00505,20250919,1
00505,20250922,1
00505,20250923,1
00505,20250924,1
00505,20250925,1
00505,20250926,1
00505,20250929,1
00505,20250930,1
00505,20251001,1
00505,20251002,1
00505,20251006,1
00505,20251007,1
00505,20251008,1
00505,20251009,1
00505,20251010,1
00505,20251013,1
00505,20251014,1
00505,20251015,1
00505,20251016,1
00505,20251017,1
00505,20251020,1
00505,20251021,1
00505,20251022,1
00505,20251023,1
00505,20251024,1
00505,20251027,1
00505,20251028,1
00505,20251029,1
00505,20251030,1
00505,20251031,1
00505,20251110,1
00505,20251111,1
00505,20251112,1
00505,20251113,1
00505,20251114,1
00505,20251117,1
00505,20251118,1
00505,20251120,1
00505,20251121,1
00505,20251124,1
00505,20251125,1
00505,20251126,1
00505,20251127,1
00505,20251128,1
00505,20251201,1
00505,20251202,1
00505,20251203,1
00505,20251204,1
00505,20251205,1
00505,20251208,1
00505,20251209,1
00505,20251210,1
00505,20251211,1
00505,20251212,1
00505,20251215,1
00505,20251216,1
00505,20251217,1
00505,20251218,1
00505,20251219,1
00505 Ferien,20251103,1
00505 Ferien,20251104,1
00505 Ferien,20251105,1
00505 Ferien,20251106,1
00505 Ferien,20251107,1
00505 Ferien,20251119,1
00505 SF/WF,20250801,1
00505 SF/WF,20250804,1
00505 SF/WF,20250805,1
00505 SF/WF,20250806,1
00505 SF/WF,20250807,1
00505 SF/WF,20250808,1
00505 SF/WF,20250811,1
00505 SF/WF,20250812,1
00505 SF/WF,20250813,1
00505 SF/WF,20250814,1
00505 SF/WF,20250818,1
00505 SF/WF,20250819,1
00505 SF/WF,20250820,1
00505 SF/WF,20250821,1
00505 SF/WF,20250822,1
00505 SF/WF,20250825,1
00505 SF/WF,20250826,1
00505 SF/WF,20250827,1
00505 SF/WF,20250828,1
00505 SF/WF,20250829,1
00505 SF/WF,20250901,1
00505 SF/WF,20250902,1
00505 SF/WF,20250903,1
00505 SF/WF,20250904,1
00505 SF/WF,20250905,1
00505 SF/WF,20250908,1
00505 SF/WF,20250909,1
00505 SF/WF,20250910,1
00505 SF/WF,20250911,1
00505 SF/WF,20250912,1
00505 SF/WF,20250915,1
00505 SF/WF NEU,20251222,1
00505 SF/WF NEU,20251223,1
00505 SF/WF NEU,20251229,1
00505 SF/WF NEU,20251230,1
00505 bis 31.07.25,20250725,1
00505 bis 31.07.25,20250728,1
00505 bis 31.07.25,20250729,1
00505 bis 31.07.25,20250730,1
00505 bis 31.07.25,20250731,1
00506,20250916,1
00506,20250917,1
00506,20250918,1
00506,20250919,1
00506,20250922,1
00506,20250923,1
00506,20250924,1
00506,20250925,1
00506,20250926,1
00506,20250929,1
00506,20250930,1
00506,20251001,1
00506,20251002,1
00506,20251006,1
00506,20251007,1
00506,20251008,1
00506,20251009,1
00506,20251010,1
00506,20251013,1
00506,20251014,1
00506,20251015,1
00506,20251016,1
00506,20251017,1
00506,20251020,1
00506,20251021,1
00506,20251022,1
00506,20251023,1
00506,20251024,1
00506,20251027,1
00506,20251028,1
00506,20251029,1
00506,20251030,1
00506,20251031,1
00506,20251110,1
00506,20251111,1
00506,20251112,1
00506,20251113,1
00506,20251114,1
00506,20251117,1
00506,20251118,1
00506,20251120,1
00506,20251121,1
00506,20251124,1
00506,20251125,1
00506,20251126,1
00506,20251127,1
00506,20251128,1
00506,20251201,1
00506,20251202,1
00506,20251203,1
00506,20251204,1
00506,20251205,1
00506,20251208,1
00506,20251209,1
00506,20251210,1
00506,20251211,1
00506,20251212,1
00506,20251215,1
00506,20251216,1
00506,20251217,1
00506,20251218,1
00506,20251219,1
00506 Ferien,20251103,1
00506 Ferien,20251104,1
00506 Ferien,20251105,1
00506 Ferien,20251106,1
00506 Ferien,20251107,1
00506 Ferien,20251119,1
00506 bis 31.07.25,20250725,1
00506 bis 31.07.25,20250728,1
00506 bis 31.07.25,20250729,1
00506 bis 31.07.25,20250730,1
00506 bis 31.07.25,20250731,1
00507,20250916,1
00507,20250917,1
00507,20250918,1
00507,20250919,1
00507,20250922,1
00507,20250923,1
00507,20250924,1
00507,20250925,1
00507,20250926,1
00507,20250929,1
00507,20250930,1
00507,20251001,1
00507,20251002,1
00507,20251006,1
00507,20251007,1
00507,20251008,1
00507,20251009,1
00507,20251010,1
00507,20251013,1
00507,20251014,1
00507,20251015,1
00507,20251016,1
00507,20251017,1
00507,20251020,1
00507,20251021,1
00507,20251022,1
00507,20251023,1
00507,20251024,1
00507,20251027,1
00507,20251028,1
00507,20251029,1
00507,20251030,1
00507,20251031,1
00507,20251103,1
00507,20251104,1
00507,20251105,1
00507,20251106,1
00507,20251107,1
00507,20251110,1
00507,20251111,1
00507,20251112,1
00507,20251113,1
00507,20251114,1
00507,20251117,1
00507,20251118,1
00507,20251119,1
00507,20251120,1
00507,20251121,1
00507,20251124,1
00507,20251125,1
00507,20251126,1
00507,20251127,1
00507,20251128,1
00507,20251201,1
00507,20251202,1
00507,20251203,1
00507,20251204,1
00507,20251205,1
00507,20251208,1
00507,20251209,1
00507,20251210,1
00507,20251211,1
00507,20251212,1
00507,20251215,1
00507,20251216,1
00507,20251217,1
00507,20251218,1
00507,20251219,1
00507 bis 31.07.25,20250725,1
00507 bis 31.07.25,20250728,1
00507 bis 31.07.25,20250729,1
00507 bis 31.07.25,20250730,1
00507 bis 31.07.25,20250731,1
00513 SF/WF,20251222,1
00513 SF/WF,20251223,1
00513 SF/WF,20251229,1
00513 SF/WF,20251230,1
00513 SF/WF[2025-8-1],20250801,1
00513 SF/WF[2025-8-1],20250804,1
00513 SF/WF[2025-8-1],20250805,1
00513 SF/WF[2025-8-1],20250806,1
00513 SF/WF[2025-8-1],20250807,1
00513 SF/WF[2025-8-1],20250808,1
00513 SF/WF[2025-8-1],20250811,1
00513 SF/WF[2025-8-1],20250812,1
00513 SF/WF[2025-8-1],20250813,1
00513 SF/WF[2025-8-1],20250814,1
00513 SF/WF[2025-8-1],20250818,1
00513 SF/WF[2025-8-1],20250819,1
00513 SF/WF[2025-8-1],20250820,1
00513 SF/WF[2025-8-1],20250821,1
00513 SF/WF[2025-8-1],20250822,1
00513 SF/WF[2025-8-1],20250825,1
00513 SF/WF[2025-8-1],20250826,1
00513 SF/WF[2025-8-1],20250827,1
00513 SF/WF[2025-8-1],20250828,1
00513 SF/WF[2025-8-1],20250829,1
00513 SF/WF[2025-8-1],20250901,1
00513 SF/WF[2025-8-1],20250902,1
00513 SF/WF[2025-8-1],20250903,1
00513 SF/WF[2025-8-1],20250904,1
00513 SF/WF[2025-8-1],20250905,1
00513 SF/WF[2025-8-1],20250908,1
00513 SF/WF[2025-8-1],20250909,1
00513 SF/WF[2025-8-1],20250910,1
00513 SF/WF[2025-8-1],20250911,1
00513 SF/WF[2025-8-1],20250912,1
00513 SF/WF[2025-8-1],20250915,1
00601,20250916,1
00601,20250917,1
00601,20250918,1
00601,20250919,1
00601,20250922,1
00601,20250923,1
00601,20250924,1
00601,20250925,1
00601,20250926,1
00601,20250929,1
00601,20250930,1
00601,20251001,1
00601,20251002,1
00601,20251006,1
00601,20251007,1
00601,20251008,1
00601,20251009,1
00601,20251010,1
00601,20251013,1
00601,20251014,1
00601,20251015,1
00601,20251016,1
00601,20251017,1
00601,20251020,1
00601,20251021,1
00601,20251022,1
00601,20251023,1
00601,20251024,1
00601,20251027,1
00601,20251028,1
00601,20251029,1
00601,20251030,1
00601,20251031,1
00601,20251110,1
00601,20251111,1
00601,20251112,1
00601,20251113,1
00601,20251114,1
00601,20251117,1
00601,20251118,1
00601,20251120,1
00601,20251121,1
00601,20251124,1
00601,20251125,1
00601,20251126,1
00601,20251127,1
00601,20251128,1
00601,20251201,1
00601,20251202,1
00601,20251203,1
00601,20251204,1
00601,20251205,1
00601,20251208,1
00601,20251209,1
00601,20251210,1
00601,20251211,1
00601,20251212,1
00601,20251215,1
00601,20251216,1
00601,20251217,1
00601,20251218,1
00601,20251219,1
00601 Ferien,20251103,1
00601 Ferien,20251104,1
00601 Ferien,20251105,1
00601 Ferien,20251106,1
00601 Ferien,20251107,1
00601 Ferien,20251119,1
00601 SF/WF,20250801,1
00601 SF/WF,20250804,1
00601 SF/WF,20250805,1
00601 SF/WF,20250806,1
00601 SF/WF,20250807,1
00601 SF/WF,20250808,1
00601 SF/WF,20250811,1
00601 SF/WF,20250812,1
00601 SF/WF,20250813,1
00601 SF/WF,20250814,1
00601 SF/WF,20250818,1
00601 SF/WF,20250819,1
00601 SF/WF,20250820,1
00601 SF/WF,20250821,1
00601 SF/WF,20250822,1
00601 SF/WF,20250825,1
00601 SF/WF,20250826,1
00601 SF/WF,20250827,1
00601 SF/WF,20250828,1
00601 SF/WF,20250829,1
00601 SF/WF,20250901,1
00601 SF/WF,20250902,1
00601 SF/WF,20250903,1
00601 SF/WF,20250904,1
00601 SF/WF,20250905,1
00601 SF/WF,20250908,1
00601 SF/WF,20250909,1
00601 SF/WF,20250910,1
00601 SF/WF,20250911,1
00601 SF/WF,20250912,1
00601 SF/WF,20250915,1
00601 SF/WF,20251222,1
00601 SF/WF,20251223,1
00601 SF/WF,20251229,1
00601 SF/WF,20251230,1
00601 bis 31.07.25,20250725,1
00601 bis 31.07.25,20250728,1
00601 bis 31.07.25,20250729,1
00601 bis 31.07.25,20250730,1
00601 bis 31.07.25,20250731,1
00602 (U-FR),20250725,1
00602 (U-FR),20251017,1
00602 (U-FR),20251024,1
00602 (U-FR),20251031,1
00602 (U-FR),20251107,1
00602 (U-FR),20251114,1
00602 (U-FR),20251121,1
00602 (U-FR),20251128,1
00602 (U-FR),20251205,1
00602 (U-FR),20251212,1
00602 (U-FR),20251219,1
00602 (U-MD),20251013,1
00602 (U-MD),20251014,1
00602 (U-MD),20251015,1
00602 (U-MD),20251016,1
00602 (U-MD),20251020,1
00602 (U-MD),20251021,1
00602 (U-MD),20251022,1
00602 (U-MD),20251023,1
00602 (U-MD),20251027,1
00602 (U-MD),20251028,1
00602 (U-MD),20251029,1
00602 (U-MD),20251030,1
00602 (U-MD),20251103,1
00602 (U-MD),20251104,1
00602 (U-MD),20251105,1
00602 (U-MD),20251106,1
00602 (U-MD),20251110,1
00602 (U-MD),20251111,1
00602 (U-MD),20251112,1
00602 (U-MD),20251113,1
00602 (U-MD),20251117,1
00602 (U-MD),20251118,1
00602 (U-MD),20251119,1
00602 (U-MD),20251120,1
00602 (U-MD),20251124,1
00602 (U-MD),20251125,1
00602 (U-MD),20251126,1
00602 (U-MD),20251127,1
00602 (U-MD),20251201,1
00602 (U-MD),20251202,1
00602 (U-MD),20251203,1
00602 (U-MD),20251204,1
00602 (U-MD),20251208,1
00602 (U-MD),20251209,1
00602 (U-MD),20251210,1
00602 (U-MD),20251211,1
00602 (U-MD),20251215,1
00602 (U-MD),20251216,1
00602 (U-MD),20251217,1
00602 (U-MD),20251218,1
00603,20250725,1
00603,20250728,1
00603,20250729,1
00603,20250730,1
00603,20250731,1
00603,20250916,1
00603,20250917,1
00603,20250918,1
00603,20250919,1
00603,20250922,1
00603,20250923,1
00603,20250924,1
00603,20250925,1
00603,20250926,1
00603,20250929,1
00603,20250930,1
00603,20251001,1
00603,20251002,1
00603,20251006,1
00603,20251007,1
00603,20251008,1
00603,20251009,1
00603,20251010,1
00603,20251013,1
00603,20251014,1
00603,20251015,1
00603,20251016,1
00603,20251017,1
00603,20251020,1
00603,20251021,1
00603,20251022,1
00603,20251023,1
00603,20251024,1
00603,20251027,1
00603,20251028,1
00603,20251029,1
00603,20251030,1
00603,20251031,1
00603,20251103,1
00603,20251104,1
00603,20251105,1
00603,20251106,1
00603,20251107,1
00603,20251110,1
00603,20251111,1
00603,20251112,1
00603,20251113,1
00603,20251114,1
00603,20251117,1
00603,20251118,1
00603,20251119,1
00603,20251120,1
00603,20251121,1
00603,20251124,1
00603,20251125,1
00603,20251126,1
00603,20251127,1
00603,20251128,1
00603,20251201,1
00603,20251202,1
00603,20251203,1
00603,20251204,1
00603,20251205,1
00603,20251208,1
00603,20251209,1
00603,20251210,1
00603,20251211,1
00603,20251212,1
00603,20251215,1
00603,20251216,1
00603,20251217,1
00603,20251218,1
00603,20251219,1
00604,20250929,1
00604,20250930,1
00604,20251001,1
00604,20251002,1
00604,20251006,1
00604,20251007,1
00604,20251008,1
00604,20251009,1
00604,20251010,1
00604,20251013,1
00604,20251014,1
00604,20251015,1
00604,20251016,1
00604,20251017,1
00604,20251020,1
00604,20251021,1
00604,20251022,1
00604,20251023,1
00604,20251024,1
00604,20251027,1
00604,20251028,1
00604,20251029,1
00604,20251030,1
00604,20251031,1
00604,20251103,1
00604,20251104,1
00604,20251105,1
00604,20251106,1
00604,20251107,1
00604,20251110,1
00604,20251111,1
00604,20251112,1
00604,20251113,1
00604,20251114,1
00604,20251117,1
00604,20251118,1
00604,20251119,1
00604,20251120,1
00604,20251121,1
00604,20251124,1
00604,20251125,1
00604,20251126,1
00604,20251127,1
00604,20251128,1
00604,20251201,1
00604,20251202,1
00604,20251203,1
00604,20251204,1
00604,20251205,1
00604,20251208,1
00604,20251209,1
00604,20251210,1
00604,20251211,1
00604,20251212,1
00604,20251215,1
00604,20251216,1
00604,20251217,1
00604,20251218,1
00604 früher Schulschl.,20251219,1
00604 früher Schulschl. bis 31.07.25[2025-7-31],20250731,1
00604[2025-7-25],20250725,1
00604[2025-7-25],20250728,1
00604[2025-7-25],20250729,1
00604[2025-7-25],20250730,1
00604[2025-7-25],20250916,1
00604[2025-7-25],20250917,1
00604[2025-7-25],20250918,1
00604[2025-7-25],20250919,1
00604[2025-7-25],20250922,1
00604[2025-7-25],20250923,1
00604[2025-7-25],20250924,1
00604[2025-7-25],20250925,1
00604[2025-7-25],20250926,1
00606 SF/WF,20250801,1
00606 SF/WF,20250804,1
00606 SF/WF,20250805,1
00606 SF/WF,20250806,1
00606 SF/WF,20250807,1
00606 SF/WF,20250808,1
00606 SF/WF,20250811,1
00606 SF/WF,20250812,1
00606 SF/WF,20250813,1
00606 SF/WF,20250814,1
00606 SF/WF,20250818,1
00606 SF/WF,20250819,1
00606 SF/WF,20250820,1
00606 SF/WF,20250821,1
00606 SF/WF,20250822,1
00606 SF/WF,20250825,1
00606 SF/WF,20250826,1
00606 SF/WF,20250827,1
00606 SF/WF,20250828,1
00606 SF/WF,20250829,1
00606 SF/WF,20250901,1
00606 SF/WF,20250902,1
00606 SF/WF,20250903,1
00606 SF/WF,20250904,1
00606 SF/WF,20250905,1
00606 SF/WF,20250908,1
00606 SF/WF,20250909,1
00606 SF/WF,20250910,1
00606 SF/WF,20250911,1
00606 SF/WF,20250912,1
00606 SF/WF,20250915,1
00606 SF/WF,20251222,1
00606 SF/WF,20251223,1
00606 SF/WF,20251229,1
00606 SF/WF,20251230,1
00607,20250725,1
00607,20250728,1
00607,20250729,1
00607,20250730,1
00607,20250731,1
00607,20250916,1
00607,20250917,1
00607,20250918,1
00607,20250919,1
00607,20250922,1
00607,20250923,1
00607,20250924,1
00607,20250925,1
00607,20250926,1
00607,20250929,1
00607,20250930,1
00607,20251017,1
00607,20251024,1
00607,20251031,1
00607,20251114,1
00607,20251121,1
00607,20251128,1
00607,20251205,1
00607,20251212,1
00607,20251219,1
00607 (U-MD),20251013,1
00607 (U-MD),20251014,1
00607 (U-MD),20251015,1
00607 (U-MD),20251016,1
00607 (U-MD),20251020,1
00607 (U-MD),20251021,1
00607 (U-MD),20251022,1
00607 (U-MD),20251023,1
00607 (U-MD),20251027,1
00607 (U-MD),20251028,1
00607 (U-MD),20251029,1
00607 (U-MD),20251030,1
00607 (U-MD),20251110,1
00607 (U-MD),20251111,1
00607 (U-MD),20251112,1
00607 (U-MD),20251113,1
00607 (U-MD),20251117,1
00607 (U-MD),20251118,1
00607 (U-MD),20251120,1
00607 (U-MD),20251124,1
00607 (U-MD),20251125,1
00607 (U-MD),20251126,1
00607 (U-MD),20251127,1
00607 (U-MD),20251201,1
00607 (U-MD),20251202,1
00607 (U-MD),20251203,1
00607 (U-MD),20251204,1
00607 (U-MD),20251208,1
00607 (U-MD),20251209,1
00607 (U-MD),20251210,1
00607 (U-MD),20251211,1
00607 (U-MD),20251215,1
00607 (U-MD),20251216,1
00607 (U-MD),20251217,1
00607 (U-MD),20251218,1
00607 Ferien,20251103,1
00607 Ferien,20251104,1
00607 Ferien,20251105,1
00607 Ferien,20251106,1
00607 Ferien,20251107,1
00607 Ferien,20251119,1
00607 SF/WF,20251222,1
00607 SF/WF,20251223,1
00607 SF/WF,20251229,1
00607 SF/WF,20251230,1
00607 SF/WF[2025-8-1],20250801,1
00607 SF/WF[2025-8-1],20250804,1
00607 SF/WF[2025-8-1],20250805,1
00607 SF/WF[2025-8-1],20250806,1
00607 SF/WF[2025-8-1],20250807,1
00607 SF/WF[2025-8-1],20250808,1
00607 SF/WF[2025-8-1],20250811,1
00607 SF/WF[2025-8-1],20250812,1
00607 SF/WF[2025-8-1],20250813,1
00607 SF/WF[2025-8-1],20250814,1
00607 SF/WF[2025-8-1],20250818,1
00607 SF/WF[2025-8-1],20250819,1
00607 SF/WF[2025-8-1],20250820,1
00607 SF/WF[2025-8-1],20250821,1
00607 SF/WF[2025-8-1],20250822,1
00607 SF/WF[2025-8-1],20250825,1
00607 SF/WF[2025-8-1],20250826,1
00607 SF/WF[2025-8-1],20250827,1
00607 SF/WF[2025-8-1],20250828,1
00607 SF/WF[2025-8-1],20250829,1
00607 SF/WF[2025-8-1],20250901,1
00607 SF/WF[2025-8-1],20250902,1
00607 SF/WF[2025-8-1],20250903,1
00607 SF/WF[2025-8-1],20250904,1
00607 SF/WF[2025-8-1],20250905,1
00607 SF/WF[2025-8-1],20250908,1
00607 SF/WF[2025-8-1],20250909,1
00607 SF/WF[2025-8-1],20250910,1
00607 SF/WF[2025-8-1],20250911,1
00607 SF/WF[2025-8-1],20250912,1
00607 SF/WF[2025-8-1],20250915,1
00609 SF/WF,20250801,1
00609 SF/WF,20250804,1
00609 SF/WF,20250805,1
00609 SF/WF,20250806,1
00609 SF/WF,20250807,1
00609 SF/WF,20250808,1
00609 SF/WF,20250811,1
00609 SF/WF,20250812,1
00609 SF/WF,20250813,1
00609 SF/WF,20250814,1
00609 SF/WF,20250818,1
00609 SF/WF,20250819,1
00609 SF/WF,20250820,1
00609 SF/WF,20250821,1
00609 SF/WF,20250822,1
00609 SF/WF,20250825,1
00609 SF/WF,20250826,1
00609 SF/WF,20250827,1
00609 SF/WF,20250828,1
00609 SF/WF,20250829,1
00609 SF/WF,20250901,1
00609 SF/WF,20250902,1
00609 SF/WF,20250903,1
00609 SF/WF,20250904,1
00609 SF/WF,20250905,1
00609 SF/WF,20250908,1
00609 SF/WF,20250909,1
00609 SF/WF,20250910,1
00609 SF/WF,20250911,1
00609 SF/WF,20250912,1
00609 SF/WF,20250915,1
00609 SF/WF,20251222,1
00609 SF/WF,20251223,1
00609 SF/WF,20251229,1
00609 SF/WF,20251230,1
00610,20250929,1
00610,20250930,1
00610,20251001,1
00610,20251002,1
00610,20251006,1
00610,20251007,1
00610,20251008,1
00610,20251009,1
00610,20251010,1
00610,20251013,1
00610,20251014,1
00610,20251015,1
00610,20251016,1
00610,20251017,1
00610,20251020,1
00610,20251021,1
00610,20251022,1
00610,20251023,1
00610,20251024,1
00610,20251027,1
00610,20251028,1
00610,20251029,1
00610,20251030,1
00610,20251031,1
00610,20251103,1
00610,20251104,1
00610,20251105,1
00610,20251106,1
00610,20251107,1
00610,20251110,1
00610,20251111,1
00610,20251112,1
00610,20251113,1
00610,20251114,1
00610,20251117,1
00610,20251118,1
00610,20251119,1
00610,20251120,1
00610,20251121,1
00610,20251124,1
00610,20251125,1
00610,20251126,1
00610,20251127,1
00610,20251128,1
00610,20251201,1
00610,20251202,1
00610,20251203,1
00610,20251204,1
00610,20251205,1
00610,20251208,1
00610,20251209,1
00610,20251210,1
00610,20251211,1
00610,20251212,1
00610,20251215,1
00610,20251216,1
00610,20251217,1
00610,20251218,1
00610,20251219,1
00610[2025-7-25],20250725,1
00610[2025-7-25],20250728,1
00610[2025-7-25],20250729,1
00610[2025-7-25],20250730,1
00610[2025-7-25],20250731,1
00610[2025-7-25],20250916,1
00610[2025-7-25],20250917,1
00610[2025-7-25],20250918,1
00610[2025-7-25],20250919,1
00610[2025-7-25],20250922,1
00610[2025-7-25],20250923,1
00610[2025-7-25],20250924,1
00610[2025-7-25],20250925,1
00610[2025-7-25],20250926,1
00611,20250725,1
00611,20250728,1
00611,20250729,1
00611,20250730,1
00611,20250731,1
00611,20250916,1
00611,20250917,1
00611,20250918,1
00611,20250919,1
00611,20250922,1
00611,20250923,1
00611,20250924,1
00611,20250925,1
00611,20250926,1
00611,20250929,1
00611,20250930,1
00611,20251001,1
00611,20251002,1
00611,20251006,1
00611,20251007,1
00611,20251008,1
00611,20251009,1
00611,20251010,1
00611,20251013,1
00611,20251014,1
00611,20251015,1
00611,20251016,1
00611,20251017,1
00611,20251020,1
00611,20251021,1
00611,20251022,1
00611,20251023,1
00611,20251024,1
00611,20251027,1
00611,20251028,1
00611,20251029,1
00611,20251030,1
00611,20251031,1
00611,20251110,1
00611,20251111,1
00611,20251112,1
00611,20251113,1
00611,20251114,1
00611,20251117,1
00611,20251118,1
00611,20251120,1
00611,20251121,1
00611,20251124,1
00611,20251125,1
00611,20251126,1
00611,20251127,1
00611,20251128,1
00611,20251201,1
00611,20251202,1
00611,20251203,1
00611,20251204,1
00611,20251205,1
00611,20251208,1
00611,20251209,1
00611,20251210,1
00611,20251211,1
00611,20251212,1
00611,20251215,1
00611,20251216,1
00611,20251217,1
00611,20251218,1
00611,20251219,1
00611 Ferien,20251103,1
00611 Ferien,20251104,1
00611 Ferien,20251105,1
00611 Ferien,20251106,1
00611 Ferien,20251119,1
00617 nur C6,20251001,1
00617 nur C6,20251002,1
00617 nur C6,20251006,1
00617 nur C6,20251007,1
00617 nur C6,20251008,1
00617 nur C6,20251009,1
00617 nur C6,20251010,1
00621 Ferien (U-FR),20251107,1
00655 FR,20251010,1
00655 FR,20251017,1
00655 FR,20251024,1
00655 FR,20251031,1
00655 FR,20251107,1
00655 FR,20251114,1
00655 FR,20251121,1
00655 FR,20251128,1
00655 FR,20251205,1
00655 FR,20251212,1
00655 FR,20251219,1
00655 FR[2025-7-25],20250725,1
00655 FR[2025-7-25],20250801,1
00655 FR[2025-7-25],20250808,1
00655 FR[2025-7-25],20250822,1
00655 FR[2025-7-25],20250829,1
00655 FR[2025-7-25],20250905,1
00655 FR[2025-7-25],20250912,1
00655 FR[2025-7-25],20250919,1
00655 FR[2025-7-25],20250926,1
00701 SF/WF,20251222,1
00701 SF/WF,20251223,1
00701 SF/WF,20251229,1
00701 SF/WF,20251230,1
00701 SF/WF bis 15.09.25,20250801,1
00701 SF/WF bis 15.09.25,20250804,1
00701 SF/WF bis 15.09.25,20250805,1
00701 SF/WF bis 15.09.25,20250806,1
00701 SF/WF bis 15.09.25,20250807,1
00701 SF/WF bis 15.09.25,20250808,1
00701 SF/WF bis 15.09.25,20250811,1
00701 SF/WF bis 15.09.25,20250812,1
00701 SF/WF bis 15.09.25,20250813,1
00701 SF/WF bis 15.09.25,20250814,1
00701 SF/WF bis 15.09.25,20250818,1
00701 SF/WF bis 15.09.25,20250819,1
00701 SF/WF bis 15.09.25,20250820,1
00701 SF/WF bis 15.09.25,20250821,1
00701 SF/WF bis 15.09.25,20250822,1
00701 SF/WF bis 15.09.25,20250825,1
00701 SF/WF bis 15.09.25,20250826,1
00701 SF/WF bis 15.09.25,20250827,1
00701 SF/WF bis 15.09.25,20250828,1
00701 SF/WF bis 15.09.25,20250829,1
00701 SF/WF bis 15.09.25,20250901,1
00701 SF/WF bis 15.09.25,20250902,1
00701 SF/WF bis 15.09.25,20250903,1
00701 SF/WF bis 15.09.25,20250904,1
00701 SF/WF bis 15.09.25,20250905,1
00701 SF/WF bis 15.09.25,20250908,1
00701 SF/WF bis 15.09.25,20250909,1
00701 SF/WF bis 15.09.25,20250910,1
00701 SF/WF bis 15.09.25,20250911,1
00701 SF/WF bis 15.09.25,20250912,1
00701 SF/WF bis 15.09.25,20250915,1
00703,20250916,1
00703,20250917,1
00703,20250918,1
00703,20250919,1
00703,20250922,1
00703,20250923,1
00703,20250924,1
00703,20250925,1
00703,20250926,1
00703,20250929,1
00703,20250930,1
00703,20251001,1
00703,20251002,1
00703,20251006,1
00703,20251007,1
00703,20251008,1
00703,20251009,1
00703,20251010,1
00703,20251013,1
00703,20251014,1
00703,20251015,1
00703,20251016,1
00703,20251017,1
00703,20251020,1
00703,20251021,1
00703,20251022,1
00703,20251023,1
00703,20251024,1
00703,20251027,1
00703,20251028,1
00703,20251029,1
00703,20251030,1
00703,20251031,1
00703,20251110,1
00703,20251111,1
00703,20251112,1
00703,20251113,1
00703,20251114,1
00703,20251117,1
00703,20251118,1
00703,20251120,1
00703,20251121,1
00703,20251124,1
00703,20251125,1
00703,20251126,1
00703,20251127,1
00703,20251128,1
00703,20251201,1
00703,20251202,1
00703,20251203,1
00703,20251204,1
00703,20251205,1
00703,20251208,1
00703,20251209,1
00703,20251210,1
00703,20251211,1
00703,20251212,1
00703,20251215,1
00703,20251216,1
00703,20251217,1
00703,20251218,1
00703,20251219,1
00703 Ferien,20251103,1
00703 Ferien,20251104,1
00703 Ferien,20251105,1
00703 Ferien,20251106,1
00703 Ferien,20251107,1
00703 Ferien,20251119,1
00703 SF/WF,20251222,1
00703 SF/WF,20251223,1
00703 SF/WF,20251229,1
00703 SF/WF,20251230,1
00703 SF/WF bis 15.09.25,20250801,1
00703 SF/WF bis 15.09.25,20250804,1
00703 SF/WF bis 15.09.25,20250805,1
00703 SF/WF bis 15.09.25,20250806,1
00703 SF/WF bis 15.09.25,20250807,1
00703 SF/WF bis 15.09.25,20250808,1
00703 SF/WF bis 15.09.25,20250811,1
00703 SF/WF bis 15.09.25,20250812,1
00703 SF/WF bis 15.09.25,20250813,1
00703 SF/WF bis 15.09.25,20250814,1
00703 SF/WF bis 15.09.25,20250818,1
00703 SF/WF bis 15.09.25,20250819,1
00703 SF/WF bis 15.09.25,20250820,1
00703 SF/WF bis 15.09.25,20250821,1
00703 SF/WF bis 15.09.25,20250822,1
00703 SF/WF bis 15.09.25,20250825,1
00703 SF/WF bis 15.09.25,20250826,1
00703 SF/WF bis 15.09.25,20250827,1
00703 SF/WF bis 15.09.25,20250828,1
00703 SF/WF bis 15.09.25,20250829,1
00703 SF/WF bis 15.09.25,20250901,1
00703 SF/WF bis 15.09.25,20250902,1
00703 SF/WF bis 15.09.25,20250903,1
00703 SF/WF bis 15.09.25,20250904,1
00703 SF/WF bis 15.09.25,20250905,1
00703 SF/WF bis 15.09.25,20250908,1
00703 SF/WF bis 15.09.25,20250909,1
00703 SF/WF bis 15.09.25,20250910,1
00703 SF/WF bis 15.09.25,20250911,1
00703 SF/WF bis 15.09.25,20250912,1
00703 SF/WF bis 15.09.25,20250915,1
00703 bis 31.07.25,20250725,1
00703 bis 31.07.25,20250728,1
00703 bis 31.07.25,20250729,1
00703 bis 31.07.25,20250730,1
00703 bis 31.07.25,20250731,1
00706 SF/WF,20251222,1
00706 SF/WF,20251223,1
00706 SF/WF,20251229,1
00706 SF/WF,20251230,1
00706 SF/WF bis 15.09.25,20250801,1
00706 SF/WF bis 15.09.25,20250804,1
00706 SF/WF bis 15.09.25,20250805,1
00706 SF/WF bis 15.09.25,20250806,1
00706 SF/WF bis 15.09.25,20250807,1
00706 SF/WF bis 15.09.25,20250808,1
00706 SF/WF bis 15.09.25,20250811,1
00706 SF/WF bis 15.09.25,20250812,1
00706 SF/WF bis 15.09.25,20250813,1
00706 SF/WF bis 15.09.25,20250814,1
00706 SF/WF bis 15.09.25,20250818,1
00706 SF/WF bis 15.09.25,20250819,1
00706 SF/WF bis 15.09.25,20250820,1
00706 SF/WF bis 15.09.25,20250821,1
00706 SF/WF bis 15.09.25,20250822,1
00706 SF/WF bis 15.09.25,20250825,1
00706 SF/WF bis 15.09.25,20250826,1
00706 SF/WF bis 15.09.25,20250827,1
00706 SF/WF bis 15.09.25,20250828,1
00706 SF/WF bis 15.09.25,20250829,1
00706 SF/WF bis 15.09.25,20250901,1
00706 SF/WF bis 15.09.25,20250902,1
00706 SF/WF bis 15.09.25,20250903,1
00706 SF/WF bis 15.09.25,20250904,1
00706 SF/WF bis 15.09.25,20250905,1
00706 SF/WF bis 15.09.25,20250908,1
00706 SF/WF bis 15.09.25,20250909,1
00706 SF/WF bis 15.09.25,20250910,1
00706 SF/WF bis 15.09.25,20250911,1
00706 SF/WF bis 15.09.25,20250912,1
00706 SF/WF bis 15.09.25,20250915,1
00708,20250916,1
00708,20250917,1
00708,20250918,1
00708,20250919,1
00708,20250922,1
00708,20250923,1
00708,20250924,1
00708,20250925,1
00708,20250926,1
00708,20250929,1
00708,20250930,1
00708,20251001,1
00708,20251002,1
00708,20251006,1
00708,20251007,1
00708,20251008,1
00708,20251009,1
00708,20251010,1
00708,20251013,1
00708,20251014,1
00708,20251015,1
00708,20251016,1
00708,20251017,1
00708,20251020,1
00708,20251021,1
00708,20251022,1
00708,20251023,1
00708,20251024,1
00708,20251027,1
00708,20251028,1
00708,20251029,1
00708,20251030,1
00708,20251031,1
00708,20251110,1
00708,20251111,1
00708,20251112,1
00708,20251113,1
00708,20251114,1
00708,20251117,1
00708,20251118,1
00708,20251120,1
00708,20251121,1
00708,20251124,1
00708,20251125,1
00708,20251126,1
00708,20251127,1
00708,20251128,1
00708,20251201,1
00708,20251202,1
00708,20251203,1
00708,20251204,1
00708,20251205,1
00708,20251208,1
00708,20251209,1
00708,20251210,1
00708,20251211,1
00708,20251212,1
00708,20251215,1
00708,20251216,1
00708,20251217,1
00708,20251218,1
00708,20251219,1
00708 Ferien,20251103,1
00708 Ferien,20251104,1
00708 Ferien,20251105,1
00708 Ferien,20251106,1
00708 Ferien,20251107,1
00708 Ferien,20251119,1
00708 bis 31.07.25,20250725,1
00708 bis 31.07.25,20250728,1
00708 bis 31.07.25,20250729,1
00708 bis 31.07.25,20250730,1
00708 bis 31.07.25,20250731,1
00709,20250916,1
00709,20250917,1
00709,20250919,1
00709,20250922,1
00709,20250923,1
00709,20250924,1
00709,20250926,1
00709,20250929,1
00709,20250930,1
00709,20251001,1
00709,20251002,1
00709,20251006,1
00709,20251007,1
00709,20251008,1
00709,20251010,1
00709,20251013,1
00709,20251014,1
00709,20251015,1
00709,20251017,1
00709,20251020,1
00709,20251021,1
00709,20251022,1
00709,20251024,1
00709,20251027,1
00709,20251028,1
00709,20251029,1
00709,20251031,1
00709,20251103,1
00709,20251104,1
00709,20251105,1
00709,20251107,1
00709,20251110,1
00709,20251111,1
00709,20251112,1
00709,20251114,1
00709,20251117,1
00709,20251118,1
00709,20251119,1
00709,20251121,1
00709,20251124,1
00709,20251125,1
00709,20251126,1
00709,20251128,1
00709,20251201,1
00709,20251202,1
00709,20251203,1
00709,20251205,1
00709,20251208,1
00709,20251209,1
00709,20251210,1
00709,20251212,1
00709,20251215,1
00709,20251216,1
00709,20251217,1
00709,20251219,1
00709 DO,20251009,1
00709 DO,20251016,1
00709 DO,20251023,1
00709 DO,20251030,1
00709 DO,20251106,1
00709 DO,20251113,1
00709 DO,20251120,1
00709 DO,20251127,1
00709 DO,20251204,1
00709 DO,20251211,1
00709 DO,20251218,1
00709 DO bis 31.07.25[2025-7-31],20250731,1
00709 DO[2025-9-18],20250918,1
00709 DO[2025-9-18],20250925,1
00709 SF/WF,20251222,1
00709 SF/WF,20251223,1
00709 SF/WF,20251229,1
00709 SF/WF,20251230,1
00709 SF/WF bis 15.09.25,20250801,1
00709 SF/WF bis 15.09.25,20250804,1
00709 SF/WF bis 15.09.25,20250805,1
00709 SF/WF bis 15.09.25,20250806,1
00709 SF/WF bis 15.09.25,20250807,1
00709 SF/WF bis 15.09.25,20250808,1
00709 SF/WF bis 15.09.25,20250811,1
00709 SF/WF bis 15.09.25,20250812,1
00709 SF/WF bis 15.09.25,20250813,1
00709 SF/WF bis 15.09.25,20250814,1
00709 SF/WF bis 15.09.25,20250818,1
00709 SF/WF bis 15.09.25,20250819,1
00709 SF/WF bis 15.09.25,20250820,1
00709 SF/WF bis 15.09.25,20250821,1
00709 SF/WF bis 15.09.25,20250822,1
00709 SF/WF bis 15.09.25,20250825,1
00709 SF/WF bis 15.09.25,20250826,1
00709 SF/WF bis 15.09.25,20250827,1
00709 SF/WF bis 15.09.25,20250828,1
00709 SF/WF bis 15.09.25,20250829,1
00709 SF/WF bis 15.09.25,20250901,1
00709 SF/WF bis 15.09.25,20250902,1
00709 SF/WF bis 15.09.25,20250903,1
00709 SF/WF bis 15.09.25,20250904,1
00709 SF/WF bis 15.09.25,20250905,1
00709 SF/WF bis 15.09.25,20250908,1
00709 SF/WF bis 15.09.25,20250909,1
00709 SF/WF bis 15.09.25,20250910,1
00709 SF/WF bis 15.09.25,20250911,1
00709 SF/WF bis 15.09.25,20250912,1
00709 SF/WF bis 15.09.25,20250915,1
00709 bis 30.07.25,20250725,1
00709 bis 30.07.25,20250728,1
00709 bis 30.07.25,20250729,1
00709 bis 30.07.25,20250730,1
00710 SF/WF,20251222,1
00710 SF/WF,20251223,1
00710 SF/WF,20251229,1
00710 SF/WF,20251230,1
00710 SF/WF bis 15.09.25,20250801,1
00710 SF/WF bis 15.09.25,20250804,1
00710 SF/WF bis 15.09.25,20250805,1
00710 SF/WF bis 15.09.25,20250806,1
00710 SF/WF bis 15.09.25,20250807,1
00710 SF/WF bis 15.09.25,20250808,1
00710 SF/WF bis 15.09.25,20250811,1
00710 SF/WF bis 15.09.25,20250812,1
00710 SF/WF bis 15.09.25,20250813,1
00710 SF/WF bis 15.09.25,20250814,1
00710 SF/WF bis 15.09.25,20250818,1
00710 SF/WF bis 15.09.25,20250819,1
00710 SF/WF bis 15.09.25,20250820,1
00710 SF/WF bis 15.09.25,20250821,1
00710 SF/WF bis 15.09.25,20250822,1
00710 SF/WF bis 15.09.25,20250825,1
00710 SF/WF bis 15.09.25,20250826,1
00710 SF/WF bis 15.09.25,20250827,1
00710 SF/WF bis 15.09.25,20250828,1
00710 SF/WF bis 15.09.25,20250829,1
00710 SF/WF bis 15.09.25,20250901,1
00710 SF/WF bis 15.09.25,20250902,1
00710 SF/WF bis 15.09.25,20250903,1
00710 SF/WF bis 15.09.25,20250904,1
00710 SF/WF bis 15.09.25,20250905,1
00710 SF/WF bis 15.09.25,20250908,1
00710 SF/WF bis 15.09.25,20250909,1
00710 SF/WF bis 15.09.25,20250910,1
00710 SF/WF bis 15.09.25,20250911,1
00710 SF/WF bis 15.09.25,20250912,1
00710 SF/WF bis 15.09.25,20250915,1
00734,20250929,1
00734,20250930,1
00734,20251001,1
00734,20251002,1
00734,20251006,1
00734,20251007,1
00734,20251008,1
00734,20251010,1
00734,20251013,1
00734,20251014,1
00734,20251015,1
00734,20251017,1
00734,20251020,1
00734,20251021,1
00734,20251022,1
00734,20251024,1
00734,20251027,1
00734,20251028,1
00734,20251029,1
00734,20251031,1
00734,20251103,1
00734,20251104,1
00734,20251105,1
00734,20251107,1
00734,20251110,1
00734,20251111,1
00734,20251112,1
00734,20251114,1
00734,20251117,1
00734,20251118,1
00734,20251119,1
00734,20251121,1
00734,20251124,1
00734,20251125,1
00734,20251126,1
00734,20251128,1
00734,20251201,1
00734,20251202,1
00734,20251203,1
00734,20251205,1
00734,20251208,1
00734,20251209,1
00734,20251210,1
00734,20251212,1
00734,20251215,1
00734,20251216,1
00734,20251217,1
00734,20251219,1
00734 DO,20251009,1
00734 DO,20251016,1
00734 DO,20251023,1
00734 DO,20251030,1
00734 DO,20251106,1
00734 DO,20251113,1
00734 DO,20251120,1
00734 DO,20251127,1
00734 DO,20251204,1
00734 DO,20251211,1
00734 DO,20251218,1
00734 DO bis 31.07.25[2025-7-31],20250731,1
00734 DO[2025-9-18],20250918,1
00734 DO[2025-9-18],20250925,1
00734 bis 30.07.25[2025-7-25],20250725,1
00734 bis 30.07.25[2025-7-25],20250728,1
00734 bis 30.07.25[2025-7-25],20250729,1
00734 bis 30.07.25[2025-7-25],20250730,1
00734[2025-9-16],20250916,1
00734[2025-9-16],20250917,1
00734[2025-9-16],20250919,1
00734[2025-9-16],20250922,1
00734[2025-9-16],20250923,1
00734[2025-9-16],20250924,1
00734[2025-9-16],20250926,1
00802 Sperre Altstadt,20251124,1
00802 Sperre Altstadt,20251125,1
00802 Sperre Altstadt,20251126,1
00802 Sperre Altstadt,20251127,1
00802 Sperre Altstadt,20251128,1
00802 Sperre Altstadt,20251201,1
00802 Sperre Altstadt,20251202,1
00802 Sperre Altstadt,20251203,1
00802 Sperre Altstadt,20251204,1
00802 Sperre Altstadt,20251205,1
00802 Sperre Altstadt,20251208,1
00802 Sperre Altstadt,20251209,1
00802 Sperre Altstadt,20251210,1
00802 Sperre Altstadt,20251211,1
00802 Sperre Altstadt,20251212,1
00802 Sperre Altstadt,20251215,1
00802 Sperre Altstadt,20251216,1
00802 Sperre Altstadt,20251217,1
00802 Sperre Altstadt,20251218,1
00802 Sperre Altstadt,20251219,1
00803,20250916,1
00803,20250917,1
00803,20250918,1
00803,20250919,1
00803,20250922,1
00803,20250923,1
00803,20250924,1
00803,20250925,1
00803,20250926,1
00803,20250929,1
00803,20250930,1
00803,20251001,1
00803,20251002,1
00803,20251006,1
00803,20251007,1
00803,20251008,1
00803,20251009,1
00803,20251010,1
00803,20251013,1
00803,20251014,1
00803,20251015,1
00803,20251016,1
00803,20251017,1
00803,20251020,1
00803,20251021,1
00803,20251022,1
00803,20251023,1
00803,20251024,1
00803,20251027,1
00803,20251028,1
00803,20251029,1
00803,20251030,1
00803,20251031,1
00803,20251103,1
00803,20251104,1
00803,20251105,1
00803,20251106,1
00803,20251107,1
00803,20251110,1
00803,20251111,1
00803,20251112,1
00803,20251113,1
00803,20251114,1
00803,20251117,1
00803,20251118,1
00803,20251119,1
00803,20251120,1
00803,20251121,1
00808 DO mit Eisl.,20251009,1
00808 DO mit Eisl.,20251016,1
00808 DO mit Eisl.,20251023,1
00808 DO mit Eisl.,20251030,1
00808 DO mit Eisl.,20251113,1
00808 DO mit Eisl.,20251120,1
00808 DO mit Eisl.,20251127,1
00808 DO mit Eisl.,20251204,1
00808 DO mit Eisl.,20251211,1
00808 DO mit Eisl.,20251218,1
00808 DO mit Eisl.kein NB,20251002,1
00808 DO ohne Eisl.,20250918,1
00808 DO ohne Eisl.,20250925,1
00808 DO ohne Eisl. bis 31.07.25,20250731,1
00808 FR mit Eisl.,20251010,1
00808 FR mit Eisl.,20251017,1
00808 FR mit Eisl.,20251024,1
00808 FR mit Eisl.,20251031,1
00808 FR mit Eisl.,20251114,1
00808 FR mit Eisl.,20251121,1
00808 FR mit Eisl.,20251128,1
00808 FR mit Eisl.,20251205,1
00808 FR mit Eisl.,20251212,1
00808 FR mit Eisl.,20251219,1
00808 MI mit Eisl.,20251001,1
00808 MI mit Eisl.,20251008,1
00808 MI mit Eisl.,20251015,1
00808 MI mit Eisl.,20251022,1
00808 MI mit Eisl.,20251029,1
00808 MI mit Eisl.,20251112,1
00808 MI mit Eisl.,20251126,1
00808 MI mit Eisl.,20251203,1
00808 MI mit Eisl.,20251210,1
00808 MI mit Eisl.,20251217,1
00808 ohne Eisl.,20250916,1
00808 ohne Eisl.,20250917,1
00808 ohne Eisl.,20250919,1
00808 ohne Eisl.,20250922,1
00808 ohne Eisl.,20250923,1
00808 ohne Eisl.,20250924,1
00808 ohne Eisl.,20250926,1
00808 ohne Eisl.,20250929,1
00808 ohne Eisl.,20250930,1
00808 ohne Eisl.,20251006,1
00808 ohne Eisl.,20251007,1
00808 ohne Eisl.,20251013,1
00808 ohne Eisl.,20251014,1
00808 ohne Eisl.,20251020,1
00808 ohne Eisl.,20251021,1
00808 ohne Eisl.,20251027,1
00808 ohne Eisl.,20251028,1
00808 ohne Eisl.,20251110,1
00808 ohne Eisl.,20251111,1
00808 ohne Eisl.,20251117,1
00808 ohne Eisl.,20251118,1
00808 ohne Eisl.,20251124,1
00808 ohne Eisl.,20251125,1
00808 ohne Eisl.,20251201,1
00808 ohne Eisl.,20251202,1
00808 ohne Eisl.,20251208,1
00808 ohne Eisl.,20251209,1
00808 ohne Eisl.,20251215,1
00808 ohne Eisl.,20251216,1
00808 ohne Eisl. bis 31.07.25,20250725,1
00808 ohne Eisl. bis 31.07.25,20250728,1
00808 ohne Eisl. bis 31.07.25,20250729,1
00808 ohne Eisl. bis 31.07.25,20250730,1
01004,20250725,1
01004,20250728,1
01004,20250729,1
01004,20250730,1
01004,20250731,1
01004,20250916,1
01004,20250917,1
01004,20250918,1
01004,20250919,1
01004,20250922,1
01004,20250923,1
01004,20250924,1
01004,20250925,1
01004,20250926,1
01004,20250929,1
01004,20250930,1
01004,20251001,1
01004,20251002,1
01004,20251006,1
01004,20251007,1
01004,20251008,1
01004,20251009,1
01004,20251010,1
01004,20251013,1
01004,20251014,1
01004,20251015,1
01004,20251016,1
01004,20251017,1
01004,20251020,1
01004,20251021,1
01004,20251022,1
01004,20251023,1
01004,20251024,1
01004,20251027,1
01004,20251028,1
01004,20251029,1
01004,20251030,1
01004,20251031,1
01004,20251103,1
01004,20251104,1
01004,20251105,1
01004,20251106,1
01004,20251107,1
01004,20251110,1
01004,20251111,1
01004,20251112,1
01004,20251113,1
01004,20251114,1
01004,20251117,1
01004,20251118,1
01004,20251119,1
01004,20251120,1
01004,20251121,1
01004,20251124,1
01004,20251125,1
01004,20251126,1
01004,20251127,1
01004,20251128,1
01004,20251201,1
01004,20251202,1
01004,20251203,1
01004,20251204,1
01004,20251205,1
01004,20251208,1
01004,20251209,1
01004,20251210,1
01004,20251211,1
01004,20251212,1
01004,20251215,1
01004,20251216,1
01004,20251217,1
01004,20251218,1
01004,20251219,1
01005,20250725,1
01005,20250728,1
01005,20250729,1
01005,20250730,1
01005,20250731,1
01005,20250916,1
01005,20250917,1
01005,20250918,1
01005,20250919,1
01005,20250922,1
01005,20250923,1
01005,20250924,1
01005,20250925,1
01005,20250926,1
01005,20250929,1
01005,20250930,1
01005,20251001,1
01005,20251002,1
01005,20251006,1
01005,20251007,1
01005,20251008,1
01005,20251009,1
01005,20251010,1
01005,20251017,1
01005,20251024,1
01005,20251031,1
01005,20251107,1
01005,20251114,1
01005,20251121,1
01005,20251128,1
01005,20251205,1
01005,20251212,1
01005,20251219,1
01005 (U-MD),20251013,1
01005 (U-MD),20251014,1
01005 (U-MD),20251015,1
01005 (U-MD),20251016,1
01005 (U-MD),20251020,1
01005 (U-MD),20251021,1
01005 (U-MD),20251022,1
01005 (U-MD),20251023,1
01005 (U-MD),20251027,1
01005 (U-MD),20251028,1
01005 (U-MD),20251029,1
01005 (U-MD),20251030,1
01005 (U-MD),20251103,1
01005 (U-MD),20251104,1
01005 (U-MD),20251105,1
01005 (U-MD),20251106,1
01005 (U-MD),20251110,1
01005 (U-MD),20251111,1
01005 (U-MD),20251112,1
01005 (U-MD),20251113,1
01005 (U-MD),20251117,1
01005 (U-MD),20251118,1
01005 (U-MD),20251119,1
01005 (U-MD),20251120,1
01005 (U-MD),20251124,1
01005 (U-MD),20251125,1
01005 (U-MD),20251126,1
01005 (U-MD),20251127,1
01005 (U-MD),20251201,1
01005 (U-MD),20251202,1
01005 (U-MD),20251203,1
01005 (U-MD),20251204,1
01005 (U-MD),20251208,1
01005 (U-MD),20251209,1
01005 (U-MD),20251210,1
01005 (U-MD),20251211,1
01005 (U-MD),20251215,1
01005 (U-MD),20251216,1
01005 (U-MD),20251217,1
01005 (U-MD),20251218,1
01005 SF MO Dult,20250901,1
01005 SF MO Dult,20250908,1
01005 SF/WF,20250801,1
01005 SF/WF,20250804,1
01005 SF/WF,20250805,1
01005 SF/WF,20250806,1
01005 SF/WF,20250807,1
01005 SF/WF,20250808,1
01005 SF/WF,20250811,1
01005 SF/WF,20250812,1
01005 SF/WF,20250813,1
01005 SF/WF,20250814,1
01005 SF/WF,20250818,1
01005 SF/WF,20250819,1
01005 SF/WF,20250820,1
01005 SF/WF,20250821,1
01005 SF/WF,20250822,1
01005 SF/WF,20250825,1
01005 SF/WF,20250826,1
01005 SF/WF,20250827,1
01005 SF/WF,20250828,1
01005 SF/WF,20250829,1
01005 SF/WF,20250902,1
01005 SF/WF,20250903,1
01005 SF/WF,20250904,1
01005 SF/WF,20250905,1
01005 SF/WF,20250909,1
01005 SF/WF,20250910,1
01005 SF/WF,20250911,1
01005 SF/WF,20250912,1
01005 SF/WF,20250915,1
01005 SF/WF,20251222,1
01005 SF/WF,20251223,1
01005 SF/WF,20251229,1
01005 SF/WF,20251230,1
01006,20250725,1
01006,20250728,1
01006,20250729,1
01006,20250730,1
01006,20250731,1
01006,20250916,1
01006,20250917,1
01006,20250918,1
01006,20250919,1
01006,20250922,1
01006,20250923,1
01006,20250924,1
01006,20250925,1
01006,20250926,1
01006,20250929,1
01006,20250930,1
01006,20251001,1
01006,20251002,1
01006,20251006,1
01006,20251007,1
01006,20251008,1
01006,20251009,1
01006,20251010,1
01006,20251017,1
01006,20251024,1
01006,20251031,1
01006,20251107,1
01006,20251114,1
01006,20251121,1
01006,20251128,1
01006,20251205,1
01006,20251212,1
01006,20251219,1
01006 (U-MD),20251013,1
01006 (U-MD),20251014,1
01006 (U-MD),20251015,1
01006 (U-MD),20251016,1
01006 (U-MD),20251020,1
01006 (U-MD),20251021,1
01006 (U-MD),20251022,1
01006 (U-MD),20251023,1
01006 (U-MD),20251027,1
01006 (U-MD),20251028,1
01006 (U-MD),20251029,1
01006 (U-MD),20251030,1
01006 (U-MD),20251103,1
01006 (U-MD),20251104,1
01006 (U-MD),20251105,1
01006 (U-MD),20251106,1
01006 (U-MD),20251110,1
01006 (U-MD),20251111,1
01006 (U-MD),20251112,1
01006 (U-MD),20251113,1
01006 (U-MD),20251117,1
01006 (U-MD),20251118,1
01006 (U-MD),20251119,1
01006 (U-MD),20251120,1
01006 (U-MD),20251124,1
01006 (U-MD),20251125,1
01006 (U-MD),20251126,1
01006 (U-MD),20251127,1
01006 (U-MD),20251201,1
01006 (U-MD),20251202,1
01006 (U-MD),20251203,1
01006 (U-MD),20251204,1
01006 (U-MD),20251208,1
01006 (U-MD),20251209,1
01006 (U-MD),20251210,1
01006 (U-MD),20251211,1
01006 (U-MD),20251215,1
01006 (U-MD),20251216,1
01006 (U-MD),20251217,1
01006 (U-MD),20251218,1
01008 SF/WF,20250801,1
01008 SF/WF,20250804,1
01008 SF/WF,20250805,1
01008 SF/WF,20250806,1
01008 SF/WF,20250807,1
01008 SF/WF,20250808,1
01008 SF/WF,20250811,1
01008 SF/WF,20250812,1
01008 SF/WF,20250813,1
01008 SF/WF,20250814,1
01008 SF/WF,20250818,1
01008 SF/WF,20250819,1
01008 SF/WF,20250820,1
01008 SF/WF,20250821,1
01008 SF/WF,20250822,1
01008 SF/WF,20250825,1
01008 SF/WF,20250826,1
01008 SF/WF,20250827,1
01008 SF/WF,20250828,1
01008 SF/WF,20250829,1
01008 SF/WF,20250901,1
01008 SF/WF,20250902,1
01008 SF/WF,20250903,1
01008 SF/WF,20250904,1
01008 SF/WF,20250905,1
01008 SF/WF,20250908,1
01008 SF/WF,20250909,1
01008 SF/WF,20250910,1
01008 SF/WF,20250911,1
01008 SF/WF,20250912,1
01008 SF/WF,20250915,1
01008 SF/WF,20251222,1
01008 SF/WF,20251223,1
01008 SF/WF,20251229,1
01008 SF/WF,20251230,1
01018,20250725,1
01018,20250728,1
01018,20250729,1
01018,20250730,1
01018,20250731,1
01018,20250916,1
01018,20250917,1
01018,20250918,1
01018,20250919,1
01018,20250922,1
01018,20250923,1
01018,20250924,1
01018,20250925,1
01018,20250926,1
01018,20250929,1
01018,20250930,1
01018,20251001,1
01018,20251002,1
01018,20251006,1
01018,20251007,1
01018,20251008,1
01018,20251009,1
01018,20251010,1
01018,20251013,1
01018,20251014,1
01018,20251015,1
01018,20251016,1
01018,20251017,1
01018,20251020,1
01018,20251021,1
01018,20251022,1
01018,20251023,1
01018,20251024,1
01018,20251027,1
01018,20251028,1
01018,20251029,1
01018,20251030,1
01018,20251031,1
01018,20251103,1
01018,20251104,1
01018,20251105,1
01018,20251106,1
01018,20251107,1
01018,20251110,1
01018,20251111,1
01018,20251112,1
01018,20251113,1
01018,20251114,1
01018,20251117,1
01018,20251118,1
01018,20251119,1
01018,20251120,1
01018,20251121,1
01018,20251124,1
01018,20251125,1
01018,20251126,1
01018,20251127,1
01018,20251128,1
01018,20251201,1
01018,20251202,1
01018,20251203,1
01018,20251204,1
01018,20251205,1
01018,20251208,1
01018,20251209,1
01018,20251210,1
01018,20251211,1
01018,20251212,1
01018,20251215,1
01018,20251216,1
01018,20251217,1
01018,20251218,1
01018,20251219,1
01101,20250725,1
01101,20250728,1
01101,20250729,1
01101,20250730,1
01101,20250731,1
01101,20250916,1
01101,20250917,1
01101,20250918,1
01101,20250919,1
01101,20250922,1
01101,20250923,1
01101,20250924,1
01101,20250925,1
01101,20250926,1
01101,20250929,1
01101,20250930,1
01101,20251001,1
01101,20251002,1
01101,20251006,1
01101,20251007,1
01101,20251008,1
01101,20251009,1
01101,20251010,1
01101,20251013,1
01101,20251014,1
01101,20251015,1
01101,20251016,1
01101,20251017,1
01101,20251020,1
01101,20251021,1
01101,20251022,1
01101,20251023,1
01101,20251024,1
01101,20251027,1
01101,20251028,1
01101,20251029,1
01101,20251030,1
01101,20251031,1
01101,20251103,1
01101,20251104,1
01101,20251105,1
01101,20251106,1
01101,20251107,1
01101,20251110,1
01101,20251111,1
01101,20251112,1
01101,20251113,1
01101,20251114,1
01101,20251117,1
01101,20251118,1
01101,20251119,1
01101,20251120,1
01101,20251121,1
01101,20251124,1
01101,20251125,1
01101,20251126,1
01101,20251127,1
01101,20251128,1
01101,20251201,1
01101,20251202,1
01101,20251203,1
01101,20251204,1
01101,20251205,1
01101,20251208,1
01101,20251209,1
01101,20251210,1
01101,20251211,1
01101,20251212,1
01101,20251215,1
01101,20251216,1
01101,20251217,1
01101,20251218,1
01101,20251219,1
01101 SF/WF,20250801,1
01101 SF/WF,20250804,1
01101 SF/WF,20250805,1
01101 SF/WF,20250806,1
01101 SF/WF,20250807,1
01101 SF/WF,20250808,1
01101 SF/WF,20250811,1
01101 SF/WF,20250812,1
01101 SF/WF,20250813,1
01101 SF/WF,20250814,1
01101 SF/WF,20250818,1
01101 SF/WF,20250819,1
01101 SF/WF,20250820,1
01101 SF/WF,20250821,1
01101 SF/WF,20250822,1
01101 SF/WF,20250825,1
01101 SF/WF,20250826,1
01101 SF/WF,20250827,1
01101 SF/WF,20250828,1
01101 SF/WF,20250829,1
01101 SF/WF,20250901,1
01101 SF/WF,20250902,1
01101 SF/WF,20250903,1
01101 SF/WF,20250904,1
01101 SF/WF,20250905,1
01101 SF/WF,20250908,1
01101 SF/WF,20250909,1
01101 SF/WF,20250910,1
01101 SF/WF,20250911,1
01101 SF/WF,20250912,1
01101 SF/WF,20250915,1
01101 SF/WF,20251222,1
01101 SF/WF,20251223,1
01101 SF/WF,20251229,1
01101 SF/WF,20251230,1
01102,20250916,1
01102,20250917,1
01102,20250918,1
01102,20250919,1
01102,20250922,1
01102,20250923,1
01102,20250924,1
01102,20250925,1
01102,20250926,1
01102,20250929,1
01102,20250930,1
01102,20251001,1
01102,20251002,1
01102,20251006,1
01102,20251007,1
01102,20251008,1
01102,20251009,1
01102,20251010,1
01102,20251013,1
01102,20251014,1
01102,20251015,1
01102,20251016,1
01102,20251017,1
01102,20251020,1
01102,20251021,1
01102,20251022,1
01102,20251023,1
01102,20251024,1
01102,20251027,1
01102,20251028,1
01102,20251029,1
01102,20251030,1
01102,20251031,1
01102,20251110,1
01102,20251111,1
01102,20251112,1
01102,20251113,1
01102,20251114,1
01102,20251117,1
01102,20251118,1
01102,20251120,1
01102,20251121,1
01102,20251124,1
01102,20251125,1
01102,20251126,1
01102,20251127,1
01102,20251128,1
01102,20251201,1
01102,20251202,1
01102,20251203,1
01102,20251204,1
01102,20251205,1
01102,20251208,1
01102,20251209,1
01102,20251210,1
01102,20251211,1
01102,20251212,1
01102,20251215,1
01102,20251216,1
01102,20251217,1
01102,20251218,1
01102,20251219,1
01102 Ferien,20251103,1
01102 Ferien,20251104,1
01102 Ferien,20251105,1
01102 Ferien,20251106,1
01102 Ferien,20251107,1
01102 Ferien,20251119,1
01102 SF/WF,20250801,1
01102 SF/WF,20250804,1
01102 SF/WF,20250805,1
01102 SF/WF,20250806,1
01102 SF/WF,20250807,1
01102 SF/WF,20250808,1
01102 SF/WF,20250811,1
01102 SF/WF,20250812,1
01102 SF/WF,20250813,1
01102 SF/WF,20250814,1
01102 SF/WF,20250818,1
01102 SF/WF,20250819,1
01102 SF/WF,20250820,1
01102 SF/WF,20250821,1
01102 SF/WF,20250822,1
01102 SF/WF,20250825,1
01102 SF/WF,20250826,1
01102 SF/WF,20250827,1
01102 SF/WF,20250828,1
01102 SF/WF,20250829,1
01102 SF/WF,20250901,1
01102 SF/WF,20250902,1
01102 SF/WF,20250903,1
01102 SF/WF,20250904,1
01102 SF/WF,20250905,1
01102 SF/WF,20250908,1
01102 SF/WF,20250909,1
01102 SF/WF,20250910,1
01102 SF/WF,20250911,1
01102 SF/WF,20250912,1
01102 SF/WF,20250915,1
01102 SF/WF,20251222,1
01102 SF/WF,20251223,1
01102 SF/WF,20251229,1
01102 SF/WF,20251230,1
01102 bis 31.07.25,20250725,1
01102 bis 31.07.25,20250728,1
01102 bis 31.07.25,20250729,1
01102 bis 31.07.25,20250730,1
01102 bis 31.07.25,20250731,1
01103 SF/WF,20250801,1
01103 SF/WF,20250804,1
01103 SF/WF,20250805,1
01103 SF/WF,20250806,1
01103 SF/WF,20250807,1
01103 SF/WF,20250808,1
01103 SF/WF,20250811,1
01103 SF/WF,20250812,1
01103 SF/WF,20250813,1
01103 SF/WF,20250814,1
01103 SF/WF,20250818,1
01103 SF/WF,20250819,1
01103 SF/WF,20250820,1
01103 SF/WF,20250821,1
01103 SF/WF,20250822,1
01103 SF/WF,20250825,1
01103 SF/WF,20250826,1
01103 SF/WF,20250827,1
01103 SF/WF,20250828,1
01103 SF/WF,20250829,1
01103 SF/WF,20250901,1
01103 SF/WF,20250902,1
01103 SF/WF,20250903,1
01103 SF/WF,20250904,1
01103 SF/WF,20250905,1
01103 SF/WF,20250908,1
01103 SF/WF,20250909,1
01103 SF/WF,20250910,1
01103 SF/WF,20250911,1
01103 SF/WF,20250912,1
01103 SF/WF,20250915,1
01103 SF/WF,20251222,1
01103 SF/WF,20251223,1
01103 SF/WF,20251229,1
01103 SF/WF,20251230,1
01104,20250916,1
01104,20250917,1
01104,20250918,1
01104,20250919,1
01104,20250922,1
01104,20250923,1
01104,20250924,1
01104,20250925,1
01104,20250926,1
01104,20250929,1
01104,20250930,1
01104,20251001,1
01104,20251002,1
01104,20251006,1
01104,20251007,1
01104,20251008,1
01104,20251009,1
01104,20251010,1
01104,20251013,1
01104,20251014,1
01104,20251015,1
01104,20251016,1
01104,20251017,1
01104,20251020,1
01104,20251021,1
01104,20251022,1
01104,20251023,1
01104,20251024,1
01104,20251027,1
01104,20251028,1
01104,20251029,1
01104,20251030,1
01104,20251031,1
01104,20251110,1
01104,20251111,1
01104,20251112,1
01104,20251113,1
01104,20251114,1
01104,20251117,1
01104,20251118,1
01104,20251120,1
01104,20251121,1
01104,20251124,1
01104,20251125,1
01104,20251126,1
01104,20251127,1
01104,20251128,1
01104,20251201,1
01104,20251202,1
01104,20251203,1
01104,20251204,1
01104,20251205,1
01104,20251208,1
01104,20251209,1
01104,20251210,1
01104,20251211,1
01104,20251212,1
01104,20251215,1
01104,20251216,1
01104,20251217,1
01104,20251218,1
01104,20251219,1
01104 Ferien,20251103,1
01104 Ferien,20251104,1
01104 Ferien,20251105,1
01104 Ferien,20251106,1
01104 Ferien,20251107,1
01104 Ferien,20251119,1
01104 SF/WF,20250801,1
01104 SF/WF,20250804,1
01104 SF/WF,20250805,1
01104 SF/WF,20250806,1
01104 SF/WF,20250807,1
01104 SF/WF,20250808,1
01104 SF/WF,20250811,1
01104 SF/WF,20250812,1
01104 SF/WF,20250813,1
01104 SF/WF,20250814,1
01104 SF/WF,20250818,1
01104 SF/WF,20250819,1
01104 SF/WF,20250820,1
01104 SF/WF,20250821,1
01104 SF/WF,20250822,1
01104 SF/WF,20250825,1
01104 SF/WF,20250826,1
01104 SF/WF,20250827,1
01104 SF/WF,20250828,1
01104 SF/WF,20250829,1
01104 SF/WF,20250901,1
01104 SF/WF,20250902,1
01104 SF/WF,20250903,1
01104 SF/WF,20250904,1
01104 SF/WF,20250905,1
01104 SF/WF,20250908,1
01104 SF/WF,20250909,1
01104 SF/WF,20250910,1
01104 SF/WF,20250911,1
01104 SF/WF,20250912,1
01104 SF/WF,20250915,1
01104 SF/WF,20251222,1
01104 SF/WF,20251223,1
01104 SF/WF,20251229,1
01104 SF/WF,20251230,1
01104 bis 31.07.25,20250725,1
01104 bis 31.07.25,20250728,1
01104 bis 31.07.25,20250729,1
01104 bis 31.07.25,20250730,1
01104 bis 31.07.25,20250731,1
01105,20250725,1
01105,20250728,1
01105,20250729,1
01105,20250730,1
01105,20250731,1
01105,20250916,1
01105,20250917,1
01105,20250918,1
01105,20250919,1
01105,20250922,1
01105,20250923,1
01105,20250924,1
01105,20250925,1
01105,20250926,1
01105,20250929,1
01105,20250930,1
01105,20251001,1
01105,20251002,1
01105,20251006,1
01105,20251007,1
01105,20251008,1
01105,20251009,1
01105,20251010,1
01105,20251013,1
01105,20251014,1
01105,20251015,1
01105,20251016,1
01105,20251017,1
01105,20251020,1
01105,20251021,1
01105,20251022,1
01105,20251023,1
01105,20251024,1
01105,20251027,1
01105,20251028,1
01105,20251029,1
01105,20251030,1
01105,20251031,1
01105,20251103,1
01105,20251104,1
01105,20251105,1
01105,20251106,1
01105,20251107,1
01105,20251110,1
01105,20251111,1
01105,20251112,1
01105,20251113,1
01105,20251114,1
01105,20251117,1
01105,20251118,1
01105,20251119,1
01105,20251120,1
01105,20251121,1
01105,20251124,1
01105,20251125,1
01105,20251126,1
01105,20251127,1
01105,20251128,1
01105,20251201,1
01105,20251202,1
01105,20251203,1
01105,20251204,1
01105,20251205,1
01105,20251208,1
01105,20251209,1
01105,20251210,1
01105,20251211,1
01105,20251212,1
01105,20251215,1
01105,20251216,1
01105,20251217,1
01105,20251218,1
01105,20251219,1
01105 SF/WF,20250801,1
01105 SF/WF,20250804,1
01105 SF/WF,20250805,1
01105 SF/WF,20250806,1
01105 SF/WF,20250807,1
01105 SF/WF,20250808,1
01105 SF/WF,20250811,1
01105 SF/WF,20250812,1
01105 SF/WF,20250813,1
01105 SF/WF,20250814,1
01105 SF/WF,20250818,1
01105 SF/WF,20250819,1
01105 SF/WF,20250820,1
01105 SF/WF,20250821,1
01105 SF/WF,20250822,1
01105 SF/WF,20250825,1
01105 SF/WF,20250826,1
01105 SF/WF,20250827,1
01105 SF/WF,20250828,1
01105 SF/WF,20250829,1
01105 SF/WF,20250901,1
01105 SF/WF,20250902,1
01105 SF/WF,20250903,1
01105 SF/WF,20250904,1
01105 SF/WF,20250905,1
01105 SF/WF,20250908,1
01105 SF/WF,20250909,1
01105 SF/WF,20250910,1
01105 SF/WF,20250911,1
01105 SF/WF,20250912,1
01105 SF/WF,20250915,1
01105 SF/WF,20251222,1
01105 SF/WF,20251223,1
01105 SF/WF,20251229,1
01105 SF/WF,20251230,1
01107 FR,20250919,1
01107 FR,20250926,1
01107 FR,20251010,1
01107 FR,20251017,1
01107 FR,20251024,1
01107 FR,20251031,1
01107 FR,20251114,1
01107 FR,20251121,1
01107 FR,20251128,1
01107 FR,20251205,1
01107 FR,20251212,1
01107 FR,20251219,1
01107 FR bis 25.07.25,20250725,1
01107 Ferien,20251103,1
01107 Ferien,20251104,1
01107 Ferien,20251105,1
01107 Ferien,20251106,1
01107 Ferien,20251107,1
01107 Ferien,20251119,1
01107 MD,20250916,1
01107 MD,20250917,1
01107 MD,20250918,1
01107 MD,20250922,1
01107 MD,20250923,1
01107 MD,20250924,1
01107 MD,20250925,1
01107 MD,20250929,1
01107 MD,20250930,1
01107 MD,20251001,1
01107 MD,20251002,1
01107 MD,20251006,1
01107 MD,20251007,1
01107 MD,20251008,1
01107 MD,20251009,1
01107 MD,20251013,1
01107 MD,20251014,1
01107 MD,20251015,1
01107 MD,20251016,1
01107 MD,20251020,1
01107 MD,20251021,1
01107 MD,20251022,1
01107 MD,20251023,1
01107 MD,20251027,1
01107 MD,20251028,1
01107 MD,20251029,1
01107 MD,20251030,1
01107 MD,20251110,1
01107 MD,20251111,1
01107 MD,20251112,1
01107 MD,20251113,1
01107 MD,20251117,1
01107 MD,20251118,1
01107 MD,20251120,1
01107 MD,20251124,1
01107 MD,20251125,1
01107 MD,20251126,1
01107 MD,20251127,1
01107 MD,20251201,1
01107 MD,20251202,1
01107 MD,20251203,1
01107 MD,20251204,1
01107 MD,20251208,1
01107 MD,20251209,1
01107 MD,20251210,1
01107 MD,20251211,1
01107 MD,20251215,1
01107 MD,20251216,1
01107 MD,20251217,1
01107 MD,20251218,1
01107 MD bis 31.07.25,20250728,1
01107 MD bis 31.07.25,20250729,1
01107 MD bis 31.07.25,20250730,1
01107 MD bis 31.07.25,20250731,1
01107 SF/WF,20250801,1
01107 SF/WF,20250804,1
01107 SF/WF,20250805,1
01107 SF/WF,20250806,1
01107 SF/WF,20250807,1
01107 SF/WF,20250808,1
01107 SF/WF,20250811,1
01107 SF/WF,20250812,1
01107 SF/WF,20250813,1
01107 SF/WF,20250814,1
01107 SF/WF,20250818,1
01107 SF/WF,20250819,1
01107 SF/WF,20250820,1
01107 SF/WF,20250821,1
01107 SF/WF,20250822,1
01107 SF/WF,20250825,1
01107 SF/WF,20250826,1
01107 SF/WF,20250827,1
01107 SF/WF,20250828,1
01107 SF/WF,20250829,1
01107 SF/WF,20250901,1
01107 SF/WF,20250902,1
01107 SF/WF,20250903,1
01107 SF/WF,20250904,1
01107 SF/WF,20250905,1
01107 SF/WF,20250908,1
01107 SF/WF,20250909,1
01107 SF/WF,20250910,1
01107 SF/WF,20250911,1
01107 SF/WF,20250912,1
01107 SF/WF,20250915,1
01107 SF/WF,20251222,1
01107 SF/WF,20251223,1
01107 SF/WF,20251229,1
01107 SF/WF,20251230,1
01110 SF/WF,20250801,1
01110 SF/WF,20250804,1
01110 SF/WF,20250805,1
01110 SF/WF,20250806,1
01110 SF/WF,20250807,1
01110 SF/WF,20250808,1
01110 SF/WF,20250811,1
01110 SF/WF,20250812,1
01110 SF/WF,20250813,1
01110 SF/WF,20250814,1
01110 SF/WF,20250818,1
01110 SF/WF,20250819,1
01110 SF/WF,20250820,1
01110 SF/WF,20250821,1
01110 SF/WF,20250822,1
01110 SF/WF,20250825,1
01110 SF/WF,20250826,1
01110 SF/WF,20250827,1
01110 SF/WF,20250828,1
01110 SF/WF,20250829,1
01110 SF/WF,20250901,1
01110 SF/WF,20250902,1
01110 SF/WF,20250903,1
01110 SF/WF,20250904,1
01110 SF/WF,20250905,1
01110 SF/WF,20250908,1
01110 SF/WF,20250909,1
01110 SF/WF,20250910,1
01110 SF/WF,20250911,1
01110 SF/WF,20250912,1
01110 SF/WF,20250915,1
01110 SF/WF,20251222,1
01110 SF/WF,20251223,1
01110 SF/WF,20251229,1
01110 SF/WF,20251230,1
01113,20250929,1
01113,20250930,1
01113,20251001,1
01113,20251002,1
01113,20251006,1
01113,20251007,1
01113,20251008,1
01113,20251009,1
01113,20251010,1
01113,20251013,1
01113,20251014,1
01113,20251015,1
01113,20251016,1
01113,20251017,1
01113,20251020,1
01113,20251021,1
01113,20251022,1
01113,20251023,1
01113,20251024,1
01113,20251027,1
01113,20251028,1
01113,20251029,1
01113,20251030,1
01113,20251031,1
01113,20251110,1
01113,20251111,1
01113,20251112,1
01113,20251113,1
01113,20251114,1
01113,20251117,1
01113,20251118,1
01113,20251120,1
01113,20251121,1
01113,20251124,1
01113,20251125,1
01113,20251126,1
01113,20251127,1
01113,20251128,1
01113,20251201,1
01113,20251202,1
01113,20251203,1
01113,20251204,1
01113,20251205,1
01113,20251208,1
01113,20251209,1
01113,20251210,1
01113,20251211,1
01113,20251212,1
01113,20251215,1
01113,20251216,1
01113,20251217,1
01113,20251218,1
01113,20251219,1
01113 Ferien,20251103,1
01113 Ferien,20251104,1
01113 Ferien,20251105,1
01113 Ferien,20251106,1
01113 Ferien,20251107,1
01113 Ferien,20251119,1
01113 bis 31.07.25[2025-7-25],20250725,1
01113 bis 31.07.25[2025-7-25],20250728,1
01113 bis 31.07.25[2025-7-25],20250729,1
01113 bis 31.07.25[2025-7-25],20250730,1
01113 bis 31.07.25[2025-7-25],20250731,1
01113[2025-9-16],20250916,1
01113[2025-9-16],20250917,1
01113[2025-9-16],20250918,1
01113[2025-9-16],20250919,1
01113[2025-9-16],20250922,1
01113[2025-9-16],20250923,1
01113[2025-9-16],20250924,1
01113[2025-9-16],20250925,1
01113[2025-9-16],20250926,1
01116 Ferien,20251103,1
01116 Ferien,20251104,1
01116 Ferien,20251105,1
01116 Ferien,20251106,1
01116 Ferien,20251107,1
01116 Ferien,20251119,1
01116 SF/WF,20250801,1
01116 SF/WF,20250804,1
01116 SF/WF,20250805,1
01116 SF/WF,20250806,1
01116 SF/WF,20250807,1
01116 SF/WF,20250808,1
01116 SF/WF,20250811,1
01116 SF/WF,20250812,1
01116 SF/WF,20250813,1
01116 SF/WF,20250814,1
01116 SF/WF,20250818,1
01116 SF/WF,20250819,1
01116 SF/WF,20250820,1
01116 SF/WF,20250821,1
01116 SF/WF,20250822,1
01116 SF/WF,20250825,1
01116 SF/WF,20250826,1
01116 SF/WF,20250827,1
01116 SF/WF,20250828,1
01116 SF/WF,20250829,1
01116 SF/WF,20250901,1
01116 SF/WF,20250902,1
01116 SF/WF,20250903,1
01116 SF/WF,20250904,1
01116 SF/WF,20250905,1
01116 SF/WF,20250908,1
01116 SF/WF,20250909,1
01116 SF/WF,20250910,1
01116 SF/WF,20250911,1
01116 SF/WF,20250912,1
01116 SF/WF,20251222,1
01116 SF/WF,20251223,1
01116 SF/WF,20251229,1
01116 SF/WF,20251230,1
01801 SF/WF,20251222,1
01801 SF/WF,20251223,1
01801 SF/WF,20251229,1
01801 SF/WF,20251230,1
01801 SF/WF[2025-8-1],20250801,1
01801 SF/WF[2025-8-1],20250804,1
01801 SF/WF[2025-8-1],20250805,1
01801 SF/WF[2025-8-1],20250806,1
01801 SF/WF[2025-8-1],20250807,1
01801 SF/WF[2025-8-1],20250808,1
01801 SF/WF[2025-8-1],20250811,1
01801 SF/WF[2025-8-1],20250812,1
01801 SF/WF[2025-8-1],20250813,1
01801 SF/WF[2025-8-1],20250814,1
01801 SF/WF[2025-8-1],20250818,1
01801 SF/WF[2025-8-1],20250819,1
01801 SF/WF[2025-8-1],20250820,1
01801 SF/WF[2025-8-1],20250821,1
01801 SF/WF[2025-8-1],20250822,1
01801 SF/WF[2025-8-1],20250825,1
01801 SF/WF[2025-8-1],20250826,1
01801 SF/WF[2025-8-1],20250827,1
01801 SF/WF[2025-8-1],20250828,1
01801 SF/WF[2025-8-1],20250829,1
01801 SF/WF[2025-8-1],20250901,1
01801 SF/WF[2025-8-1],20250902,1
01801 SF/WF[2025-8-1],20250903,1
01801 SF/WF[2025-8-1],20250904,1
01801 SF/WF[2025-8-1],20250905,1
01801 SF/WF[2025-8-1],20250908,1
01801 SF/WF[2025-8-1],20250909,1
01801 SF/WF[2025-8-1],20250910,1
01801 SF/WF[2025-8-1],20250911,1
01801 SF/WF[2025-8-1],20250912,1
01801 SF/WF[2025-8-1],20250915,1
01801 bis 31.07.25[2025-7-24],20250725,1
01801 bis 31.07.25[2025-7-24],20250728,1
01801 bis 31.07.25[2025-7-24],20250729,1
01801 bis 31.07.25[2025-7-24],20250730,1
01801 bis 31.07.25[2025-7-24],20250731,1
01801[2025-9-16],20250916,1
01801[2025-9-16],20250917,1
01801[2025-9-16],20250918,1
01801[2025-9-16],20250919,1
01801[2025-9-16],20250922,1
01801[2025-9-16],20250923,1
01801[2025-9-16],20250924,1
01801[2025-9-16],20250925,1
01801[2025-9-16],20250926,1
01801[2025-9-16],20250929,1
01801[2025-9-16],20250930,1
01801[2025-9-16],20251001,1
01801[2025-9-16],20251002,1
01801[2025-9-16],20251006,1
01801[2025-9-16],20251007,1
01801[2025-9-16],20251008,1
01801[2025-9-16],20251009,1
01801[2025-9-16],20251010,1
01801[2025-9-16],20251013,1
01801[2025-9-16],20251014,1
01801[2025-9-16],20251015,1
01801[2025-9-16],20251016,1
01801[2025-9-16],20251017,1
01801[2025-9-16],20251020,1
01801[2025-9-16],20251021,1
01801[2025-9-16],20251022,1
01801[2025-9-16],20251023,1
01801[2025-9-16],20251024,1
01801[2025-9-16],20251027,1
01801[2025-9-16],20251028,1
01801[2025-9-16],20251029,1
01801[2025-9-16],20251030,1
01801[2025-9-16],20251031,1
01801[2025-9-16],20251103,1
01801[2025-9-16],20251104,1
01801[2025-9-16],20251105,1
01801[2025-9-16],20251106,1
01801[2025-9-16],20251107,1
01801[2025-9-16],20251110,1
01801[2025-9-16],20251111,1
01801[2025-9-16],20251112,1
01801[2025-9-16],20251113,1
01801[2025-9-16],20251114,1
01801[2025-9-16],20251117,1
01801[2025-9-16],20251118,1
01801[2025-9-16],20251119,1
01801[2025-9-16],20251120,1
01801[2025-9-16],20251121,1
01801[2025-9-16],20251124,1
01801[2025-9-16],20251125,1
01801[2025-9-16],20251126,1
01801[2025-9-16],20251127,1
01801[2025-9-16],20251128,1
01801[2025-9-16],20251201,1
01801[2025-9-16],20251202,1
01801[2025-9-16],20251203,1
01801[2025-9-16],20251204,1
01801[2025-9-16],20251205,1
01801[2025-9-16],20251208,1
01801[2025-9-16],20251209,1
01801[2025-9-16],20251210,1
01801[2025-9-16],20251211,1
01801[2025-9-16],20251212,1
01801[2025-9-16],20251215,1
01801[2025-9-16],20251216,1
01801[2025-9-16],20251217,1
01801[2025-9-16],20251218,1
01801[2025-9-16],20251219,1
01802 SF/WF,20251222,1
01802 SF/WF,20251223,1
01802 SF/WF,20251229,1
01802 SF/WF,20251230,1
01802 SF/WF[2025-8-1],20250801,1
01802 SF/WF[2025-8-1],20250804,1
01802 SF/WF[2025-8-1],20250805,1
01802 SF/WF[2025-8-1],20250806,1
01802 SF/WF[2025-8-1],20250807,1
01802 SF/WF[2025-8-1],20250808,1
01802 SF/WF[2025-8-1],20250811,1
01802 SF/WF[2025-8-1],20250812,1
01802 SF/WF[2025-8-1],20250813,1
01802 SF/WF[2025-8-1],20250814,1
01802 SF/WF[2025-8-1],20250818,1
01802 SF/WF[2025-8-1],20250819,1
01802 SF/WF[2025-8-1],20250820,1
01802 SF/WF[2025-8-1],20250821,1
01802 SF/WF[2025-8-1],20250822,1
01802 SF/WF[2025-8-1],20250825,1
01802 SF/WF[2025-8-1],20250826,1
01802 SF/WF[2025-8-1],20250827,1
01802 SF/WF[2025-8-1],20250828,1
01802 SF/WF[2025-8-1],20250829,1
01802 SF/WF[2025-8-1],20250901,1
01802 SF/WF[2025-8-1],20250902,1
01802 SF/WF[2025-8-1],20250903,1
01802 SF/WF[2025-8-1],20250904,1
01802 SF/WF[2025-8-1],20250905,1
01802 SF/WF[2025-8-1],20250908,1
01802 SF/WF[2025-8-1],20250909,1
01802 SF/WF[2025-8-1],20250910,1
01802 SF/WF[2025-8-1],20250911,1
01802 SF/WF[2025-8-1],20250912,1
01802 SF/WF[2025-8-1],20250915,1
01802 mit Eisl.[2025-10-1],20251001,1
01802 mit Eisl.[2025-10-1],20251002,1
01802 mit Eisl.[2025-10-1],20251008,1
01802 mit Eisl.[2025-10-1],20251009,1
01802 mit Eisl.[2025-10-1],20251010,1
01802 mit Eisl.[2025-10-1],20251015,1
01802 mit Eisl.[2025-10-1],20251016,1
01802 mit Eisl.[2025-10-1],20251017,1
01802 mit Eisl.[2025-10-1],20251022,1
01802 mit Eisl.[2025-10-1],20251023,1
01802 mit Eisl.[2025-10-1],20251024,1
01802 mit Eisl.[2025-10-1],20251029,1
01802 mit Eisl.[2025-10-1],20251030,1
01802 mit Eisl.[2025-10-1],20251031,1
01802 mit Eisl.[2025-10-1],20251105,1
01802 mit Eisl.[2025-10-1],20251106,1
01802 mit Eisl.[2025-10-1],20251107,1
01802 mit Eisl.[2025-10-1],20251112,1
01802 mit Eisl.[2025-10-1],20251113,1
01802 mit Eisl.[2025-10-1],20251114,1
01802 mit Eisl.[2025-10-1],20251119,1
01802 mit Eisl.[2025-10-1],20251120,1
01802 mit Eisl.[2025-10-1],20251121,1
01802 mit Eisl.[2025-10-1],20251126,1
01802 mit Eisl.[2025-10-1],20251127,1
01802 mit Eisl.[2025-10-1],20251128,1
01802 mit Eisl.[2025-10-1],20251203,1
01802 mit Eisl.[2025-10-1],20251204,1
01802 mit Eisl.[2025-10-1],20251205,1
01802 mit Eisl.[2025-10-1],20251210,1
01802 mit Eisl.[2025-10-1],20251211,1
01802 mit Eisl.[2025-10-1],20251212,1
01802 mit Eisl.[2025-10-1],20251217,1
01802 mit Eisl.[2025-10-1],20251218,1
01802 mit Eisl.[2025-10-1],20251219,1
01802[2025-7-24],20250725,1
01802[2025-7-24],20250728,1
01802[2025-7-24],20250729,1
01802[2025-7-24],20250730,1
01802[2025-7-24],20250731,1
01802[2025-7-24],20250916,1
01802[2025-7-24],20250917,1
01802[2025-7-24],20250918,1
01802[2025-7-24],20250919,1
01802[2025-7-24],20250922,1
01802[2025-7-24],20250923,1
01802[2025-7-24],20250924,1
01802[2025-7-24],20250925,1
01802[2025-7-24],20250926,1
01802[2025-7-24],20250929,1
01802[2025-7-24],20250930,1
01802[2025-7-24],20251006,1
01802[2025-7-24],20251007,1
01802[2025-7-24],20251013,1
01802[2025-7-24],20251014,1
01802[2025-7-24],20251020,1
01802[2025-7-24],20251021,1
01802[2025-7-24],20251027,1
01802[2025-7-24],20251028,1
01802[2025-7-24],20251103,1
01802[2025-7-24],20251104,1
01802[2025-7-24],20251110,1
01802[2025-7-24],20251111,1
01802[2025-7-24],20251117,1
01802[2025-7-24],20251118,1
01802[2025-7-24],20251124,1
01802[2025-7-24],20251125,1
01802[2025-7-24],20251201,1
01802[2025-7-24],20251202,1
01802[2025-7-24],20251208,1
01802[2025-7-24],20251209,1
01802[2025-7-24],20251215,1
01802[2025-7-24],20251216,1
01820 Ferien[2025-11-3],20251103,1
01820 Ferien[2025-11-3],20251104,1
01820 Ferien[2025-11-3],20251105,1
01820 Ferien[2025-11-3],20251106,1
01820 Ferien[2025-11-3],20251107,1
01820 Ferien[2025-11-3],20251119,1
01820 SF/WF,20251222,1
01820 SF/WF,20251223,1
01820 SF/WF,20251229,1
01820 SF/WF,20251230,1
01820 SF/WF bis 15.09.25[2025-8-1],20250801,1
01820 SF/WF bis 15.09.25[2025-8-1],20250804,1
01820 SF/WF bis 15.09.25[2025-8-1],20250805,1
01820 SF/WF bis 15.09.25[2025-8-1],20250806,1
01820 SF/WF bis 15.09.25[2025-8-1],20250807,1
01820 SF/WF bis 15.09.25[2025-8-1],20250808,1
01820 SF/WF bis 15.09.25[2025-8-1],20250811,1
01820 SF/WF bis 15.09.25[2025-8-1],20250812,1
01820 SF/WF bis 15.09.25[2025-8-1],20250813,1
01820 SF/WF bis 15.09.25[2025-8-1],20250814,1
01820 SF/WF bis 15.09.25[2025-8-1],20250818,1
01820 SF/WF bis 15.09.25[2025-8-1],20250819,1
01820 SF/WF bis 15.09.25[2025-8-1],20250820,1
01820 SF/WF bis 15.09.25[2025-8-1],20250821,1
01820 SF/WF bis 15.09.25[2025-8-1],20250822,1
01820 SF/WF bis 15.09.25[2025-8-1],20250825,1
01820 SF/WF bis 15.09.25[2025-8-1],20250826,1
01820 SF/WF bis 15.09.25[2025-8-1],20250827,1
01820 SF/WF bis 15.09.25[2025-8-1],20250828,1
01820 SF/WF bis 15.09.25[2025-8-1],20250829,1
01820 SF/WF bis 15.09.25[2025-8-1],20250901,1
01820 SF/WF bis 15.09.25[2025-8-1],20250902,1
01820 SF/WF bis 15.09.25[2025-8-1],20250903,1
01820 SF/WF bis 15.09.25[2025-8-1],20250904,1
01820 SF/WF bis 15.09.25[2025-8-1],20250905,1
01820 SF/WF bis 15.09.25[2025-8-1],20250908,1
01820 SF/WF bis 15.09.25[2025-8-1],20250909,1
01820 SF/WF bis 15.09.25[2025-8-1],20250910,1
01820 SF/WF bis 15.09.25[2025-8-1],20250911,1
01820 SF/WF bis 15.09.25[2025-8-1],20250912,1
01820 SF/WF bis 15.09.25[2025-8-1],20250915,1
03904 SF/WF,20251222,1
03904 SF/WF,20251223,1
03904 SF/WF,20251229,1
03904 SF/WF,20251230,1
03904 SF/WF bis 15.09.25,20250801,1
03904 SF/WF bis 15.09.25,20250804,1
03904 SF/WF bis 15.09.25,20250805,1
03904 SF/WF bis 15.09.25,20250806,1
03904 SF/WF bis 15.09.25,20250807,1
03904 SF/WF bis 15.09.25,20250808,1
03904 SF/WF bis 15.09.25,20250811,1
03904 SF/WF bis 15.09.25,20250812,1
03904 SF/WF bis 15.09.25,20250813,1
03904 SF/WF bis 15.09.25,20250814,1
03904 SF/WF bis 15.09.25,20250818,1
03904 SF/WF bis 15.09.25,20250819,1
03904 SF/WF bis 15.09.25,20250820,1
03904 SF/WF bis 15.09.25,20250821,1
03904 SF/WF bis 15.09.25,20250822,1
03904 SF/WF bis 15.09.25,20250825,1
03904 SF/WF bis 15.09.25,20250826,1
03904 SF/WF bis 15.09.25,20250827,1
03904 SF/WF bis 15.09.25,20250828,1
03904 SF/WF bis 15.09.25,20250829,1
03904 SF/WF bis 15.09.25,20250901,1
03904 SF/WF bis 15.09.25,20250902,1
03904 SF/WF bis 15.09.25,20250903,1
03904 SF/WF bis 15.09.25,20250904,1
03904 SF/WF bis 15.09.25,20250905,1
03904 SF/WF bis 15.09.25,20250908,1
03904 SF/WF bis 15.09.25,20250909,1
03904 SF/WF bis 15.09.25,20250910,1
03904 SF/WF bis 15.09.25,20250911,1
03904 SF/WF bis 15.09.25,20250912,1
03904 SF/WF bis 15.09.25,20250915,1
03905 SF/WF,20250801,1
03905 SF/WF,20250804,1
03905 SF/WF,20250805,1
03905 SF/WF,20250806,1
03905 SF/WF,20250807,1
03905 SF/WF,20250808,1
03905 SF/WF,20250811,1
03905 SF/WF,20250812,1
03905 SF/WF,20250813,1
03905 SF/WF,20250814,1
03905 SF/WF,20250818,1
03905 SF/WF,20250819,1
03905 SF/WF,20250820,1
03905 SF/WF,20250821,1
03905 SF/WF,20250822,1
03905 SF/WF,20250825,1
03905 SF/WF,20250826,1
03905 SF/WF,20250827,1
03905 SF/WF,20250828,1
03905 SF/WF,20250829,1
03905 SF/WF,20250901,1
03905 SF/WF,20250902,1
03905 SF/WF,20250903,1
03905 SF/WF,20250904,1
03905 SF/WF,20250905,1
03905 SF/WF,20250908,1
03905 SF/WF,20250909,1
03905 SF/WF,20250910,1
03905 SF/WF,20250911,1
03905 SF/WF,20250912,1
03905 SF/WF,20250915,1
03905 SF/WF,20251222,1
03905 SF/WF,20251223,1
03905 SF/WF,20251229,1
03905 SF/WF,20251230,1
03906,20250725,1
03906,20250728,1
03906,20250729,1
03906,20250730,1
03906,20250731,1
03906,20250916,1
03906,20250917,1
03906,20250918,1
03906,20250919,1
03906,20250922,1
03906,20250923,1
03906,20250924,1
03906,20250925,1
03906,20250926,1
03906,20250929,1
03906,20250930,1
03906,20251001,1
03906,20251002,1
03906,20251006,1
03906,20251007,1
03906,20251008,1
03906,20251009,1
03906,20251010,1
03906,20251013,1
03906,20251014,1
03906,20251015,1
03906,20251016,1
03906,20251017,1
03906,20251020,1
03906,20251021,1
03906,20251022,1
03906,20251023,1
03906,20251024,1
03906,20251027,1
03906,20251028,1
03906,20251029,1
03906,20251030,1
03906,20251031,1
03906,20251103,1
03906,20251104,1
03906,20251105,1
03906,20251106,1
03906,20251107,1
03906,20251110,1
03906,20251111,1
03906,20251112,1
03906,20251113,1
03906,20251114,1
03906,20251117,1
03906,20251118,1
03906,20251119,1
03906,20251120,1
03906,20251121,1
03906,20251124,1
03906,20251125,1
03906,20251126,1
03906,20251127,1
03906,20251128,1
03906,20251201,1
03906,20251202,1
03906,20251203,1
03906,20251204,1
03906,20251205,1
03906,20251208,1
03906,20251209,1
03906,20251210,1
03906,20251211,1
03906,20251212,1
03906,20251215,1
03906,20251216,1
03906,20251217,1
03906,20251218,1
03906,20251219,1
03907,20250725,1
03907,20250728,1
03907,20250729,1
03907,20250730,1
03907,20250731,1
03907,20250916,1
03907,20250917,1
03907,20250918,1
03907,20250919,1
03907,20250922,1
03907,20250923,1
03907,20250924,1
03907,20250925,1
03907,20250926,1
03907,20250929,1
03907,20250930,1
03907,20251001,1
03907,20251002,1
03907,20251006,1
03907,20251007,1
03907,20251008,1
03907,20251009,1
03907,20251010,1
03907,20251013,1
03907,20251014,1
03907,20251015,1
03907,20251016,1
03907,20251017,1
03907,20251020,1
03907,20251021,1
03907,20251022,1
03907,20251023,1
03907,20251024,1
03907,20251027,1
03907,20251028,1
03907,20251029,1
03907,20251030,1
03907,20251031,1
03907,20251103,1
03907,20251104,1
03907,20251105,1
03907,20251106,1
03907,20251107,1
03907,20251110,1
03907,20251111,1
03907,20251112,1
03907,20251113,1
03907,20251114,1
03907,20251117,1
03907,20251118,1
03907,20251119,1
03907,20251120,1
03907,20251121,1
03907,20251124,1
03907,20251125,1
03907,20251126,1
03907,20251127,1
03907,20251128,1
03907,20251201,1
03907,20251202,1
03907,20251203,1
03907,20251204,1
03907,20251205,1
03907,20251208,1
03907,20251209,1
03907,20251210,1
03907,20251211,1
03907,20251212,1
03907,20251215,1
03907,20251216,1
03907,20251217,1
03907,20251218,1
03907,20251219,1
03907 SF/WF,20250801,1
03907 SF/WF,20250804,1
03907 SF/WF,20250805,1
03907 SF/WF,20250806,1
03907 SF/WF,20250807,1
03907 SF/WF,20250808,1
03907 SF/WF,20250811,1
03907 SF/WF,20250812,1
03907 SF/WF,20250813,1
03907 SF/WF,20250814,1
03907 SF/WF,20250818,1
03907 SF/WF,20250819,1
03907 SF/WF,20250820,1
03907 SF/WF,20250821,1
03907 SF/WF,20250822,1
03907 SF/WF,20250825,1
03907 SF/WF,20250826,1
03907 SF/WF,20250827,1
03907 SF/WF,20250828,1
03907 SF/WF,20250829,1
03907 SF/WF,20250901,1
03907 SF/WF,20250902,1
03907 SF/WF,20250903,1
03907 SF/WF,20250904,1
03907 SF/WF,20250905,1
03907 SF/WF,20250908,1
03907 SF/WF,20250909,1
03907 SF/WF,20250910,1
03907 SF/WF,20250911,1
03907 SF/WF,20250912,1
03907 SF/WF,20250915,1
03907 SF/WF,20251222,1
03907 SF/WF,20251223,1
03907 SF/WF,20251229,1
03907 SF/WF,20251230,1
03909 SF/WF,20250801,1
03909 SF/WF,20250804,1
03909 SF/WF,20250805,1
03909 SF/WF,20250806,1
03909 SF/WF,20250807,1
03909 SF/WF,20250808,1
03909 SF/WF,20250811,1
03909 SF/WF,20250812,1
03909 SF/WF,20250813,1
03909 SF/WF,20250814,1
03909 SF/WF,20250818,1
03909 SF/WF,20250819,1
03909 SF/WF,20250820,1
03909 SF/WF,20250821,1
03909 SF/WF,20250822,1
03909 SF/WF,20250825,1
03909 SF/WF,20250826,1
03909 SF/WF,20250827,1
03909 SF/WF,20250828,1
03909 SF/WF,20250829,1
03909 SF/WF,20250901,1
03909 SF/WF,20250902,1
03909 SF/WF,20250903,1
03909 SF/WF,20250904,1
03909 SF/WF,20250905,1
03909 SF/WF,20250908,1
03909 SF/WF,20250909,1
03909 SF/WF,20250910,1
03909 SF/WF,20250911,1
03909 SF/WF,20250912,1
03909 SF/WF,20250915,1
03909 SF/WF,20251222,1
03909 SF/WF,20251223,1
03909 SF/WF,20251229,1
03909 SF/WF,20251230,1
03914,20250916,1
03914,20250917,1
03914,20250918,1
03914,20250919,1
03914,20250922,1
03914,20250923,1
03914,20250924,1
03914,20250925,1
03914,20250926,1
03914,20250929,1
03914,20250930,1
03914,20251001,1
03914,20251002,1
03914,20251006,1
03914,20251007,1
03914,20251008,1
03914,20251009,1
03914,20251010,1
03914,20251013,1
03914,20251014,1
03914,20251015,1
03914,20251016,1
03914,20251017,1
03914,20251020,1
03914,20251021,1
03914,20251022,1
03914,20251023,1
03914,20251024,1
03914,20251027,1
03914,20251028,1
03914,20251029,1
03914,20251030,1
03914,20251031,1
03914,20251103,1
03914,20251104,1
03914,20251105,1
03914,20251106,1
03914,20251107,1
03914,20251110,1
03914,20251111,1
03914,20251112,1
03914,20251113,1
03914,20251114,1
03914,20251117,1
03914,20251118,1
03914,20251119,1
03914,20251120,1
03914,20251121,1
03914,20251124,1
03914,20251125,1
03914,20251126,1
03914,20251127,1
03914,20251128,1
03914,20251201,1
03914,20251202,1
03914,20251203,1
03914,20251204,1
03914,20251205,1
03914,20251208,1
03914,20251209,1
03914,20251210,1
03914,20251211,1
03914,20251212,1
03914,20251215,1
03914,20251216,1
03914,20251217,1
03914,20251218,1
03914,20251219,1
03914 bis 31.07.25,20250725,1
03914 bis 31.07.25,20250728,1
03914 bis 31.07.25,20250729,1
03914 bis 31.07.25,20250730,1
03914 bis 31.07.25,20250731,1
03917,20250725,1
03917,20251013,1
03917,20251014,1
03917,20251015,1
03917,20251016,1
03917,20251017,1
03917,20251020,1
03917,20251021,1
03917,20251022,1
03917,20251023,1
03917,20251024,1
03917,20251027,1
03917,20251028,1
03917,20251029,1
03917,20251030,1
03917,20251031,1
03917,20251103,1
03917,20251104,1
03917,20251105,1
03917,20251106,1
03917,20251110,1
03917,20251111,1
03917,20251112,1
03917,20251113,1
03917,20251114,1
03917,20251117,1
03917,20251118,1
03917,20251119,1
03917,20251120,1
03917,20251121,1
03917,20251124,1
03917,20251125,1
03917,20251126,1
03917,20251127,1
03917,20251128,1
03917,20251201,1
03917,20251202,1
03917,20251203,1
03917,20251204,1
03917,20251205,1
03917,20251208,1
03917,20251209,1
03917,20251210,1
03917,20251211,1
03917,20251212,1
03917,20251215,1
03917,20251216,1
03917,20251217,1
03917,20251218,1
03917,20251219,1
03917 SF/WF,20250801,1
03917 SF/WF,20250804,1
03917 SF/WF,20250805,1
03917 SF/WF,20250806,1
03917 SF/WF,20250807,1
03917 SF/WF,20250808,1
03917 SF/WF,20250811,1
03917 SF/WF,20250812,1
03917 SF/WF,20250813,1
03917 SF/WF,20250814,1
03917 SF/WF,20250818,1
03917 SF/WF,20250819,1
03917 SF/WF,20250820,1
03917 SF/WF,20250821,1
03917 SF/WF,20250822,1
03917 SF/WF,20250825,1
03917 SF/WF,20250826,1
03917 SF/WF,20250827,1
03917 SF/WF,20250828,1
03917 SF/WF,20250829,1
03917 SF/WF,20250901,1
03917 SF/WF,20250902,1
03917 SF/WF,20250903,1
03917 SF/WF,20250904,1
03917 SF/WF,20250905,1
03917 SF/WF,20250908,1
03917 SF/WF,20250909,1
03917 SF/WF,20250910,1
03917 SF/WF,20250911,1
03917 SF/WF,20250912,1
03917 SF/WF,20250915,1
03917 SF/WF,20251222,1
03917 SF/WF,20251223,1
03917 SF/WF,20251229,1
03917 SF/WF,20251230,1
03942,20250929,1
03942,20250930,1
03942,20251001,1
03942,20251002,1
03942,20251006,1
03942,20251007,1
03942,20251008,1
03942,20251009,1
03942,20251010,1
03942,20251013,1
03942,20251014,1
03942,20251015,1
03942,20251016,1
03942,20251017,1
03942,20251020,1
03942,20251021,1
03942,20251022,1
03942,20251023,1
03942,20251024,1
03942,20251027,1
03942,20251028,1
03942,20251029,1
03942,20251030,1
03942,20251031,1
03942,20251110,1
03942,20251111,1
03942,20251112,1
03942,20251113,1
03942,20251114,1
03942,20251117,1
03942,20251118,1
03942,20251120,1
03942,20251121,1
03942,20251124,1
03942,20251125,1
03942,20251126,1
03942,20251127,1
03942,20251128,1
03942,20251201,1
03942,20251202,1
03942,20251203,1
03942,20251204,1
03942,20251205,1
03942,20251208,1
03942,20251209,1
03942,20251210,1
03942,20251211,1
03942,20251212,1
03942,20251215,1
03942,20251216,1
03942,20251217,1
03942,20251218,1
03942,20251219,1
03942 Ferien,20251103,1
03942 Ferien,20251104,1
03942 Ferien,20251105,1
03942 Ferien,20251106,1
03942 Ferien,20251119,1
03942 Ferien (U-FR),20251107,1
03942 bis 31.07.25[2025-7-25],20250725,1
03942 bis 31.07.25[2025-7-25],20250728,1
03942 bis 31.07.25[2025-7-25],20250729,1
03942 bis 31.07.25[2025-7-25],20250730,1
03942 bis 31.07.25[2025-7-25],20250731,1
03942[2025-9-16],20250916,1
03942[2025-9-16],20250917,1
03942[2025-9-16],20250918,1
03942[2025-9-16],20250919,1
03942[2025-9-16],20250922,1
03942[2025-9-16],20250923,1
03942[2025-9-16],20250924,1
03942[2025-9-16],20250925,1
03942[2025-9-16],20250926,1
05312 FR (nur C6) mit Eisl.,20251010,1
05312 MD (nur C6),20251001,1
05312 MD (nur C6),20251002,1
05312 MD (nur C6),20251006,1
05312 MD (nur C6),20251007,1
05312 MD (nur C6),20251008,1
05312 MD (nur C6),20251009,1
05314 (U-FR),20251017,1
05314 (U-FR),20251024,1
05314 (U-FR),20251031,1
05314 (U-FR),20251114,1
05314 (U-FR),20251121,1
05314 (U-FR),20251128,1
05314 (U-FR),20251205,1
05314 (U-FR),20251212,1
05314 (U-FR),20251219,1
05314 (U-FR) bis 25.07.25,20250725,1
05314 (U-MD),20251013,1
05314 (U-MD),20251014,1
05314 (U-MD),20251015,1
05314 (U-MD),20251016,1
05314 (U-MD),20251020,1
05314 (U-MD),20251021,1
05314 (U-MD),20251022,1
05314 (U-MD),20251023,1
05314 (U-MD),20251027,1
05314 (U-MD),20251028,1
05314 (U-MD),20251029,1
05314 (U-MD),20251030,1
05314 (U-MD),20251110,1
05314 (U-MD),20251111,1
05314 (U-MD),20251112,1
05314 (U-MD),20251113,1
05314 (U-MD),20251117,1
05314 (U-MD),20251118,1
05314 (U-MD),20251120,1
05314 (U-MD),20251124,1
05314 (U-MD),20251125,1
05314 (U-MD),20251126,1
05314 (U-MD),20251127,1
05314 (U-MD),20251201,1
05314 (U-MD),20251202,1
05314 (U-MD),20251203,1
05314 (U-MD),20251204,1
05314 (U-MD),20251208,1
05314 (U-MD),20251209,1
05314 (U-MD),20251210,1
05314 (U-MD),20251211,1
05314 (U-MD),20251215,1
05314 (U-MD),20251216,1
05314 (U-MD),20251217,1
05314 (U-MD),20251218,1
05315,20250929,1
05315,20250930,1
05315,20251001,1
05315,20251002,1
05315,20251006,1
05315,20251007,1
05315,20251008,1
05315,20251009,1
05315,20251010,1
05315 (U-MF),20251013,1
05315 (U-MF),20251014,1
05315 (U-MF),20251015,1
05315 (U-MF),20251016,1
05315 (U-MF),20251017,1
05315 (U-MF),20251020,1
05315 (U-MF),20251021,1
05315 (U-MF),20251022,1
05315 (U-MF),20251023,1
05315 (U-MF),20251024,1
05315 (U-MF),20251027,1
05315 (U-MF),20251028,1
05315 (U-MF),20251029,1
05315 (U-MF),20251030,1
05315 (U-MF),20251031,1
05315 (U-MF),20251110,1
05315 (U-MF),20251111,1
05315 (U-MF),20251112,1
05315 (U-MF),20251113,1
05315 (U-MF),20251114,1
05315 (U-MF),20251117,1
05315 (U-MF),20251118,1
05315 (U-MF),20251120,1
05315 (U-MF),20251121,1
05315 (U-MF),20251124,1
05315 (U-MF),20251125,1
05315 (U-MF),20251126,1
05315 (U-MF),20251127,1
05315 (U-MF),20251128,1
05315 (U-MF),20251201,1
05315 (U-MF),20251202,1
05315 (U-MF),20251203,1
05315 (U-MF),20251204,1
05315 (U-MF),20251205,1
05315 (U-MF),20251208,1
05315 (U-MF),20251209,1
05315 (U-MF),20251210,1
05315 (U-MF),20251211,1
05315 (U-MF),20251212,1
05315 (U-MF),20251215,1
05315 (U-MF),20251216,1
05315 (U-MF),20251217,1
05315 (U-MF),20251218,1
05315 (U-MF),20251219,1
05315 (U-MF) bis 25.07.25[2025-7-25],20250725,1
05315 bis 31.07.25[2025-7-28],20250728,1
05315 bis 31.07.25[2025-7-28],20250729,1
05315 bis 31.07.25[2025-7-28],20250730,1
05315 bis 31.07.25[2025-7-28],20250731,1
05315[2025-9-16],20250916,1
05315[2025-9-16],20250917,1
05315[2025-9-16],20250918,1
05315[2025-9-16],20250919,1
05315[2025-9-16],20250922,1
05315[2025-9-16],20250923,1
05315[2025-9-16],20250924,1
05315[2025-9-16],20250925,1
05315[2025-9-16],20250926,1
05316 letzer SF-Tag,20250915,1
05317,20250916,1
05317,20250917,1
05317,20250918,1
05317,20250919,1
05317,20250922,1
05317,20250923,1
05317,20250924,1
05317,20250925,1
05317,20250926,1
05317,20250929,1
05317,20250930,1
05317 bis 31.07.25,20250728,1
05317 bis 31.07.25,20250729,1
05317 bis 31.07.25,20250730,1
05317 bis 31.07.25,20250731,1
05321,20250916,1
05321,20250917,1
05321,20250918,1
05321,20250919,1
05321,20250922,1
05321,20250923,1
05321,20250924,1
05321,20250925,1
05321,20250926,1
05321,20250929,1
05321,20250930,1
05321,20251001,1
05321,20251002,1
05321,20251006,1
05321,20251007,1
05321,20251008,1
05321,20251009,1
05321,20251010,1
05321,20251013,1
05321,20251014,1
05321,20251015,1
05321,20251016,1
05321,20251017,1
05321,20251020,1
05321,20251021,1
05321,20251022,1
05321,20251023,1
05321,20251024,1
05321,20251027,1
05321,20251028,1
05321,20251029,1
05321,20251030,1
05321,20251031,1
05321,20251110,1
05321,20251111,1
05321,20251112,1
05321,20251113,1
05321,20251114,1
05321,20251117,1
05321,20251118,1
05321,20251120,1
05321,20251121,1
05321,20251124,1
05321,20251125,1
05321,20251126,1
05321,20251127,1
05321,20251128,1
05321,20251201,1
05321,20251202,1
05321,20251203,1
05321,20251204,1
05321,20251205,1
05321,20251208,1
05321,20251209,1
05321,20251210,1
05321,20251211,1
05321,20251212,1
05321,20251215,1
05321,20251216,1
05321,20251217,1
05321,20251218,1
05321,20251219,1
05321 bis 31.07.25,20250725,1
05321 bis 31.07.25,20250728,1
05321 bis 31.07.25,20250729,1
05321 bis 31.07.25,20250730,1
05321 bis 31.07.25,20250731,1
05407 (U-FR),20250725,1
05407 (U-FR),20251017,1
05407 (U-FR),20251024,1
05407 (U-FR),20251031,1
05407 (U-FR),20251114,1
05407 (U-FR),20251121,1
05407 (U-FR),20251128,1
05407 (U-FR),20251205,1
05407 (U-FR),20251212,1
05407 (U-FR),20251219,1
05407 (U-MD),20251013,1
05407 (U-MD),20251014,1
05407 (U-MD),20251015,1
05407 (U-MD),20251016,1
05407 (U-MD),20251020,1
05407 (U-MD),20251021,1
05407 (U-MD),20251022,1
05407 (U-MD),20251023,1
05407 (U-MD),20251027,1
05407 (U-MD),20251028,1
05407 (U-MD),20251029,1
05407 (U-MD),20251030,1
05407 (U-MD),20251110,1
05407 (U-MD),20251111,1
05407 (U-MD),20251112,1
05407 (U-MD),20251113,1
05407 (U-MD),20251117,1
05407 (U-MD),20251118,1
05407 (U-MD),20251120,1
05407 (U-MD),20251124,1
05407 (U-MD),20251125,1
05407 (U-MD),20251126,1
05407 (U-MD),20251127,1
05407 (U-MD),20251201,1
05407 (U-MD),20251202,1
05407 (U-MD),20251203,1
05407 (U-MD),20251204,1
05407 (U-MD),20251208,1
05407 (U-MD),20251209,1
05407 (U-MD),20251210,1
05407 (U-MD),20251211,1
05407 (U-MD),20251215,1
05407 (U-MD),20251216,1
05407 (U-MD),20251217,1
05407 (U-MD),20251218,1
05417 FR mit Eisl.,20251010,1
05417 FR[2025-9-19],20250919,1
05417 FR[2025-9-19],20250926,1
05417 MD,20250929,1
05417 MD,20250930,1
05417 MD,20251001,1
05417 MD,20251002,1
05417 MD,20251006,1
05417 MD,20251007,1
05417 MD,20251008,1
05417 MD,20251009,1
05417 MD bis 31.07.25[2025-7-28],20250728,1
05417 MD bis 31.07.25[2025-7-28],20250729,1
05417 MD bis 31.07.25[2025-7-28],20250730,1
05417 MD bis 31.07.25[2025-7-28],20250731,1
05417 MD[2025-9-16],20250916,1
05417 MD[2025-9-16],20250917,1
05417 MD[2025-9-16],20250918,1
05417 MD[2025-9-16],20250922,1
05417 MD[2025-9-16],20250923,1
05417 MD[2025-9-16],20250924,1
05417 MD[2025-9-16],20250925,1
05510 (U-FR),20251017,1
05510 (U-FR),20251024,1
05510 (U-FR),20251031,1
05510 (U-FR),20251114,1
05510 (U-FR),20251121,1
05510 (U-FR),20251128,1
05510 (U-FR),20251205,1
05510 (U-FR),20251212,1
05510 (U-FR),20251219,1
05510 (U-FR) bis 25.07.25,20250725,1
05510 (U-MD),20251013,1
05510 (U-MD),20251014,1
05510 (U-MD),20251015,1
05510 (U-MD),20251016,1
05510 (U-MD),20251020,1
05510 (U-MD),20251021,1
05510 (U-MD),20251022,1
05510 (U-MD),20251023,1
05510 (U-MD),20251027,1
05510 (U-MD),20251028,1
05510 (U-MD),20251029,1
05510 (U-MD),20251030,1
05510 (U-MD),20251110,1
05510 (U-MD),20251111,1
05510 (U-MD),20251112,1
05510 (U-MD),20251113,1
05510 (U-MD),20251117,1
05510 (U-MD),20251118,1
05510 (U-MD),20251120,1
05510 (U-MD),20251124,1
05510 (U-MD),20251125,1
05510 (U-MD),20251126,1
05510 (U-MD),20251127,1
05510 (U-MD),20251201,1
05510 (U-MD),20251202,1
05510 (U-MD),20251203,1
05510 (U-MD),20251204,1
05510 (U-MD),20251208,1
05510 (U-MD),20251209,1
05510 (U-MD),20251210,1
05510 (U-MD),20251211,1
05510 (U-MD),20251215,1
05510 (U-MD),20251216,1
05510 (U-MD),20251217,1
05510 (U-MD),20251218,1
05517 MF,20250728,1
05517 MF,20250729,1
05517 MF,20250730,1
05517 MF,20250731,1
05517 MF,20250916,1
05517 MF,20250917,1
05517 MF,20250918,1
05517 MF,20250919,1
05517 MF,20250922,1
05517 MF,20250923,1
05517 MF,20250924,1
05517 MF,20250925,1
05517 MF,20250926,1
05517 MF,20250929,1
05517 MF,20250930,1
05517 MF,20251001,1
05517 MF,20251002,1
05517 MF,20251006,1
05517 MF,20251007,1
05517 MF,20251008,1
05517 MF,20251009,1
05517 MF,20251010,1
06109 (U-FR),20250725,1
06109 (U-FR),20251017,1
06109 (U-FR),20251024,1
06109 (U-FR),20251031,1
06109 (U-FR),20251107,1
06109 (U-FR),20251114,1
06109 (U-FR),20251121,1
06109 (U-FR),20251128,1
06109 (U-FR),20251205,1
06109 (U-FR),20251212,1
06109 (U-FR),20251219,1
06109 (U-MD),20251013,1
06109 (U-MD),20251014,1
06109 (U-MD),20251015,1
06109 (U-MD),20251016,1
06109 (U-MD),20251020,1
06109 (U-MD),20251021,1
06109 (U-MD),20251022,1
06109 (U-MD),20251023,1
06109 (U-MD),20251027,1
06109 (U-MD),20251028,1
06109 (U-MD),20251029,1
06109 (U-MD),20251030,1
06109 (U-MD),20251103,1
06109 (U-MD),20251104,1
06109 (U-MD),20251105,1
06109 (U-MD),20251106,1
06109 (U-MD),20251110,1
06109 (U-MD),20251111,1
06109 (U-MD),20251112,1
06109 (U-MD),20251113,1
06109 (U-MD),20251117,1
06109 (U-MD),20251118,1
06109 (U-MD),20251119,1
06109 (U-MD),20251120,1
06109 (U-MD),20251124,1
06109 (U-MD),20251125,1
06109 (U-MD),20251126,1
06109 (U-MD),20251127,1
06109 (U-MD),20251201,1
06109 (U-MD),20251202,1
06109 (U-MD),20251203,1
06109 (U-MD),20251204,1
06109 (U-MD),20251208,1
06109 (U-MD),20251209,1
06109 (U-MD),20251210,1
06109 (U-MD),20251211,1
06109 (U-MD),20251215,1
06109 (U-MD),20251216,1
06109 (U-MD),20251217,1
06109 (U-MD),20251218,1
06112 Ferien (U-FR),20251107,1
06112 Ferien (U-MD),20251103,1
06112 Ferien (U-MD),20251104,1
06112 Ferien (U-MD),20251105,1
06112 Ferien (U-MD),20251106,1
06112 Ferien (U-MD),20251119,1
06123 Ferien (U-FR),20251107,1
06123 Ferien (U-MD),20251103,1
06123 Ferien (U-MD),20251104,1
06123 Ferien (U-MD),20251105,1
06123 Ferien (U-MD),20251106,1
06123 Ferien (U-MD),20251119,1
06204 (U-DO),20251016,1
06204 (U-DO),20251023,1
06204 (U-DO),20251030,1
06204 (U-DO),20251113,1
06204 (U-DO),20251120,1
06204 (U-DO),20251127,1
06204 (U-DO),20251204,1
06204 (U-DO),20251211,1
06204 (U-DO),20251218,1
06204 (U-FR),20250725,1
06204 (U-FR),20251017,1
06204 (U-FR),20251024,1
06204 (U-FR),20251031,1
06204 (U-FR),20251114,1
06204 (U-FR),20251121,1
06204 (U-FR),20251128,1
06204 (U-FR),20251205,1
06204 (U-FR),20251212,1
06204 (U-FR),20251219,1
06204 (U-MM),20251013,1
06204 (U-MM),20251014,1
06204 (U-MM),20251015,1
06204 (U-MM),20251020,1
06204 (U-MM),20251021,1
06204 (U-MM),20251022,1
06204 (U-MM),20251027,1
06204 (U-MM),20251028,1
06204 (U-MM),20251029,1
06204 (U-MM),20251110,1
06204 (U-MM),20251111,1
06204 (U-MM),20251112,1
06204 (U-MM),20251117,1
06204 (U-MM),20251118,1
06204 (U-MM),20251124,1
06204 (U-MM),20251125,1
06204 (U-MM),20251126,1
06204 (U-MM),20251201,1
06204 (U-MM),20251202,1
06204 (U-MM),20251203,1
06204 (U-MM),20251208,1
06204 (U-MM),20251209,1
06204 (U-MM),20251210,1
06204 (U-MM),20251215,1
06204 (U-MM),20251216,1
06204 (U-MM),20251217,1
06204 Ferien (U-MD),20251103,1
06204 Ferien (U-MD),20251104,1
06204 Ferien (U-MD),20251105,1
06204 Ferien (U-MD),20251106,1
06204 Ferien (U-MD),20251119,1
06206 Ferien (U-MD),20251103,1
06206 Ferien (U-MD),20251104,1
06206 Ferien (U-MD),20251105,1
06206 Ferien (U-MD),20251106,1
06206 Ferien (U-MD),20251119,1
06207 Ferien (U-FR),20251107,1
06207 Ferien (U-MD),20251103,1
06207 Ferien (U-MD),20251104,1
06207 Ferien (U-MD),20251105,1
06207 Ferien (U-MD),20251106,1
06207 Ferien (U-MD),20251119,1
06210 Ferien (U-FR),20251107,1
06210 Ferien (U-MD),20251103,1
06210 Ferien (U-MD),20251104,1
06210 Ferien (U-MD),20251105,1
06210 Ferien (U-MD),20251106,1
06210 Ferien (U-MD),20251119,1
06217 Ferien (U-FR),20251107,1
06416 Ferien (U-FR),20251107,1
06416 Ferien (U-MD),20251103,1
06416 Ferien (U-MD),20251104,1
06416 Ferien (U-MD),20251105,1
06416 Ferien (U-MD),20251106,1
06416 Ferien (U-MD),20251119,1
06423 Ferien (U-MF),20251103,1
06423 Ferien (U-MF),20251104,1
06423 Ferien (U-MF),20251105,1
06423 Ferien (U-MF),20251106,1
06423 Ferien (U-MF),20251107,1
06423 Ferien (U-MF),20251119,1
06614 Ferien (U-FR),20251107,1
06614 Ferien (U-MD),20251103,1
06614 Ferien (U-MD),20251104,1
06614 Ferien (U-MD),20251105,1
06614 Ferien (U-MD),20251106,1
06614 Ferien (U-MD),20251119,1
07203 FR (nur C6),20251010,1
07203 MD (nur C6),20251001,1
07203 MD (nur C6),20251002,1
07203 MD (nur C6),20251006,1
07203 MD (nur C6),20251007,1
07203 MD (nur C6),20251008,1
07203 MD (nur C6),20251009,1
07216,20250728,1
07216,20250729,1
07216,20250730,1
07216,20250731,1
07216,20250916,1
07216,20250917,1
07216,20250918,1
07216,20250919,1
07216,20250922,1
07216,20250923,1
07216,20250924,1
07216,20250925,1
07216,20250926,1
07216,20250929,1
07216,20250930,1
07216 (U-FR),20250725,1
07216 (U-FR),20251017,1
07216 (U-FR),20251024,1
07216 (U-FR),20251031,1
07216 (U-FR),20251114,1
07216 (U-FR),20251121,1
07216 (U-FR),20251128,1
07216 (U-FR),20251205,1
07216 (U-FR),20251212,1
07216 (U-FR),20251219,1
07216 (U-MD),20251013,1
07216 (U-MD),20251014,1
07216 (U-MD),20251015,1
07216 (U-MD),20251016,1
07216 (U-MD),20251020,1
07216 (U-MD),20251021,1
07216 (U-MD),20251022,1
07216 (U-MD),20251023,1
07216 (U-MD),20251027,1
07216 (U-MD),20251028,1
07216 (U-MD),20251029,1
07216 (U-MD),20251030,1
07216 (U-MD),20251110,1
07216 (U-MD),20251111,1
07216 (U-MD),20251112,1
07216 (U-MD),20251113,1
07216 (U-MD),20251117,1
07216 (U-MD),20251118,1
07216 (U-MD),20251120,1
07216 (U-MD),20251124,1
07216 (U-MD),20251125,1
07216 (U-MD),20251126,1
07216 (U-MD),20251127,1
07216 (U-MD),20251201,1
07216 (U-MD),20251202,1
07216 (U-MD),20251203,1
07216 (U-MD),20251204,1
07216 (U-MD),20251208,1
07216 (U-MD),20251209,1
07216 (U-MD),20251210,1
07216 (U-MD),20251211,1
07216 (U-MD),20251215,1
07216 (U-MD),20251216,1
07216 (U-MD),20251217,1
07216 (U-MD),20251218,1
07616,20250725,1
07616,20250728,1
07616,20250729,1
07616,20250730,1
07616,20250731,1
07616,20250916,1
07616,20250917,1
07616,20250918,1
07616,20250919,1
07616,20250922,1
07616,20250923,1
07616,20250924,1
07616,20250925,1
07616,20250926,1
07616,20250929,1
07616,20250930,1
07616,20251001,1
07616,20251002,1
07616,20251006,1
07616,20251007,1
07616,20251008,1
07616,20251009,1
07616,20251010,1
07616,20251013,1
07616,20251014,1
07616,20251015,1
07616,20251016,1
07616,20251017,1
07616,20251020,1
07616,20251021,1
07616,20251022,1
07616,20251023,1
07616,20251024,1
07616,20251027,1
07616,20251028,1
07616,20251029,1
07616,20251030,1
07616,20251031,1
07616,20251110,1
07616,20251111,1
07616,20251112,1
07616,20251113,1
07616,20251114,1
07616,20251117,1
07616,20251118,1
07616,20251120,1
07616,20251121,1
07616,20251124,1
07616,20251125,1
07616,20251126,1
07616,20251127,1
07616,20251128,1
07616,20251201,1
07616,20251202,1
07616,20251203,1
07616,20251204,1
07616,20251205,1
07616,20251208,1
07616,20251209,1
07616,20251210,1
07616,20251211,1
07616,20251212,1
07616,20251215,1
07616,20251216,1
07616,20251217,1
07616,20251218,1
07616,20251219,1
07705,20250929,1
07705,20250930,1
07705,20251001,1
07705,20251002,1
07705,20251006,1
07705,20251007,1
07705,20251008,1
07705,20251009,1
07705,20251010,1
07705,20251013,1
07705,20251014,1
07705,20251015,1
07705,20251016,1
07705,20251017,1
07705,20251020,1
07705,20251021,1
07705,20251022,1
07705,20251023,1
07705,20251024,1
07705,20251027,1
07705,20251028,1
07705,20251029,1
07705,20251030,1
07705,20251031,1
07705,20251103,1
07705,20251104,1
07705,20251105,1
07705,20251106,1
07705,20251107,1
07705,20251110,1
07705,20251111,1
07705,20251112,1
07705,20251113,1
07705,20251114,1
07705,20251117,1
07705,20251118,1
07705,20251119,1
07705,20251120,1
07705,20251121,1
07705,20251124,1
07705,20251125,1
07705,20251126,1
07705,20251127,1
07705,20251128,1
07705,20251201,1
07705,20251202,1
07705,20251203,1
07705,20251204,1
07705,20251205,1
07705,20251208,1
07705,20251209,1
07705,20251210,1
07705,20251211,1
07705,20251212,1
07705,20251215,1
07705,20251216,1
07705,20251217,1
07705,20251218,1
07705,20251219,1
07705[2025-7-25],20250725,1
07705[2025-7-25],20250728,1
07705[2025-7-25],20250729,1
07705[2025-7-25],20250730,1
07705[2025-7-25],20250731,1
07705[2025-7-25],20250916,1
07705[2025-7-25],20250917,1
07705[2025-7-25],20250918,1
07705[2025-7-25],20250919,1
07705[2025-7-25],20250922,1
07705[2025-7-25],20250923,1
07705[2025-7-25],20250924,1
07705[2025-7-25],20250925,1
07705[2025-7-25],20250926,1
07715 SF/WF,20251222,1
07715 SF/WF,20251223,1
07715 SF/WF,20251229,1
07715 SF/WF,20251230,1
07715 SF/WF[2025-8-1],20250801,1
07715 SF/WF[2025-8-1],20250804,1
07715 SF/WF[2025-8-1],20250805,1
07715 SF/WF[2025-8-1],20250806,1
07715 SF/WF[2025-8-1],20250807,1
07715 SF/WF[2025-8-1],20250808,1
07715 SF/WF[2025-8-1],20250811,1
07715 SF/WF[2025-8-1],20250812,1
07715 SF/WF[2025-8-1],20250813,1
07715 SF/WF[2025-8-1],20250814,1
07715 SF/WF[2025-8-1],20250818,1
07715 SF/WF[2025-8-1],20250819,1
07715 SF/WF[2025-8-1],20250820,1
07715 SF/WF[2025-8-1],20250821,1
07715 SF/WF[2025-8-1],20250822,1
07715 SF/WF[2025-8-1],20250825,1
07715 SF/WF[2025-8-1],20250826,1
07715 SF/WF[2025-8-1],20250827,1
07715 SF/WF[2025-8-1],20250828,1
07715 SF/WF[2025-8-1],20250829,1
07715 SF/WF[2025-8-1],20250901,1
07715 SF/WF[2025-8-1],20250902,1
07715 SF/WF[2025-8-1],20250903,1
07715 SF/WF[2025-8-1],20250904,1
07715 SF/WF[2025-8-1],20250905,1
07715 SF/WF[2025-8-1],20250908,1
07715 SF/WF[2025-8-1],20250909,1
07715 SF/WF[2025-8-1],20250910,1
07715 SF/WF[2025-8-1],20250911,1
07715 SF/WF[2025-8-1],20250912,1
07715 SF/WF[2025-8-1],20250915,1
07720,20250929,1
07720,20250930,1
07720,20251001,1
07720,20251002,1
07720,20251006,1
07720,20251007,1
07720,20251008,1
07720,20251009,1
07720,20251010,1
07720,20251013,1
07720,20251014,1
07720,20251015,1
07720,20251016,1
07720,20251017,1
07720,20251020,1
07720,20251021,1
07720,20251022,1
07720,20251023,1
07720,20251024,1
07720,20251027,1
07720,20251028,1
07720,20251029,1
07720,20251030,1
07720,20251031,1
07720,20251103,1
07720,20251104,1
07720,20251105,1
07720,20251106,1
07720,20251107,1
07720,20251110,1
07720,20251111,1
07720,20251112,1
07720,20251113,1
07720,20251114,1
07720,20251117,1
07720,20251118,1
07720,20251119,1
07720,20251120,1
07720,20251121,1
07720,20251124,1
07720,20251125,1
07720,20251126,1
07720,20251127,1
07720,20251128,1
07720,20251201,1
07720,20251202,1
07720,20251203,1
07720,20251204,1
07720,20251205,1
07720,20251208,1
07720,20251209,1
07720,20251210,1
07720,20251211,1
07720,20251212,1
07720,20251215,1
07720,20251216,1
07720,20251217,1
07720,20251218,1
07720,20251219,1
07720[2025-7-25],20250725,1
07720[2025-7-25],20250728,1
07720[2025-7-25],20250729,1
07720[2025-7-25],20250730,1
07720[2025-7-25],20250731,1
07720[2025-7-25],20250916,1
07720[2025-7-25],20250917,1
07720[2025-7-25],20250918,1
07720[2025-7-25],20250919,1
07720[2025-7-25],20250922,1
07720[2025-7-25],20250923,1
07720[2025-7-25],20250924,1
07720[2025-7-25],20250925,1
07720[2025-7-25],20250926,1
07726 SF/WF,20250801,1
07726 SF/WF,20250804,1
07726 SF/WF,20250805,1
07726 SF/WF,20250806,1
07726 SF/WF,20250807,1
07726 SF/WF,20250808,1
07726 SF/WF,20250811,1
07726 SF/WF,20250812,1
07726 SF/WF,20250813,1
07726 SF/WF,20250814,1
07726 SF/WF,20250818,1
07726 SF/WF,20250819,1
07726 SF/WF,20250820,1
07726 SF/WF,20250821,1
07726 SF/WF,20250822,1
07726 SF/WF,20250825,1
07726 SF/WF,20250826,1
07726 SF/WF,20250827,1
07726 SF/WF,20250828,1
07726 SF/WF,20250829,1
07726 SF/WF,20250901,1
07726 SF/WF,20250902,1
07726 SF/WF,20250903,1
07726 SF/WF,20250904,1
07726 SF/WF,20250905,1
07726 SF/WF,20250908,1
07726 SF/WF,20250909,1
07726 SF/WF,20250910,1
07726 SF/WF,20250911,1
07726 SF/WF,20250912,1
07726 SF/WF,20250915,1
07726 SF/WF,20251222,1
07726 SF/WF,20251223,1
07726 SF/WF,20251229,1
07726 SF/WF,20251230,1
07801 SF/WF,20250801,1
07801 SF/WF,20250804,1
07801 SF/WF,20250805,1
07801 SF/WF,20250806,1
07801 SF/WF,20250807,1
07801 SF/WF,20250808,1
07801 SF/WF,20250811,1
07801 SF/WF,20250812,1
07801 SF/WF,20250813,1
07801 SF/WF,20250814,1
07801 SF/WF,20250818,1
07801 SF/WF,20250819,1
07801 SF/WF,20250820,1
07801 SF/WF,20250821,1
07801 SF/WF,20250822,1
07801 SF/WF,20250825,1
07801 SF/WF,20250826,1
07801 SF/WF,20250827,1
07801 SF/WF,20250828,1
07801 SF/WF,20250829,1
07801 SF/WF,20250901,1
07801 SF/WF,20250902,1
07801 SF/WF,20250903,1
07801 SF/WF,20250904,1
07801 SF/WF,20250905,1
07801 SF/WF,20250908,1
07801 SF/WF,20250909,1
07801 SF/WF,20250910,1
07801 SF/WF,20250911,1
07801 SF/WF,20250912,1
07801 SF/WF,20250915,1
07801 SF/WF,20251222,1
07801 SF/WF,20251223,1
07801 SF/WF,20251229,1
07801 SF/WF,20251230,1
07803 SF/WF,20250801,1
07803 SF/WF,20250804,1
07803 SF/WF,20250805,1
07803 SF/WF,20250806,1
07803 SF/WF,20250807,1
07803 SF/WF,20250808,1
07803 SF/WF,20250811,1
07803 SF/WF,20250812,1
07803 SF/WF,20250813,1
07803 SF/WF,20250814,1
07803 SF/WF,20250818,1
07803 SF/WF,20250819,1
07803 SF/WF,20250820,1
07803 SF/WF,20250821,1
07803 SF/WF,20250822,1
07803 SF/WF,20250825,1
07803 SF/WF,20250826,1
07803 SF/WF,20250827,1
07803 SF/WF,20250828,1
07803 SF/WF,20250829,1
07803 SF/WF,20250901,1
07803 SF/WF,20250902,1
07803 SF/WF,20250903,1
07803 SF/WF,20250904,1
07803 SF/WF,20250905,1
07803 SF/WF,20250908,1
07803 SF/WF,20250909,1
07803 SF/WF,20250910,1
07803 SF/WF,20250911,1
07803 SF/WF,20250912,1
07803 SF/WF,20250915,1
07803 SF/WF,20251222,1
07803 SF/WF,20251223,1
07803 SF/WF,20251229,1
07803 SF/WF,20251230,1
07808 Ferien (U) ohne Eisl.,20251103,1
07808 Ferien (U) ohne Eisl.,20251104,1
07808 Ferien U-DO mit Eisl.,20251106,1
07808 Ferien U-FR mit Eisl.,20251107,1
07808 Ferien U-MI mit Eisl.,20251105,1
07808 Ferien U-MI mit Eisl.,20251119,1
07809,20250916,1
07809,20250917,1
07809,20250918,1
07809,20250919,1
07809,20250922,1
07809,20250923,1
07809,20250924,1
07809,20250925,1
07809,20250926,1
07809,20250929,1
07809,20250930,1
07809,20251001,1
07809,20251002,1
07809,20251006,1
07809,20251007,1
07809,20251008,1
07809,20251009,1
07809,20251010,1
07809,20251013,1
07809,20251014,1
07809,20251015,1
07809,20251016,1
07809,20251017,1
07809,20251020,1
07809,20251021,1
07809,20251022,1
07809,20251023,1
07809,20251024,1
07809,20251027,1
07809,20251028,1
07809,20251029,1
07809,20251030,1
07809,20251031,1
07809,20251103,1
07809,20251104,1
07809,20251105,1
07809,20251106,1
07809,20251107,1
07809,20251110,1
07809,20251111,1
07809,20251112,1
07809,20251113,1
07809,20251114,1
07809,20251117,1
07809,20251118,1
07809,20251119,1
07809,20251120,1
07809,20251121,1
07809,20251124,1
07809,20251125,1
07809,20251126,1
07809,20251127,1
07809,20251128,1
07809,20251201,1
07809,20251202,1
07809,20251203,1
07809,20251204,1
07809,20251205,1
07809,20251208,1
07809,20251209,1
07809,20251210,1
07809,20251211,1
07809,20251212,1
07809,20251215,1
07809,20251216,1
07809,20251217,1
07809,20251218,1
07809,20251219,1
07809 bis 31.07.25,20250725,1
07809 bis 31.07.25,20250728,1
07809 bis 31.07.25,20250729,1
07809 bis 31.07.25,20250730,1
07809 bis 31.07.25,20250731,1
07813,20250725,1
07813,20250728,1
07813,20250729,1
07813,20250730,1
07813,20250731,1
07813,20250916,1
07813,20250917,1
07813,20250918,1
07813,20250919,1
07813,20250922,1
07813,20250923,1
07813,20250924,1
07813,20250925,1
07813,20250926,1
07813,20250929,1
07813,20250930,1
07813,20251001,1
07813,20251002,1
07813,20251006,1
07813,20251007,1
07813,20251008,1
07813,20251009,1
07813,20251010,1
07813,20251013,1
07813,20251014,1
07813,20251015,1
07813,20251016,1
07813,20251017,1
07813,20251020,1
07813,20251021,1
07813,20251022,1
07813,20251023,1
07813,20251024,1
07813,20251027,1
07813,20251028,1
07813,20251029,1
07813,20251030,1
07813,20251031,1
07813,20251103,1
07813,20251104,1
07813,20251105,1
07813,20251106,1
07813,20251107,1
07813,20251110,1
07813,20251111,1
07813,20251112,1
07813,20251113,1
07813,20251114,1
07813,20251117,1
07813,20251118,1
07813,20251119,1
07813,20251120,1
07813,20251121,1
07813,20251124,1
07813,20251125,1
07813,20251126,1
07813,20251127,1
07813,20251128,1
07813,20251201,1
07813,20251202,1
07813,20251203,1
07813,20251204,1
07813,20251205,1
07813,20251208,1
07813,20251209,1
07813,20251210,1
07813,20251211,1
07813,20251212,1
07813,20251215,1
07813,20251216,1
07813,20251217,1
07813,20251218,1
07813,20251219,1
07813 SF/WF,20250801,1
07813 SF/WF,20250804,1
07813 SF/WF,20250805,1
07813 SF/WF,20250806,1
07813 SF/WF,20250807,1
07813 SF/WF,20250808,1
07813 SF/WF,20250811,1
07813 SF/WF,20250812,1
07813 SF/WF,20250813,1
07813 SF/WF,20250814,1
07813 SF/WF,20250818,1
07813 SF/WF,20250819,1
07813 SF/WF,20250820,1
07813 SF/WF,20250821,1
07813 SF/WF,20250822,1
07813 SF/WF,20250825,1
07813 SF/WF,20250826,1
07813 SF/WF,20250827,1
07813 SF/WF,20250828,1
07813 SF/WF,20250829,1
07813 SF/WF,20250901,1
07813 SF/WF,20250902,1
07813 SF/WF,20250903,1
07813 SF/WF,20250904,1
07813 SF/WF,20250905,1
07813 SF/WF,20250908,1
07813 SF/WF,20250909,1
07813 SF/WF,20250910,1
07813 SF/WF,20250911,1
07813 SF/WF,20250912,1
07813 SF/WF,20250915,1
07813 SF/WF,20251222,1
07813 SF/WF,20251223,1
07813 SF/WF,20251229,1
07813 SF/WF,20251230,1
07833,20250929,1
07833,20250930,1
07833,20251001,1
07833,20251002,1
07833,20251006,1
07833,20251007,1
07833,20251008,1
07833,20251009,1
07833,20251010,1
07833 (U-MF),20251013,1
07833 (U-MF),20251014,1
07833 (U-MF),20251015,1
07833 (U-MF),20251016,1
07833 (U-MF),20251017,1
07833 (U-MF),20251020,1
07833 (U-MF),20251021,1
07833 (U-MF),20251022,1
07833 (U-MF),20251023,1
07833 (U-MF),20251024,1
07833 (U-MF),20251027,1
07833 (U-MF),20251028,1
07833 (U-MF),20251029,1
07833 (U-MF),20251030,1
07833 (U-MF),20251031,1
07833 (U-MF),20251110,1
07833 (U-MF),20251111,1
07833 (U-MF),20251112,1
07833 (U-MF),20251113,1
07833 (U-MF),20251114,1
07833 (U-MF),20251117,1
07833 (U-MF),20251118,1
07833 (U-MF),20251120,1
07833 (U-MF),20251121,1
07833 (U-MF),20251124,1
07833 (U-MF),20251125,1
07833 (U-MF),20251126,1
07833 (U-MF),20251127,1
07833 (U-MF),20251128,1
07833 (U-MF),20251201,1
07833 (U-MF),20251202,1
07833 (U-MF),20251203,1
07833 (U-MF),20251204,1
07833 (U-MF),20251205,1
07833 (U-MF),20251208,1
07833 (U-MF),20251209,1
07833 (U-MF),20251210,1
07833 (U-MF),20251211,1
07833 (U-MF),20251212,1
07833 (U-MF),20251215,1
07833 (U-MF),20251216,1
07833 (U-MF),20251217,1
07833 (U-MF),20251218,1
07833 (U-MF),20251219,1
07833 (U-MF)[2025-7-25],20250725,1
07833[2025-7-28],20250728,1
07833[2025-7-28],20250729,1
07833[2025-7-28],20250730,1
07833[2025-7-28],20250731,1
07833[2025-7-28],20250916,1
07833[2025-7-28],20250917,1
07833[2025-7-28],20250918,1
07833[2025-7-28],20250919,1
07833[2025-7-28],20250922,1
07833[2025-7-28],20250923,1
07833[2025-7-28],20250924,1
07833[2025-7-28],20250925,1
07833[2025-7-28],20250926,1
07877,20250725,1
07877,20250728,1
07877,20250729,1
07877,20250730,1
07877,20250731,1
07877,20250916,1
07877,20250917,1
07877,20250918,1
07877,20250919,1
07877,20250922,1
07877,20250923,1
07877,20250924,1
07877,20250925,1
07877,20250926,1
07877,20250929,1
07877,20250930,1
07877,20251001,1
07877,20251002,1
07877,20251006,1
07877,20251007,1
07877,20251008,1
07877,20251009,1
07877,20251010,1
07877,20251013,1
07877,20251014,1
07877,20251015,1
07877,20251016,1
07877,20251017,1
07877,20251020,1
07877,20251021,1
07877,20251022,1
07877,20251023,1
07877,20251024,1
07877,20251027,1
07877,20251028,1
07877,20251029,1
07877,20251030,1
07877,20251031,1
07877,20251110,1
07877,20251111,1
07877,20251112,1
07877,20251113,1
07877,20251114,1
07877,20251117,1
07877,20251118,1
07877,20251120,1
07877,20251121,1
07877,20251124,1
07877,20251125,1
07877,20251126,1
07877,20251127,1
07877,20251128,1
07877,20251201,1
07877,20251202,1
07877,20251203,1
07877,20251204,1
07877,20251205,1
07877,20251208,1
07877,20251209,1
07877,20251210,1
07877,20251211,1
07877,20251212,1
07877,20251215,1
07877,20251216,1
07877,20251217,1
07877,20251218,1
07877,20251219,1
07877 Ferien,20251103,1
07877 Ferien,20251104,1
07877 Ferien,20251105,1
07877 Ferien,20251106,1
07877 Ferien,20251107,1
07877 Ferien,20251119,1
07877 SF/WF,20250801,1
07877 SF/WF,20250804,1
07877 SF/WF,20250805,1
07877 SF/WF,20250806,1
07877 SF/WF,20250807,1
07877 SF/WF,20250808,1
07877 SF/WF,20250811,1
07877 SF/WF,20250812,1
07877 SF/WF,20250813,1
07877 SF/WF,20250814,1
07877 SF/WF,20250818,1
07877 SF/WF,20250819,1
07877 SF/WF,20250820,1
07877 SF/WF,20250821,1
07877 SF/WF,20250822,1
07877 SF/WF,20250825,1
07877 SF/WF,20250826,1
07877 SF/WF,20250827,1
07877 SF/WF,20250828,1
07877 SF/WF,20250829,1
07877 SF/WF,20250901,1
07877 SF/WF,20250902,1
07877 SF/WF,20250903,1
07877 SF/WF,20250904,1
07877 SF/WF,20250905,1
07877 SF/WF,20250908,1
07877 SF/WF,20250909,1
07877 SF/WF,20250910,1
07877 SF/WF,20250911,1
07877 SF/WF,20250912,1
07877 SF/WF,20250915,1
07877 SF/WF,20251222,1
07877 SF/WF,20251223,1
07877 SF/WF,20251229,1
07877 SF/WF,20251230,1
07912,20250916,1
07912,20250917,1
07912,20250918,1
07912,20250919,1
07912,20250922,1
07912,20250923,1
07912,20250924,1
07912,20250925,1
07912,20250926,1
07912,20250929,1
07912,20250930,1
07912,20251001,1
07912,20251002,1
07912,20251006,1
07912,20251007,1
07912,20251008,1
07912,20251009,1
07912,20251010,1
07912,20251013,1
07912,20251014,1
07912,20251015,1
07912,20251016,1
07912,20251017,1
07912,20251020,1
07912,20251021,1
07912,20251022,1
07912,20251023,1
07912,20251024,1
07912,20251027,1
07912,20251028,1
07912,20251029,1
07912,20251030,1
07912,20251031,1
07912,20251103,1
07912,20251104,1
07912,20251105,1
07912,20251106,1
07912,20251107,1
07912,20251110,1
07912,20251111,1
07912,20251112,1
07912,20251113,1
07912,20251114,1
07912,20251117,1
07912,20251118,1
07912,20251119,1
07912,20251120,1
07912,20251121,1
07912,20251124,1
07912,20251125,1
07912,20251126,1
07912,20251127,1
07912,20251128,1
07912,20251201,1
07912,20251202,1
07912,20251203,1
07912,20251204,1
07912,20251205,1
07912,20251208,1
07912,20251209,1
07912,20251210,1
07912,20251211,1
07912,20251212,1
07912,20251215,1
07912,20251216,1
07912,20251217,1
07912,20251218,1
07912,20251219,1
07912 SF/WF,20251222,1
07912 SF/WF,20251223,1
07912 SF/WF,20251229,1
07912 SF/WF,20251230,1
07912 SF/WF bis 15.09.25,20250801,1
07912 SF/WF bis 15.09.25,20250804,1
07912 SF/WF bis 15.09.25,20250805,1
07912 SF/WF bis 15.09.25,20250806,1
07912 SF/WF bis 15.09.25,20250807,1
07912 SF/WF bis 15.09.25,20250808,1
07912 SF/WF bis 15.09.25,20250811,1
07912 SF/WF bis 15.09.25,20250812,1
07912 SF/WF bis 15.09.25,20250813,1
07912 SF/WF bis 15.09.25,20250814,1
07912 SF/WF bis 15.09.25,20250818,1
07912 SF/WF bis 15.09.25,20250819,1
07912 SF/WF bis 15.09.25,20250820,1
07912 SF/WF bis 15.09.25,20250821,1
07912 SF/WF bis 15.09.25,20250822,1
07912 SF/WF bis 15.09.25,20250825,1
07912 SF/WF bis 15.09.25,20250826,1
07912 SF/WF bis 15.09.25,20250827,1
07912 SF/WF bis 15.09.25,20250828,1
07912 SF/WF bis 15.09.25,20250829,1
07912 SF/WF bis 15.09.25,20250901,1
07912 SF/WF bis 15.09.25,20250902,1
07912 SF/WF bis 15.09.25,20250903,1
07912 SF/WF bis 15.09.25,20250904,1
07912 SF/WF bis 15.09.25,20250905,1
07912 SF/WF bis 15.09.25,20250908,1
07912 SF/WF bis 15.09.25,20250909,1
07912 SF/WF bis 15.09.25,20250910,1
07912 SF/WF bis 15.09.25,20250911,1
07912 SF/WF bis 15.09.25,20250912,1
07912 SF/WF bis 15.09.25,20250915,1
07912 bis 31.07.25,20250725,1
07912 bis 31.07.25,20250728,1
07912 bis 31.07.25,20250729,1
07912 bis 31.07.25,20250730,1
07912 bis 31.07.25,20250731,1
07914,20250728,1
07914,20250729,1
07914,20250730,1
07914,20250731,1
07914,20250916,1
07914,20250917,1
07914,20250918,1
07914,20250919,1
07914,20250922,1
07914,20250923,1
07914,20250924,1
07914,20250925,1
07914,20250926,1
07914,20250929,1
07914,20250930,1
07914 (U-FR),20251017,1
07914 (U-FR),20251024,1
07914 (U-FR),20251031,1
07914 (U-FR),20251114,1
07914 (U-FR),20251121,1
07914 (U-FR),20251128,1
07914 (U-FR),20251205,1
07914 (U-FR),20251212,1
07914 (U-FR),20251219,1
07914 (U-FR)[2025-7-25],20250725,1
07914 (U-MD),20251013,1
07914 (U-MD),20251014,1
07914 (U-MD),20251015,1
07914 (U-MD),20251016,1
07914 (U-MD),20251020,1
07914 (U-MD),20251021,1
07914 (U-MD),20251022,1
07914 (U-MD),20251023,1
07914 (U-MD),20251027,1
07914 (U-MD),20251028,1
07914 (U-MD),20251029,1
07914 (U-MD),20251030,1
07914 (U-MD),20251110,1
07914 (U-MD),20251111,1
07914 (U-MD),20251112,1
07914 (U-MD),20251113,1
07914 (U-MD),20251117,1
07914 (U-MD),20251118,1
07914 (U-MD),20251120,1
07914 (U-MD),20251124,1
07914 (U-MD),20251125,1
07914 (U-MD),20251126,1
07914 (U-MD),20251127,1
07914 (U-MD),20251201,1
07914 (U-MD),20251202,1
07914 (U-MD),20251203,1
07914 (U-MD),20251204,1
07914 (U-MD),20251208,1
07914 (U-MD),20251209,1
07914 (U-MD),20251210,1
07914 (U-MD),20251211,1
07914 (U-MD),20251215,1
07914 (U-MD),20251216,1
07914 (U-MD),20251217,1
07914 (U-MD),20251218,1
07914 FR (nur C6),20251010,1
07914 Ferien (U-MF),20251103,1
07914 Ferien (U-MF),20251104,1
07914 Ferien (U-MF),20251105,1
07914 Ferien (U-MF),20251106,1
07914 Ferien (U-MF),20251107,1
07914 Ferien (U-MF),20251119,1
07914 MD (nur C6),20251001,1
07914 MD (nur C6),20251002,1
07914 MD (nur C6),20251006,1
07914 MD (nur C6),20251007,1
07914 MD (nur C6),20251008,1
07914 MD (nur C6),20251009,1
08020,20250916,1
08020,20250917,1
08020,20250918,1
08020,20250919,1
08020,20250922,1
08020,20250923,1
08020,20250924,1
08020,20250925,1
08020,20250926,1
08020,20250929,1
08020,20250930,1
08020,20251001,1
08020,20251002,1
08020,20251006,1
08020,20251007,1
08020,20251008,1
08020,20251009,1
08020,20251010,1
08020,20251013,1
08020,20251014,1
08020,20251015,1
08020,20251016,1
08020,20251017,1
08020,20251020,1
08020,20251021,1
08020,20251022,1
08020,20251023,1
08020,20251024,1
08020,20251027,1
08020,20251028,1
08020,20251029,1
08020,20251030,1
08020,20251031,1
08020,20251110,1
08020,20251111,1
08020,20251112,1
08020,20251113,1
08020,20251114,1
08020,20251117,1
08020,20251118,1
08020,20251120,1
08020,20251121,1
08020,20251124,1
08020,20251125,1
08020,20251126,1
08020,20251127,1
08020,20251128,1
08020,20251201,1
08020,20251202,1
08020,20251203,1
08020,20251204,1
08020,20251205,1
08020,20251208,1
08020,20251209,1
08020,20251210,1
08020,20251211,1
08020,20251212,1
08020,20251215,1
08020,20251216,1
08020,20251217,1
08020,20251218,1
08020,20251219,1
08020 bis 31.07.25,20250725,1
08020 bis 31.07.25,20250728,1
08020 bis 31.07.25,20250729,1
08020 bis 31.07.25,20250730,1
08020 bis 31.07.25,20250731,1
08022,20250916,1
08022,20250917,1
08022,20250918,1
08022,20250919,1
08022,20250922,1
08022,20250923,1
08022,20250924,1
08022,20250925,1
08022,20250926,1
08022,20250929,1
08022,20250930,1
08022,20251001,1
08022,20251002,1
08022,20251006,1
08022,20251007,1
08022,20251008,1
08022,20251009,1
08022,20251010,1
08022 (U-MF),20251013,1
08022 (U-MF),20251014,1
08022 (U-MF),20251015,1
08022 (U-MF),20251016,1
08022 (U-MF),20251017,1
08022 (U-MF),20251020,1
08022 (U-MF),20251021,1
08022 (U-MF),20251022,1
08022 (U-MF),20251023,1
08022 (U-MF),20251024,1
08022 (U-MF),20251027,1
08022 (U-MF),20251028,1
08022 (U-MF),20251029,1
08022 (U-MF),20251030,1
08022 (U-MF),20251031,1
08022 (U-MF),20251110,1
08022 (U-MF),20251111,1
08022 (U-MF),20251112,1
08022 (U-MF),20251113,1
08022 (U-MF),20251114,1
08022 (U-MF),20251117,1
08022 (U-MF),20251118,1
08022 (U-MF),20251120,1
08022 (U-MF),20251121,1
08022 (U-MF),20251124,1
08022 (U-MF),20251125,1
08022 (U-MF),20251126,1
08022 (U-MF),20251127,1
08022 (U-MF),20251128,1
08022 (U-MF),20251201,1
08022 (U-MF),20251202,1
08022 (U-MF),20251203,1
08022 (U-MF),20251204,1
08022 (U-MF),20251205,1
08022 (U-MF),20251208,1
08022 (U-MF),20251209,1
08022 (U-MF),20251210,1
08022 (U-MF),20251211,1
08022 (U-MF),20251212,1
08022 (U-MF),20251215,1
08022 (U-MF),20251216,1
08022 (U-MF),20251217,1
08022 (U-MF),20251218,1
08022 (U-MF),20251219,1
08022 (U-MF) bis 25.07.25,20250725,1
08022 bis 31.07.25,20250728,1
08022 bis 31.07.25,20250729,1
08022 bis 31.07.25,20250730,1
08022 bis 31.07.25,20250731,1
09401 Sperre Altstadt,20251124,1
09401 Sperre Altstadt,20251125,1
09401 Sperre Altstadt,20251126,1
09401 Sperre Altstadt,20251127,1
09401 Sperre Altstadt,20251128,1
09401 Sperre Altstadt,20251201,1
09401 Sperre Altstadt,20251202,1
09401 Sperre Altstadt,20251203,1
09401 Sperre Altstadt,20251204,1
09401 Sperre Altstadt,20251205,1
09401 Sperre Altstadt,20251208,1
09401 Sperre Altstadt,20251209,1
09401 Sperre Altstadt,20251210,1
09401 Sperre Altstadt,20251211,1
09401 Sperre Altstadt,20251212,1
09401 Sperre Altstadt,20251215,1
09401 Sperre Altstadt,20251216,1
09401 Sperre Altstadt,20251217,1
09401 Sperre Altstadt,20251218,1
09401 Sperre Altstadt,20251219,1
09401 WF Sperre Altst.,20251222,1
09401 WF Sperre Altst.,20251223,1
09402,20250725,1
09402,20250728,1
09402,20250729,1
09402,20250730,1
09402,20250731,1
09402,20250916,1
09402,20250917,1
09402,20250918,1
09402,20250919,1
09402,20250922,1
09402,20250923,1
09402,20250924,1
09402,20250925,1
09402,20250926,1
09402,20250929,1
09402,20250930,1
09402,20251001,1
09402,20251002,1
09402,20251006,1
09402,20251007,1
09402,20251008,1
09402,20251009,1
09402,20251010,1
09402,20251013,1
09402,20251014,1
09402,20251015,1
09402,20251016,1
09402,20251017,1
09402,20251020,1
09402,20251021,1
09402,20251022,1
09402,20251023,1
09402,20251024,1
09402,20251027,1
09402,20251028,1
09402,20251029,1
09402,20251030,1
09402,20251031,1
09402,20251103,1
09402,20251104,1
09402,20251105,1
09402,20251106,1
09402,20251107,1
09402,20251110,1
09402,20251111,1
09402,20251112,1
09402,20251113,1
09402,20251114,1
09402,20251117,1
09402,20251118,1
09402,20251119,1
09402,20251120,1
09402,20251121,1
09402 SF/WF,20250801,1
09402 SF/WF,20250804,1
09402 SF/WF,20250805,1
09402 SF/WF,20250806,1
09402 SF/WF,20250807,1
09402 SF/WF,20250808,1
09402 SF/WF,20250811,1
09402 SF/WF,20250812,1
09402 SF/WF,20250813,1
09402 SF/WF,20250814,1
09402 SF/WF,20250818,1
09402 SF/WF,20250819,1
09402 SF/WF,20250820,1
09402 SF/WF,20250821,1
09402 SF/WF,20250822,1
09402 SF/WF,20250825,1
09402 SF/WF,20250826,1
09402 SF/WF,20250827,1
09402 SF/WF,20250828,1
09402 SF/WF,20250829,1
09402 SF/WF,20250901,1
09402 SF/WF,20250902,1
09402 SF/WF,20250903,1
09402 SF/WF,20250904,1
09402 SF/WF,20250905,1
09402 SF/WF,20250908,1
09402 SF/WF,20250909,1
09402 SF/WF,20250910,1
09402 SF/WF,20250911,1
09402 SF/WF,20250912,1
09402 SF/WF,20250915,1
09402 SF/WF,20251229,1
09402 SF/WF,20251230,1
09402 WF Sperre Altstadt,20251222,1
09402 WF Sperre Altstadt,20251223,1
09403 SF/WF,20250801,1
09403 SF/WF,20250804,1
09403 SF/WF,20250805,1
09403 SF/WF,20250806,1
09403 SF/WF,20250807,1
09403 SF/WF,20250808,1
09403 SF/WF,20250811,1
09403 SF/WF,20250812,1
09403 SF/WF,20250813,1
09403 SF/WF,20250814,1
09403 SF/WF,20250818,1
09403 SF/WF,20250819,1
09403 SF/WF,20250820,1
09403 SF/WF,20250821,1
09403 SF/WF,20250822,1
09403 SF/WF,20250825,1
09403 SF/WF,20250826,1
09403 SF/WF,20250827,1
09403 SF/WF,20250828,1
09403 SF/WF,20250829,1
09403 SF/WF,20250901,1
09403 SF/WF,20250902,1
09403 SF/WF,20250903,1
09403 SF/WF,20250904,1
09403 SF/WF,20250905,1
09403 SF/WF,20250908,1
09403 SF/WF,20250909,1
09403 SF/WF,20250910,1
09403 SF/WF,20250911,1
09403 SF/WF,20250912,1
09403 SF/WF,20250915,1
09403 SF/WF,20251229,1
09403 SF/WF,20251230,1
09403 Sperre Altstadt,20251124,1
09403 Sperre Altstadt,20251125,1
09403 Sperre Altstadt,20251126,1
09403 Sperre Altstadt,20251127,1
09403 Sperre Altstadt,20251128,1
09403 Sperre Altstadt,20251201,1
09403 Sperre Altstadt,20251202,1
09403 Sperre Altstadt,20251203,1
09403 Sperre Altstadt,20251204,1
09403 Sperre Altstadt,20251205,1
09403 Sperre Altstadt,20251208,1
09403 Sperre Altstadt,20251209,1
09403 Sperre Altstadt,20251210,1
09403 Sperre Altstadt,20251211,1
09403 Sperre Altstadt,20251212,1
09403 Sperre Altstadt,20251215,1
09403 Sperre Altstadt,20251216,1
09403 Sperre Altstadt,20251217,1
09403 Sperre Altstadt,20251218,1
09403 Sperre Altstadt,20251219,1
09403 WF Sperre Altst.,20251222,1
09403 WF Sperre Altst.,20251223,1
09403 bis 31.07.25,20250725,1
09403 bis 31.07.25,20250728,1
09403 bis 31.07.25,20250729,1
09403 bis 31.07.25,20250730,1
09403 bis 31.07.25,20250731,1
09701,20250725,1
09701,20250728,1
09701,20250729,1
09701,20250730,1
09701,20250731,1
09701,20250916,1
09701,20250917,1
09701,20250918,1
09701,20250919,1
09701,20250922,1
09701,20250923,1
09701,20250924,1
09701,20250925,1
09701,20250926,1
09701,20250929,1
09701,20250930,1
09701,20251001,1
09701,20251002,1
09701,20251006,1
09701,20251007,1
09701,20251008,1
09701,20251009,1
09701,20251010,1
09701,20251013,1
09701,20251014,1
09701,20251015,1
09701,20251016,1
09701,20251017,1
09701,20251020,1
09701,20251021,1
09701,20251022,1
09701,20251023,1
09701,20251024,1
09701,20251027,1
09701,20251028,1
09701,20251029,1
09701,20251030,1
09701,20251031,1
09701,20251103,1
09701,20251104,1
09701,20251105,1
09701,20251106,1
09701,20251107,1
09701,20251110,1
09701,20251111,1
09701,20251112,1
09701,20251113,1
09701,20251114,1
09701,20251117,1
09701,20251118,1
09701,20251119,1
09701,20251120,1
09701,20251121,1
09701 SF/WF,20250801,1
09701 SF/WF,20250804,1
09701 SF/WF,20250805,1
09701 SF/WF,20250806,1
09701 SF/WF,20250807,1
09701 SF/WF,20250808,1
09701 SF/WF,20250811,1
09701 SF/WF,20250812,1
09701 SF/WF,20250813,1
09701 SF/WF,20250814,1
09701 SF/WF,20250818,1
09701 SF/WF,20250819,1
09701 SF/WF,20250820,1
09701 SF/WF,20250821,1
09701 SF/WF,20250822,1
09701 SF/WF,20250825,1
09701 SF/WF,20250826,1
09701 SF/WF,20250827,1
09701 SF/WF,20250828,1
09701 SF/WF,20250829,1
09701 SF/WF,20250901,1
09701 SF/WF,20250902,1
09701 SF/WF,20250903,1
09701 SF/WF,20250904,1
09701 SF/WF,20250905,1
09701 SF/WF,20250908,1
09701 SF/WF,20250909,1
09701 SF/WF,20250910,1
09701 SF/WF,20250911,1
09701 SF/WF,20250912,1
09701 SF/WF,20250915,1
09701 SF/WF,20251229,1
09701 SF/WF,20251230,1
09704,20250725,1
09704,20250728,1
09704,20250729,1
09704,20250730,1
09704,20250731,1
09704,20250916,1
09704,20250917,1
09704,20250918,1
09704,20250919,1
09704,20250922,1
09704,20250923,1
09704,20250924,1
09704,20250925,1
09704,20250926,1
09704,20250929,1
09704,20250930,1
09704,20251001,1
09704,20251002,1
09704,20251006,1
09704,20251007,1
09704,20251008,1
09704,20251009,1
09704,20251010,1
09704,20251013,1
09704,20251014,1
09704,20251015,1
09704,20251016,1
09704,20251017,1
09704,20251020,1
09704,20251021,1
09704,20251022,1
09704,20251023,1
09704,20251024,1
09704,20251027,1
09704,20251028,1
09704,20251029,1
09704,20251030,1
09704,20251031,1
09704,20251103,1
09704,20251104,1
09704,20251105,1
09704,20251106,1
09704,20251107,1
09704,20251110,1
09704,20251111,1
09704,20251112,1
09704,20251113,1
09704,20251114,1
09704,20251117,1
09704,20251118,1
09704,20251119,1
09704,20251120,1
09704,20251121,1
09704 SF/WF,20250801,1
09704 SF/WF,20250804,1
09704 SF/WF,20250805,1
09704 SF/WF,20250806,1
09704 SF/WF,20250807,1
09704 SF/WF,20250808,1
09704 SF/WF,20250811,1
09704 SF/WF,20250812,1
09704 SF/WF,20250813,1
09704 SF/WF,20250814,1
09704 SF/WF,20250818,1
09704 SF/WF,20250819,1
09704 SF/WF,20250820,1
09704 SF/WF,20250821,1
09704 SF/WF,20250822,1
09704 SF/WF,20250825,1
09704 SF/WF,20250826,1
09704 SF/WF,20250827,1
09704 SF/WF,20250828,1
09704 SF/WF,20250829,1
09704 SF/WF,20250901,1
09704 SF/WF,20250902,1
09704 SF/WF,20250903,1
09704 SF/WF,20250904,1
09704 SF/WF,20250905,1
09704 SF/WF,20250908,1
09704 SF/WF,20250909,1
09704 SF/WF,20250910,1
09704 SF/WF,20250911,1
09704 SF/WF,20250912,1
09704 SF/WF,20250915,1
09704 SF/WF,20251229,1
09704 SF/WF,20251230,1
09801 MiDo mit Eisl.,20251015,1
09801 MiDo mit Eisl.,20251016,1
09801 MiDo mit Eisl.,20251022,1
09801 MiDo mit Eisl.,20251023,1
09801 MiDo mit Eisl.,20251029,1
09801 MiDo mit Eisl.,20251030,1
09801 MiDo mit Eisl.,20251112,1
09801 MiDo mit Eisl.,20251113,1
09801 MiDo mit Eisl.,20251120,1
09801 MiDo mit Eisl.,20251126,1
09801 MiDo mit Eisl.,20251127,1
09801 MiDo mit Eisl.,20251203,1
09801 MiDo mit Eisl.,20251204,1
09801 MiDo mit Eisl.,20251210,1
09801 MiDo mit Eisl.,20251211,1
09801 MiDo mit Eisl.,20251217,1
09801 MiDo mit Eisl.,20251218,1
1001 SO,20250727,1
1001 SO,20250803,1
1001 SO,20250810,1
1001 SO,20250815,1
1001 SO,20250817,1
1001 SO,20250824,1
1001 SO,20250831,1
1001 SO,20250907,1
1001 SO,20250914,1
1001 SO,20250921,1
1001 SO,20250928,1
1001 SO,20251003,1
1001 SO,20251005,1
1001 SO,20251012,1
1001 SO,20251019,1
1001 SO,20251026,1
1001 SO,20251101,1
1001 SO,20251102,1
1001 SO,20251109,1
1001 SO,20251116,1
1001 SO,20251123,1
1001 SO,20251130,1
1001 SO,20251207,1
1001 SO,20251214,1
1001 SO,20251221,1
1001 SO,20251225,1
1001 SO,20251226,1
1001 SO,20251228,1
1005 HA,20251224,1
1007 HA,20251224,1
1007 SA,20250726,1
1007 SA,20250802,1
1007 SA,20250809,1
1007 SA,20250816,1
1007 SA,20250823,1
1007 SA,20250830,1
1007 SA,20250906,1
1007 SA,20250913,1
1007 SA,20250920,1
1007 SA,20250927,1
1007 SA,20251004,1
1007 SA,20251011,1
1007 SA,20251018,1
1007 SA,20251025,1
1007 SA,20251108,1
1007 SA,20251115,1
1007 SA,20251122,1
1007 SA,20251129,1
1007 SA,20251206,1
1007 SA,20251213,1
1007 SA,20251220,1
1007 SA,20251227,1
1007 SIL,20251231,1
101 HA,20251224,1
101 SA,20250726,1
101 SA,20250802,1
101 SA,20250809,1
101 SA,20250816,1
101 SA,20250823,1
101 SA,20250830,1
101 SA,20250906,1
101 SA,20250913,1
101 SA,20250920,1
101 SA,20250927,1
101 SA,20251004,1
101 SA,20251011,1
101 SA,20251018,1
101 SA,20251025,1
101 SA,20251108,1
101 SA,20251115,1
101 SA,20251122,1
101 SA,20251129,1
101 SA,20251206,1
101 SA,20251213,1
101 SA,20251220,1
101 SA,20251227,1
101 SIL,20251231,1
101 SO,20250727,1
101 SO,20250803,1
101 SO,20250810,1
101 SO,20250815,1
101 SO,20250817,1
101 SO,20250824,1
101 SO,20250831,1
101 SO,20250907,1
101 SO,20250914,1
101 SO,20250921,1
101 SO,20250928,1
101 SO,20251003,1
101 SO,20251005,1
101 SO,20251012,1
101 SO,20251019,1
101 SO,20251026,1
101 SO,20251101,1
101 SO,20251102,1
101 SO,20251109,1
101 SO,20251116,1
101 SO,20251123,1
101 SO,20251130,1
101 SO,20251207,1
101 SO,20251214,1
101 SO,20251221,1
101 SO,20251225,1
101 SO,20251226,1
101 SO,20251228,1
1010 SO,20250727,1
1010 SO,20250803,1
1010 SO,20250810,1
1010 SO,20250815,1
1010 SO,20250817,1
1010 SO,20250824,1
1010 SO,20250831,1
1010 SO,20250907,1
1010 SO,20250914,1
1010 SO,20250921,1
1010 SO,20250928,1
1010 SO,20251003,1
1010 SO,20251005,1
1010 SO,20251012,1
1010 SO,20251019,1
1010 SO,20251026,1
1010 SO,20251101,1
1010 SO,20251102,1
1010 SO,20251109,1
1010 SO,20251116,1
1010 SO,20251123,1
1010 SO,20251130,1
1010 SO,20251207,1
1010 SO,20251214,1
1010 SO,20251221,1
1010 SO,20251225,1
1010 SO,20251226,1
1010 SO,20251228,1
102 HA,20251224,1
102 SA,20250726,1
102 SA,20250802,1
102 SA,20250809,1
102 SA,20250816,1
102 SA,20250823,1
102 SA,20250830,1
102 SA,20250906,1
102 SA,20250913,1
102 SA,20250920,1
102 SA,20250927,1
102 SA,20251004,1
102 SA,20251011,1
102 SA,20251018,1
102 SA,20251025,1
102 SA,20251108,1
102 SA,20251115,1
102 SA,20251122,1
102 SA,20251129,1
102 SA,20251206,1
102 SA,20251213,1
102 SA,20251220,1
102 SA,20251227,1
102 SIL,20251231,1
102 SO,20250727,1
102 SO,20250803,1
102 SO,20250810,1
102 SO,20250815,1
102 SO,20250817,1
102 SO,20250824,1
102 SO,20250831,1
102 SO,20250907,1
102 SO,20250914,1
102 SO,20250921,1
102 SO,20250928,1
102 SO,20251003,1
102 SO,20251005,1
102 SO,20251012,1
102 SO,20251019,1
102 SO,20251026,1
102 SO,20251101,1
102 SO,20251102,1
102 SO,20251109,1
102 SO,20251116,1
102 SO,20251123,1
102 SO,20251130,1
102 SO,20251207,1
102 SO,20251214,1
102 SO,20251221,1
102 SO,20251225,1
102 SO,20251226,1
102 SO,20251228,1
1023 SA,20250927,1
1023 SA,20251004,1
1023 SA,20251011,1
1023 SA,20251018,1
1023 SA,20251025,1
1023 SA,20251108,1
1023 SA,20251115,1
1023 SA,20251122,1
1023 SA,20251129,1
1023 SA,20251206,1
1023 SA,20251213,1
1023 SA,20251220,1
1023 SA,20251227,1
1023 SAcopy,20250726,1
1023 SAcopy,20250802,1
1023 SAcopy,20250809,1
1023 SAcopy,20250816,1
1023 SAcopy,20250823,1
1023 SAcopy,20250830,1
1023 SAcopy,20250906,1
1023 SAcopy,20250913,1
1023 SAcopy,20250920,1
1023 SIL,20251231,1
1024 HA,20251224,1
1024 SA,20250726,1
1024 SA,20250802,1
1024 SA,20250809,1
1024 SA,20250816,1
1024 SA,20250823,1
1024 SA,20250830,1
1024 SA,20250906,1
1024 SA,20250913,1
1024 SA,20250920,1
1024 SA,20250927,1
1024 SA,20251004,1
1024 SA,20251011,1
1024 SA,20251018,1
1024 SA,20251025,1
1024 SA,20251108,1
1024 SA,20251115,1
1024 SA,20251122,1
1024 SA,20251129,1
1024 SA,20251206,1
1024 SA,20251213,1
1024 SA,20251220,1
1024 SA,20251227,1
1024 SIL,20251231,1
103 SO,20250727,1
103 SO,20250803,1
103 SO,20250810,1
103 SO,20250815,1
103 SO,20250817,1
103 SO,20250824,1
103 SO,20250831,1
103 SO,20250907,1
103 SO,20250914,1
103 SO,20250921,1
103 SO,20250928,1
103 SO,20251003,1
103 SO,20251005,1
103 SO,20251012,1
103 SO,20251019,1
103 SO,20251026,1
103 SO,20251101,1
103 SO,20251102,1
103 SO,20251109,1
103 SO,20251116,1
103 SO,20251123,1
103 SO,20251130,1
103 SO,20251207,1
103 SO,20251214,1
103 SO,20251221,1
103 SO,20251225,1
103 SO,20251226,1
103 SO,20251228,1
104 HA,20251224,1
104 SA,20250726,1
104 SA,20250802,1
104 SA,20250809,1
104 SA,20250816,1
104 SA,20250823,1
104 SA,20250830,1
104 SA,20250906,1
104 SA,20250913,1
104 SA,20250920,1
104 SA mit Eisl.,20250927,1
104 SA mit Eisl.,20251004,1
104 SA mit Eisl.,20251011,1
104 SA mit Eisl.,20251018,1
104 SA mit Eisl.,20251025,1
104 SA mit Eisl.,20251108,1
104 SA mit Eisl.,20251115,1
104 SA mit Eisl.,20251122,1
104 SA mit Eisl.,20251129,1
104 SA mit Eisl.,20251206,1
104 SA mit Eisl.,20251213,1
104 SA mit Eisl.,20251220,1
104 SA mit Eisl.,20251227,1
104 SIL,20251231,1
104 SO,20250727,1
104 SO,20250803,1
104 SO,20250810,1
104 SO,20250815,1
104 SO,20250817,1
104 SO,20250824,1
104 SO,20250831,1
104 SO,20250907,1
104 SO,20250914,1
104 SO,20250921,1
104 SO,20250928,1
104 SO,20251003,1
104 SO,20251005,1
104 SO,20251012,1
104 SO,20251019,1
104 SO,20251026,1
104 SO,20251101,1
104 SO,20251102,1
104 SO,20251109,1
104 SO,20251116,1
104 SO,20251123,1
104 SO,20251130,1
104 SO,20251207,1
104 SO,20251214,1
104 SO,20251221,1
104 SO,20251225,1
104 SO,20251226,1
104 SO,20251228,1
105 HA,20251224,1
105 SA,20250726,1
105 SA,20250802,1
105 SA,20250809,1
105 SA,20250816,1
105 SA,20250823,1
105 SA,20250830,1
105 SA,20250906,1
105 SA,20250913,1
105 SA,20250920,1
105 SA,20250927,1
105 SA,20251004,1
105 SA,20251011,1
105 SA,20251018,1
105 SA,20251025,1
105 SA,20251108,1
105 SA,20251115,1
105 SA,20251122,1
105 SA,20251129,1
105 SA,20251206,1
105 SA,20251213,1
105 SA,20251220,1
105 SA,20251227,1
105 SIL,20251231,1
1056 SA,20250927,1
1056 SA,20251004,1
1056 SA,20251011,1
1056 SA,20251018,1
1056 SA,20251025,1
1056 SA,20251108,1
1056 SA,20251115,1
1056 SA,20251122,1
1056 SA,20251129,1
1056 SA,20251206,1
1056 SA,20251213,1
1056 SA,20251220,1
1056 SA,20251227,1
1056 SA bis 13.09.25[2025-7-26],20250726,1
1056 SA bis 13.09.25[2025-7-26],20250802,1
1056 SA bis 13.09.25[2025-7-26],20250809,1
1056 SA bis 13.09.25[2025-7-26],20250816,1
1056 SA bis 13.09.25[2025-7-26],20250823,1
1056 SA bis 13.09.25[2025-7-26],20250830,1
1056 SA bis 13.09.25[2025-7-26],20250906,1
1056 SA bis 13.09.25[2025-7-26],20250913,1
1056 SA[2025-9-20],20250920,1
106 HA,20251224,1
106 SA,20250726,1
106 SA,20250802,1
106 SA,20250809,1
106 SA,20250816,1
106 SA,20250823,1
106 SA,20250830,1
106 SA,20250906,1
106 SA,20250913,1
106 SA,20250920,1
106 SA,20250927,1
106 SA,20251004,1
106 SA,20251011,1
106 SA,20251018,1
106 SA,20251025,1
106 SA,20251108,1
106 SA,20251115,1
106 SA,20251122,1
106 SA,20251129,1
106 SA,20251206,1
106 SA,20251213,1
106 SA,20251220,1
106 SA,20251227,1
106 SIL,20251231,1
108 HA,20251224,1
108 SA,20250726,1
108 SA,20250802,1
108 SA,20250809,1
108 SA,20250816,1
108 SA,20250823,1
108 SA,20250830,1
108 SA,20250906,1
108 SA,20250913,1
108 SA,20250920,1
108 SA,20250927,1
108 SA,20251004,1
108 SA,20251011,1
108 SA,20251018,1
108 SA,20251025,1
108 SA,20251108,1
108 SA,20251115,1
108 SA,20251122,1
108 SA,20251129,1
108 SA,20251206,1
108 SA,20251213,1
108 SA,20251220,1
108 SA,20251227,1
108 SIL,20251231,1
1101 HA,20251224,1
1101 SA,20250726,1
1101 SA,20250802,1
1101 SA,20250809,1
1101 SA,20250816,1
1101 SA,20250823,1
1101 SA,20250830,1
1101 SA,20250906,1
1101 SA,20250913,1
1101 SA,20250920,1
1101 SA,20250927,1
1101 SA,20251004,1
1101 SA,20251011,1
1101 SA,20251018,1
1101 SA,20251025,1
1101 SA,20251108,1
1101 SA,20251115,1
1101 SA,20251122,1
1101 SA,20251129,1
1101 SA,20251206,1
1101 SA,20251213,1
1101 SA,20251220,1
1101 SA,20251227,1
1101 SIL,20251231,1
1101 SO,20250727,1
1101 SO,20250803,1
1101 SO,20250810,1
1101 SO,20250815,1
1101 SO,20250817,1
1101 SO,20250824,1
1101 SO,20250831,1
1101 SO,20250907,1
1101 SO,20250914,1
1101 SO,20250921,1
1101 SO,20250928,1
1101 SO,20251003,1
1101 SO,20251005,1
1101 SO,20251012,1
1101 SO,20251019,1
1101 SO,20251026,1
1101 SO,20251101,1
1101 SO,20251102,1
1101 SO,20251109,1
1101 SO,20251116,1
1101 SO,20251123,1
1101 SO,20251130,1
1101 SO,20251207,1
1101 SO,20251214,1
1101 SO,20251221,1
1101 SO,20251225,1
1101 SO,20251226,1
1101 SO,20251228,1
1102 HA,20251224,1
1102 SA,20250726,1
1102 SA,20250802,1
1102 SA,20250809,1
1102 SA,20250816,1
1102 SA,20250823,1
1102 SA,20250830,1
1102 SA,20250906,1
1102 SA,20250913,1
1102 SA,20250920,1
1102 SA,20250927,1
1102 SA,20251004,1
1102 SA,20251011,1
1102 SA,20251018,1
1102 SA,20251025,1
1102 SA,20251108,1
1102 SA,20251115,1
1102 SA,20251122,1
1102 SA,20251129,1
1102 SA,20251206,1
1102 SA,20251213,1
1102 SA,20251220,1
1102 SA,20251227,1
1102 SIL,20251231,1
1102 SO,20250727,1
1103 HA,20251224,1
1103 SA,20250726,1
1103 SA,20250802,1
1103 SA,20250809,1
1103 SA,20250816,1
1103 SA,20250823,1
1103 SA,20250830,1
1103 SA,20250906,1
1103 SA,20250913,1
1103 SA,20250920,1
1103 SA,20250927,1
1103 SA,20251004,1
1103 SA,20251011,1
1103 SA,20251018,1
1103 SA,20251025,1
1103 SA,20251108,1
1103 SA,20251115,1
1103 SA,20251122,1
1103 SA,20251129,1
1103 SA,20251206,1
1103 SA,20251213,1
1103 SA,20251220,1
1103 SA,20251227,1
1103 SIL,20251231,1
1104 HA,20251224,1
1104 SA,20250726,1
1104 SA,20250802,1
1104 SA,20250809,1
1104 SA,20250816,1
1104 SA,20250823,1
1104 SA,20250830,1
1104 SA,20250906,1
1104 SA,20250913,1
1104 SA,20250920,1
1104 SA,20250927,1
1104 SA,20251004,1
1104 SA,20251011,1
1104 SA,20251018,1
1104 SA,20251025,1
1104 SA,20251108,1
1104 SA,20251115,1
1104 SA,20251122,1
1104 SA,20251129,1
1104 SA,20251206,1
1104 SA,20251213,1
1104 SA,20251220,1
1104 SA,20251227,1
1104 SIL,20251231,1
1105 SA,20250726,1
1105 SA,20250802,1
1105 SA,20250809,1
1105 SA,20250816,1
1105 SA,20250823,1
1105 SA,20250830,1
1105 SA,20250906,1
1105 SA,20250913,1
1105 SA,20250920,1
1105 SA,20250927,1
1105 SA,20251004,1
1105 SA,20251011,1
1105 SA,20251018,1
1105 SA,20251025,1
1105 SA,20251108,1
1105 SA,20251115,1
1105 SA,20251122,1
1105 SA,20251129,1
1105 SA,20251206,1
1105 SA,20251213,1
1105 SA,20251220,1
1105 SA,20251227,1
1105 SIL,20251231,1
1105 SO,20250727,1
1105 SO,20250803,1
1105 SO,20250810,1
1105 SO,20250815,1
1105 SO,20250817,1
1105 SO,20250824,1
1105 SO,20250831,1
1105 SO,20250907,1
1105 SO,20250914,1
1105 SO,20250921,1
1105 SO,20250928,1
1105 SO,20251003,1
1105 SO,20251005,1
1105 SO,20251012,1
1105 SO,20251019,1
1105 SO,20251026,1
1105 SO,20251101,1
1105 SO,20251102,1
1105 SO,20251109,1
1105 SO,20251116,1
1105 SO,20251123,1
1105 SO,20251130,1
1105 SO,20251207,1
1105 SO,20251214,1
1105 SO,20251221,1
1105 SO,20251225,1
1105 SO,20251226,1
1105 SO,20251228,1
1106 HA,20251224,1
1106 SA,20250726,1
1106 SA,20250802,1
1106 SA,20250809,1
1106 SA,20250816,1
1106 SA,20250823,1
1106 SA,20250830,1
1106 SA,20250906,1
1106 SA,20250913,1
1106 SA,20250920,1
1106 SA,20250927,1
1106 SA,20251004,1
1106 SA,20251011,1
1106 SA,20251018,1
1106 SA,20251025,1
1106 SA,20251108,1
1106 SA,20251115,1
1106 SA,20251122,1
1106 SA,20251129,1
1106 SA,20251206,1
1106 SA,20251213,1
1106 SA,20251220,1
1106 SA,20251227,1
1106 SIL,20251231,1
1107 HA,20251224,1
1107 SA,20250726,1
1107 SA,20250802,1
1107 SA,20250809,1
1107 SA,20250816,1
1107 SA,20250823,1
1107 SA,20250830,1
1107 SA,20250906,1
1107 SA,20250913,1
1107 SA,20250920,1
1107 SA,20250927,1
1107 SA,20251004,1
1107 SA,20251011,1
1107 SA,20251018,1
1107 SA,20251025,1
1107 SA,20251108,1
1107 SA,20251115,1
1107 SA,20251122,1
1107 SA,20251129,1
1107 SA,20251206,1
1107 SA,20251213,1
1107 SA,20251220,1
1107 SA,20251227,1
1107 SIL,20251231,1
1107 SO,20250727,1
1107 SO,20250803,1
1107 SO,20250810,1
1107 SO,20250815,1
1107 SO,20250817,1
1107 SO,20250824,1
1107 SO,20250831,1
1107 SO,20250907,1
1107 SO,20250914,1
1107 SO,20250921,1
1107 SO,20250928,1
1107 SO,20251003,1
1107 SO,20251005,1
1107 SO,20251012,1
1107 SO,20251019,1
1107 SO,20251026,1
1107 SO,20251101,1
1107 SO,20251102,1
1107 SO,20251109,1
1107 SO,20251116,1
1107 SO,20251123,1
1107 SO,20251130,1
1107 SO,20251207,1
1107 SO,20251214,1
1107 SO,20251221,1
1107 SO,20251225,1
1107 SO,20251226,1
1107 SO,20251228,1
1112 SO,20250803,1
1112 SO,20250810,1
1112 SO,20250815,1
1112 SO,20250817,1
1112 SO,20250824,1
1112 SO,20250831,1
1112 SO,20250907,1
1112 SO,20250914,1
1112 SO,20250921,1
1112 SO,20250928,1
1112 SO,20251003,1
1112 SO,20251005,1
1112 SO,20251012,1
1112 SO,20251019,1
1112 SO,20251026,1
1112 SO,20251101,1
1112 SO,20251102,1
1112 SO,20251109,1
1112 SO,20251116,1
1112 SO,20251123,1
1112 SO,20251130,1
1112 SO,20251207,1
1112 SO,20251214,1
1112 SO,20251221,1
1112 SO,20251225,1
1112 SO,20251226,1
1112 SO,20251228,1
1115 HA,20251224,1
123 SA,20250726,1
123 SA,20250802,1
123 SA,20250809,1
123 SA,20250816,1
123 SA,20250823,1
123 SA,20250830,1
123 SA,20250906,1
123 SA,20250913,1
123 SA,20250920,1
123 SA,20250927,1
123 SA,20251004,1
123 SA,20251011,1
123 SA,20251018,1
123 SA,20251025,1
123 SA,20251108,1
123 SA,20251115,1
123 SA,20251122,1
123 SA,20251129,1
123 SA,20251206,1
123 SA,20251213,1
123 SA,20251220,1
123 SA,20251227,1
123 SIL,20251231,1
1801 SA mit Eisl.,20251220,1
1801 SA mit Eisl.,20251227,1
1801 SA mit Eisl.[2025-9-27],20250927,1
1801 SA mit Eisl.[2025-9-27],20251004,1
1801 SA mit Eisl.[2025-9-27],20251011,1
1801 SA mit Eisl.[2025-9-27],20251018,1
1801 SA mit Eisl.[2025-9-27],20251025,1
1801 SA mit Eisl.[2025-9-27],20251108,1
1801 SA mit Eisl.[2025-9-27],20251115,1
1801 SA mit Eisl.[2025-9-27],20251122,1
1801 SA mit Eisl.[2025-9-27],20251129,1
1801 SA mit Eisl.[2025-9-27],20251206,1
1801 SA mit Eisl.[2025-9-27],20251213,1
1801 SA[2025-7-26],20250726,1
1801 SA[2025-7-26],20250802,1
1801 SA[2025-7-26],20250809,1
1801 SA[2025-7-26],20250816,1
1801 SA[2025-7-26],20250823,1
1801 SA[2025-7-26],20250830,1
1801 SA[2025-7-26],20250906,1
1801 SA[2025-7-26],20250913,1
1801 SA[2025-7-26],20250920,1
1801 SIL,20251231,1
1801 SO,20250928,1
1801 SO,20251003,1
1801 SO,20251005,1
1801 SO,20251012,1
1801 SO,20251019,1
1801 SO,20251026,1
1801 SO,20251101,1
1801 SO,20251102,1
1801 SO,20251109,1
1801 SO,20251116,1
1801 SO,20251123,1
1801 SO,20251130,1
1801 SO,20251207,1
1801 SO,20251214,1
1801 SO,20251221,1
1801 SO,20251225,1
1801 SO,20251226,1
1801 SO,20251228,1
1801 SO bis 27.07.25[2025-7-27],20250727,1
1801 SO[2025-8-3],20250803,1
1801 SO[2025-8-3],20250810,1
1801 SO[2025-8-3],20250815,1
1801 SO[2025-8-3],20250817,1
1801 SO[2025-8-3],20250824,1
1801 SO[2025-8-3],20250831,1
1801 SO[2025-8-3],20250907,1
1801 SO[2025-8-3],20250914,1
1801 SO[2025-8-3],20250921,1
1802 HA,20251224,1
1802 SA,20251220,1
1802 SA,20251227,1
1802 SA[2025-7-26],20250726,1
1802 SA[2025-7-26],20250802,1
1802 SA[2025-7-26],20250809,1
1802 SA[2025-7-26],20250816,1
1802 SA[2025-7-26],20250823,1
1802 SA[2025-7-26],20250830,1
1802 SA[2025-7-26],20250906,1
1802 SA[2025-7-26],20250913,1
1802 SA[2025-7-26],20250920,1
1802 SA[2025-7-26],20250927,1
1802 SA[2025-7-26],20251004,1
1802 SA[2025-7-26],20251011,1
1802 SA[2025-7-26],20251018,1
1802 SA[2025-7-26],20251025,1
1802 SA[2025-7-26],20251108,1
1802 SA[2025-7-26],20251115,1
1802 SA[2025-7-26],20251122,1
1802 SA[2025-7-26],20251129,1
1802 SA[2025-7-26],20251206,1
1802 SA[2025-7-26],20251213,1
1802 SIL,20251231,1
1803 HA,20251224,1
1803 SA,20251220,1
1803 SA,20251227,1
1803 SA[2025-7-26],20250726,1
1803 SA[2025-7-26],20250802,1
1803 SA[2025-7-26],20250809,1
1803 SA[2025-7-26],20250816,1
1803 SA[2025-7-26],20250823,1
1803 SA[2025-7-26],20250830,1
1803 SA[2025-7-26],20250906,1
1803 SA[2025-7-26],20250913,1
1803 SA[2025-7-26],20250920,1
1803 SA[2025-7-26],20250927,1
1803 SA[2025-7-26],20251004,1
1803 SA[2025-7-26],20251011,1
1803 SA[2025-7-26],20251018,1
1803 SA[2025-7-26],20251025,1
1803 SA[2025-7-26],20251108,1
1803 SA[2025-7-26],20251115,1
1803 SA[2025-7-26],20251122,1
1803 SA[2025-7-26],20251129,1
1803 SA[2025-7-26],20251206,1
1803 SA[2025-7-26],20251213,1
1803 SIL,20251231,1
1809 HA,20251224,1
1809 SA,20251220,1
1809 SA,20251227,1
1809 SA bis 13.09.25[2025-7-26],20250726,1
1809 SA bis 13.09.25[2025-7-26],20250802,1
1809 SA bis 13.09.25[2025-7-26],20250809,1
1809 SA bis 13.09.25[2025-7-26],20250816,1
1809 SA bis 13.09.25[2025-7-26],20250823,1
1809 SA bis 13.09.25[2025-7-26],20250830,1
1809 SA bis 13.09.25[2025-7-26],20250906,1
1809 SA bis 13.09.25[2025-7-26],20250913,1
1809 SA[2025-9-20],20250920,1
1809 SA[2025-9-20],20250927,1
1809 SA[2025-9-20],20251004,1
1809 SA[2025-9-20],20251011,1
1809 SA[2025-9-20],20251018,1
1809 SA[2025-9-20],20251025,1
1809 SA[2025-9-20],20251108,1
1809 SA[2025-9-20],20251115,1
1809 SA[2025-9-20],20251122,1
1809 SA[2025-9-20],20251129,1
1809 SA[2025-9-20],20251206,1
1809 SA[2025-9-20],20251213,1
1809 SIL,20251231,1
1810 SO,20250803,1
1810 SO,20250810,1
1810 SO,20250815,1
1810 SO,20250817,1
1810 SO,20250824,1
1810 SO,20250831,1
1810 SO,20250907,1
1810 SO,20250914,1
1810 SO,20250921,1
1810 SO,20250928,1
1810 SO,20251003,1
1810 SO,20251005,1
1810 SO,20251012,1
1810 SO,20251019,1
1810 SO,20251026,1
1810 SO,20251101,1
1810 SO,20251102,1
1810 SO,20251109,1
1810 SO,20251116,1
1810 SO,20251123,1
1810 SO,20251130,1
1810 SO,20251207,1
1810 SO,20251214,1
1810 SO,20251221,1
1810 SO,20251225,1
1810 SO,20251226,1
1810 SO,20251228,1
1810 SO bis 27.07.25,20250727,1
19313 MO Dult sen.,20250901,1
19313 MO Dult sen.,20250908,1
19801 FR Dult[2025-8-29],20250829,1
19801 FR Dult[2025-8-29],20250905,1
19801 FR Dult[2025-8-29],20250912,1
19801 SA Dult[2025-8-30],20250830,1
19801 SA Dult[2025-8-30],20250906,1
19801 SA Dult[2025-8-30],20250913,1
19802 FR Dult[2025-8-29],20250829,1
19802 FR Dult[2025-8-29],20250905,1
19802 FR Dult[2025-8-29],20250912,1
19802 SA Dult[2025-8-30],20250830,1
19802 SA Dult[2025-8-30],20250906,1
19802 SA Dult[2025-8-30],20250913,1
19811 Dult,20250901,1
19811 Dult,20250902,1
19811 Dult,20250908,1
19811 Dult,20250909,1
19811 Dult,20250911,1
19811 Dult nur am 4.9.25,20250904,1
19812 Dult,20250901,1
19812 Dult,20250902,1
19812 Dult,20250908,1
19812 Dult,20250909,1
19812 Dult,20250911,1
19812 Dult nur am 4.9.25,20250904,1
19813 Dult,20250829,1
19813 Dult,20250902,1
19813 Dult,20250905,1
19813 Dult,20250909,1
19813 Dult,20250911,1
19813 Dult,20250912,1
19813 Dult nur am 4.9.25,20250904,1
19814 Dult,20250829,1
19814 Dult,20250901,1
19814 Dult,20250902,1
19814 Dult,20250905,1
19814 Dult,20250908,1
19814 Dult,20250909,1
19814 Dult,20250911,1
19814 Dult,20250912,1
19814 Dult nur am 4.9.25,20250904,1
19815 Dult,20250829,1
19815 Dult,20250901,1
19815 Dult,20250902,1
19815 Dult,20250905,1
19815 Dult,20250908,1
19815 Dult,20250909,1
19815 Dult,20250911,1
19815 Dult,20250912,1
19815 Dult nur am 4.9.25,20250904,1
19831 MI Dult,20250903,1
19831 MI Dult,20250910,1
19832 MI SF-Dult,20250903,1
19832 MI SF-Dult,20250910,1
19833 MI Dult,20250903,1
19833 MI Dult,20250910,1
19834 MI Dult,20250903,1
19834 MI Dult,20250910,1
19835 MI Dult,20250903,1
19835 MI Dult,20250910,1
19841 nur am 4.9.25,20250904,1
19842 nur am 4.9.25,20250904,1
19843 nur am 4.9.25,20250904,1
19851 FR Dult,20250829,1
19851 FR Dult,20250905,1
19851 FR Dult,20250912,1
19852 FR Dult,20250829,1
19852 FR Dult,20250905,1
19852 FR Dult,20250912,1
19861 SA Dult,20250830,1
19861 SA Dult,20250906,1
19861 SA Dult,20250913,1
19862 SA Dult,20250830,1
19862 SA Dult,20250906,1
19862 SA Dult,20250913,1
19863 SA Dult,20250830,1
19863 SA Dult,20250906,1
19863 SA Dult,20250913,1
19864 SA Dult,20250830,1
19864 SA Dult,20250906,1
19864 SA Dult,20250913,1
19865 SA Dult,20250830,1
19865 SA Dult,20250906,1
19865 SA Dult,20250913,1
19871 SO Dult,20250831,1
19871 SO Dult,20250907,1
19871 SO Dult,20250914,1
19872 SO Dult,20250831,1
19872 SO Dult,20250907,1
19872 SO Dult,20250914,1
19873 SO Dult,20250831,1
19873 SO Dult,20250907,1
19873 SO Dult,20250914,1
19874 SO Dult,20250831,1
19874 SO Dult,20250907,1
19874 SO Dult,20250914,1
19875 SO Dult,20250831,1
19875 SO Dult,20250907,1
19875 SO Dult,20250914,1
19876 SO Dult,20250831,1
19876 SO Dult,20250907,1
19876 SO Dult,20250914,1
201 HA,20251224,1
201 SA,20250927,1
201 SA,20251004,1
201 SA,20251011,1
201 SA,20251018,1
201 SA,20251025,1
201 SA,20251108,1
201 SA,20251115,1
201 SA,20251122,1
201 SA,20251129,1
201 SA,20251206,1
201 SA,20251213,1
201 SA,20251220,1
201 SA,20251227,1
201 SA[2025-7-26],20250726,1
201 SA[2025-7-26],20250802,1
201 SA[2025-7-26],20250809,1
201 SA[2025-7-26],20250816,1
201 SA[2025-7-26],20250823,1
201 SA[2025-7-26],20250830,1
201 SA[2025-7-26],20250906,1
201 SA[2025-7-26],20250913,1
201 SA[2025-7-26],20250920,1
201 SIL,20251231,1
202 HA,20251224,1
202 SA,20250927,1
202 SA,20251004,1
202 SA,20251011,1
202 SA,20251018,1
202 SA,20251025,1
202 SA,20251108,1
202 SA,20251115,1
202 SA,20251122,1
202 SA,20251129,1
202 SA,20251206,1
202 SA,20251213,1
202 SA,20251220,1
202 SA,20251227,1
202 SA[2025-7-26],20250726,1
202 SA[2025-7-26],20250802,1
202 SA[2025-7-26],20250809,1
202 SA[2025-7-26],20250816,1
202 SA[2025-7-26],20250823,1
202 SA[2025-7-26],20250830,1
202 SA[2025-7-26],20250906,1
202 SA[2025-7-26],20250913,1
202 SA[2025-7-26],20250920,1
202 SIL,20251231,1
202 SO,20250928,1
202 SO,20251003,1
202 SO,20251005,1
202 SO,20251012,1
202 SO,20251019,1
202 SO,20251026,1
202 SO,20251101,1
202 SO,20251102,1
202 SO,20251109,1
202 SO,20251116,1
202 SO,20251123,1
202 SO,20251130,1
202 SO,20251207,1
202 SO,20251214,1
202 SO,20251221,1
202 SO,20251225,1
202 SO,20251226,1
202 SO,20251228,1
202 SO[2025-7-27],20250727,1
202 SO[2025-7-27],20250803,1
202 SO[2025-7-27],20250810,1
202 SO[2025-7-27],20250815,1
202 SO[2025-7-27],20250817,1
202 SO[2025-7-27],20250824,1
202 SO[2025-7-27],20250831,1
202 SO[2025-7-27],20250907,1
202 SO[2025-7-27],20250914,1
202 SO[2025-7-27],20250921,1
203 HA,20251224,1
203 SA,20250927,1
203 SA,20251004,1
203 SA,20251011,1
203 SA,20251018,1
203 SA,20251025,1
203 SA,20251108,1
203 SA,20251115,1
203 SA,20251122,1
203 SA,20251129,1
203 SA,20251206,1
203 SA,20251213,1
203 SA,20251220,1
203 SA,20251227,1
203 SA[2025-7-26],20250726,1
203 SA[2025-7-26],20250802,1
203 SA[2025-7-26],20250809,1
203 SA[2025-7-26],20250816,1
203 SA[2025-7-26],20250823,1
203 SA[2025-7-26],20250830,1
203 SA[2025-7-26],20250906,1
203 SA[2025-7-26],20250913,1
203 SA[2025-7-26],20250920,1
203 SIL,20251231,1
203 SO,20250928,1
203 SO,20251003,1
203 SO,20251005,1
203 SO,20251012,1
203 SO,20251019,1
203 SO,20251026,1
203 SO,20251101,1
203 SO,20251102,1
203 SO,20251109,1
203 SO,20251116,1
203 SO,20251123,1
203 SO,20251130,1
203 SO,20251207,1
203 SO,20251214,1
203 SO,20251221,1
203 SO,20251225,1
203 SO,20251226,1
203 SO,20251228,1
203 SO[2025-7-27],20250727,1
203 SO[2025-7-27],20250803,1
203 SO[2025-7-27],20250810,1
203 SO[2025-7-27],20250815,1
203 SO[2025-7-27],20250817,1
203 SO[2025-7-27],20250824,1
203 SO[2025-7-27],20250831,1
203 SO[2025-7-27],20250907,1
203 SO[2025-7-27],20250914,1
203 SO[2025-7-27],20250921,1
204 HA,20251224,1
204 SA,20250927,1
204 SA,20251004,1
204 SA,20251011,1
204 SA,20251018,1
204 SA,20251025,1
204 SA,20251108,1
204 SA,20251115,1
204 SA,20251122,1
204 SA,20251129,1
204 SA,20251206,1
204 SA,20251213,1
204 SA,20251220,1
204 SA,20251227,1
204 SA[2025-7-26],20250726,1
204 SA[2025-7-26],20250802,1
204 SA[2025-7-26],20250809,1
204 SA[2025-7-26],20250816,1
204 SA[2025-7-26],20250823,1
204 SA[2025-7-26],20250830,1
204 SA[2025-7-26],20250906,1
204 SA[2025-7-26],20250913,1
204 SA[2025-7-26],20250920,1
204 SIL,20251231,1
204 SO,20250928,1
204 SO,20251003,1
204 SO,20251005,1
204 SO,20251012,1
204 SO,20251019,1
204 SO,20251026,1
204 SO,20251101,1
204 SO,20251102,1
204 SO,20251109,1
204 SO,20251116,1
204 SO,20251123,1
204 SO,20251130,1
204 SO,20251207,1
204 SO,20251214,1
204 SO,20251221,1
204 SO,20251225,1
204 SO,20251226,1
204 SO,20251228,1
204 SO[2025-7-27],20250727,1
204 SO[2025-7-27],20250803,1
204 SO[2025-7-27],20250810,1
204 SO[2025-7-27],20250815,1
204 SO[2025-7-27],20250817,1
204 SO[2025-7-27],20250824,1
204 SO[2025-7-27],20250831,1
204 SO[2025-7-27],20250907,1
204 SO[2025-7-27],20250914,1
204 SO[2025-7-27],20250921,1
20427,20250929,1
20427,20250930,1
20427,20251001,1
20427,20251002,1
20427,20251006,1
20427,20251007,1
20427,20251008,1
20427,20251009,1
20427,20251010,1
20427 (U-FR),20251017,1
20427 (U-FR),20251024,1
20427 (U-FR),20251031,1
20427 (U-FR),20251114,1
20427 (U-FR),20251121,1
20427 (U-FR),20251128,1
20427 (U-FR),20251205,1
20427 (U-FR),20251212,1
20427 (U-FR),20251219,1
20427 (U-FR)[2025-7-25],20250725,1
20427 (U-MD),20251013,1
20427 (U-MD),20251014,1
20427 (U-MD),20251015,1
20427 (U-MD),20251016,1
20427 (U-MD),20251020,1
20427 (U-MD),20251021,1
20427 (U-MD),20251022,1
20427 (U-MD),20251023,1
20427 (U-MD),20251027,1
20427 (U-MD),20251028,1
20427 (U-MD),20251029,1
20427 (U-MD),20251030,1
20427 (U-MD),20251110,1
20427 (U-MD),20251111,1
20427 (U-MD),20251112,1
20427 (U-MD),20251113,1
20427 (U-MD),20251117,1
20427 (U-MD),20251118,1
20427 (U-MD),20251120,1
20427 (U-MD),20251124,1
20427 (U-MD),20251125,1
20427 (U-MD),20251126,1
20427 (U-MD),20251127,1
20427 (U-MD),20251201,1
20427 (U-MD),20251202,1
20427 (U-MD),20251203,1
20427 (U-MD),20251204,1
20427 (U-MD),20251208,1
20427 (U-MD),20251209,1
20427 (U-MD),20251210,1
20427 (U-MD),20251211,1
20427 (U-MD),20251215,1
20427 (U-MD),20251216,1
20427 (U-MD),20251217,1
20427 (U-MD),20251218,1
20427 Ferien (U-FR) mit Eisl.,20251107,1
20427 Ferien (U-MD) ohne Eisl.,20251103,1
20427 Ferien (U-MD) ohne Eisl.,20251104,1
20427 Ferien (U-MiDo) mit Eisl.,20251105,1
20427 Ferien (U-MiDo) mit Eisl.,20251106,1
20427 Ferien (U-MiDo) mit Eisl.,20251119,1
20427 bis 31.07.25[2025-7-28],20250728,1
20427 bis 31.07.25[2025-7-28],20250729,1
20427 bis 31.07.25[2025-7-28],20250730,1
20427 bis 31.07.25[2025-7-28],20250731,1
20427[2025-9-16],20250916,1
20427[2025-9-16],20250917,1
20427[2025-9-16],20250918,1
20427[2025-9-16],20250919,1
20427[2025-9-16],20250922,1
20427[2025-9-16],20250923,1
20427[2025-9-16],20250924,1
20427[2025-9-16],20250925,1
20427[2025-9-16],20250926,1
205 SO,20250928,1
205 SO,20251003,1
205 SO,20251005,1
205 SO,20251012,1
205 SO,20251019,1
205 SO,20251026,1
205 SO,20251101,1
205 SO,20251102,1
205 SO,20251109,1
205 SO,20251116,1
205 SO,20251123,1
205 SO,20251130,1
205 SO,20251207,1
205 SO,20251214,1
205 SO,20251221,1
205 SO,20251225,1
205 SO,20251226,1
205 SO,20251228,1
205 SO[2025-7-27],20250727,1
205 SO[2025-7-27],20250803,1
205 SO[2025-7-27],20250810,1
205 SO[2025-7-27],20250815,1
205 SO[2025-7-27],20250817,1
205 SO[2025-7-27],20250824,1
205 SO[2025-7-27],20250831,1
205 SO[2025-7-27],20250907,1
205 SO[2025-7-27],20250914,1
205 SO[2025-7-27],20250921,1
206 HA,20251224,1
206 SA,20250927,1
206 SA,20251004,1
206 SA,20251011,1
206 SA,20251018,1
206 SA,20251025,1
206 SA,20251108,1
206 SA,20251115,1
206 SA,20251122,1
206 SA,20251129,1
206 SA,20251206,1
206 SA,20251213,1
206 SA,20251220,1
206 SA,20251227,1
206 SA[2025-7-26],20250726,1
206 SA[2025-7-26],20250802,1
206 SA[2025-7-26],20250809,1
206 SA[2025-7-26],20250816,1
206 SA[2025-7-26],20250823,1
206 SA[2025-7-26],20250830,1
206 SA[2025-7-26],20250906,1
206 SA[2025-7-26],20250913,1
206 SA[2025-7-26],20250920,1
206 SIL,20251231,1
20611 Ferien (U-FR),20251107,1
20611 Ferien (U-MD),20251103,1
20611 Ferien (U-MD),20251104,1
20611 Ferien (U-MD),20251105,1
20611 Ferien (U-MD),20251106,1
20611 Ferien (U-MD),20251119,1
20615 Ferien (U-MF),20251103,1
20615 Ferien (U-MF),20251104,1
20615 Ferien (U-MF),20251105,1
20615 Ferien (U-MF),20251106,1
20615 Ferien (U-MF),20251107,1
20615 Ferien (U-MF),20251119,1
207 HA,20251224,1
207 SA,20250927,1
207 SA,20251004,1
207 SA,20251011,1
207 SA,20251018,1
207 SA,20251025,1
207 SA,20251108,1
207 SA,20251115,1
207 SA,20251122,1
207 SA,20251129,1
207 SA,20251206,1
207 SA,20251213,1
207 SA,20251220,1
207 SA,20251227,1
207 SA[2025-7-26],20250726,1
207 SA[2025-7-26],20250802,1
207 SA[2025-7-26],20250809,1
207 SA[2025-7-26],20250816,1
207 SA[2025-7-26],20250823,1
207 SA[2025-7-26],20250830,1
207 SA[2025-7-26],20250906,1
207 SA[2025-7-26],20250913,1
207 SA[2025-7-26],20250920,1
207 SIL,20251231,1
208 HA,20251224,1
208 SA,20250927,1
208 SA,20251004,1
208 SA,20251011,1
208 SA,20251018,1
208 SA,20251025,1
208 SA,20251108,1
208 SA,20251115,1
208 SA,20251122,1
208 SA,20251129,1
208 SA,20251206,1
208 SA,20251213,1
208 SA,20251220,1
208 SA,20251227,1
208 SA[2025-7-26],20250726,1
208 SA[2025-7-26],20250802,1
208 SA[2025-7-26],20250809,1
208 SA[2025-7-26],20250816,1
208 SA[2025-7-26],20250823,1
208 SA[2025-7-26],20250830,1
208 SA[2025-7-26],20250906,1
208 SA[2025-7-26],20250913,1
208 SA[2025-7-26],20250920,1
208 SIL,20251231,1
208 SO,20250928,1
208 SO,20251003,1
208 SO,20251005,1
208 SO,20251012,1
208 SO,20251019,1
208 SO,20251026,1
208 SO,20251101,1
208 SO,20251102,1
208 SO,20251109,1
208 SO,20251116,1
208 SO,20251123,1
208 SO,20251130,1
208 SO,20251207,1
208 SO,20251214,1
208 SO,20251221,1
208 SO,20251225,1
208 SO,20251226,1
208 SO,20251228,1
208 SO[2025-7-27],20250727,1
208 SO[2025-7-27],20250803,1
208 SO[2025-7-27],20250810,1
208 SO[2025-7-27],20250815,1
208 SO[2025-7-27],20250817,1
208 SO[2025-7-27],20250824,1
208 SO[2025-7-27],20250831,1
208 SO[2025-7-27],20250907,1
208 SO[2025-7-27],20250914,1
208 SO[2025-7-27],20250921,1
211 HA,20251224,1
211 SA,20250927,1
211 SA,20251004,1
211 SA,20251011,1
211 SA,20251018,1
211 SA,20251025,1
211 SA,20251108,1
211 SA,20251115,1
211 SA,20251122,1
211 SA,20251129,1
211 SA,20251206,1
211 SA,20251213,1
211 SA,20251220,1
211 SA,20251227,1
211 SA[2025-7-26],20250726,1
211 SA[2025-7-26],20250802,1
211 SA[2025-7-26],20250809,1
211 SA[2025-7-26],20250816,1
211 SA[2025-7-26],20250823,1
211 SA[2025-7-26],20250830,1
211 SA[2025-7-26],20250906,1
211 SA[2025-7-26],20250913,1
211 SA[2025-7-26],20250920,1
211 SIL,20251231,1
211 SO,20250928,1
211 SO,20251003,1
211 SO,20251005,1
211 SO,20251012,1
211 SO,20251019,1
211 SO,20251026,1
211 SO,20251101,1
211 SO,20251102,1
211 SO,20251109,1
211 SO,20251116,1
211 SO,20251123,1
211 SO,20251130,1
211 SO,20251207,1
211 SO,20251214,1
211 SO,20251221,1
211 SO,20251225,1
211 SO,20251226,1
211 SO,20251228,1
211 SO bis 14.09.25[2025-7-27],20250727,1
211 SO bis 14.09.25[2025-7-27],20250803,1
211 SO bis 14.09.25[2025-7-27],20250810,1
211 SO bis 14.09.25[2025-7-27],20250815,1
211 SO bis 14.09.25[2025-7-27],20250817,1
211 SO bis 14.09.25[2025-7-27],20250824,1
211 SO bis 14.09.25[2025-7-27],20250831,1
211 SO bis 14.09.25[2025-7-27],20250907,1
211 SO bis 14.09.25[2025-7-27],20250914,1
211 SO[2025-9-21],20250921,1
21104,20250929,1
21104,20250930,1
21104,20251001,1
21104,20251002,1
21104,20251006,1
21104,20251007,1
21104,20251008,1
21104,20251009,1
21104,20251010,1
21104,20251013,1
21104,20251014,1
21104,20251015,1
21104,20251016,1
21104,20251017,1
21104,20251020,1
21104,20251021,1
21104,20251022,1
21104,20251023,1
21104,20251024,1
21104,20251027,1
21104,20251028,1
21104,20251029,1
21104,20251030,1
21104,20251031,1
21104,20251110,1
21104,20251111,1
21104,20251112,1
21104,20251113,1
21104,20251114,1
21104,20251117,1
21104,20251118,1
21104,20251120,1
21104,20251121,1
21104,20251124,1
21104,20251125,1
21104,20251126,1
21104,20251127,1
21104,20251128,1
21104,20251201,1
21104,20251202,1
21104,20251203,1
21104,20251204,1
21104,20251205,1
21104,20251208,1
21104,20251209,1
21104,20251210,1
21104,20251211,1
21104,20251212,1
21104,20251215,1
21104,20251216,1
21104,20251217,1
21104,20251218,1
21104,20251219,1
21104[2025-7-25],20250725,1
21104[2025-7-25],20250728,1
21104[2025-7-25],20250729,1
21104[2025-7-25],20250730,1
21104[2025-7-25],20250731,1
21104[2025-7-25],20250916,1
21104[2025-7-25],20250917,1
21104[2025-7-25],20250918,1
21104[2025-7-25],20250919,1
21104[2025-7-25],20250922,1
21104[2025-7-25],20250923,1
21104[2025-7-25],20250924,1
21104[2025-7-25],20250925,1
21104[2025-7-25],20250926,1
21123,20250929,1
21123,20250930,1
21123,20251001,1
21123,20251002,1
21123,20251006,1
21123,20251007,1
21123,20251008,1
21123,20251009,1
21123,20251010,1
21123 (U-MF),20251013,1
21123 (U-MF),20251014,1
21123 (U-MF),20251015,1
21123 (U-MF),20251016,1
21123 (U-MF),20251017,1
21123 (U-MF),20251020,1
21123 (U-MF),20251021,1
21123 (U-MF),20251022,1
21123 (U-MF),20251023,1
21123 (U-MF),20251024,1
21123 (U-MF),20251027,1
21123 (U-MF),20251028,1
21123 (U-MF),20251029,1
21123 (U-MF),20251030,1
21123 (U-MF),20251031,1
21123 (U-MF),20251110,1
21123 (U-MF),20251111,1
21123 (U-MF),20251112,1
21123 (U-MF),20251113,1
21123 (U-MF),20251114,1
21123 (U-MF),20251117,1
21123 (U-MF),20251118,1
21123 (U-MF),20251120,1
21123 (U-MF),20251121,1
21123 (U-MF),20251124,1
21123 (U-MF),20251125,1
21123 (U-MF),20251126,1
21123 (U-MF),20251127,1
21123 (U-MF),20251128,1
21123 (U-MF),20251201,1
21123 (U-MF),20251202,1
21123 (U-MF),20251203,1
21123 (U-MF),20251204,1
21123 (U-MF),20251205,1
21123 (U-MF),20251208,1
21123 (U-MF),20251209,1
21123 (U-MF),20251210,1
21123 (U-MF),20251211,1
21123 (U-MF),20251212,1
21123 (U-MF),20251215,1
21123 (U-MF),20251216,1
21123 (U-MF),20251217,1
21123 (U-MF),20251218,1
21123 (U-MF),20251219,1
21123 (U-MF)[2025-7-25],20250725,1
21123[2025-7-28],20250728,1
21123[2025-7-28],20250729,1
21123[2025-7-28],20250730,1
21123[2025-7-28],20250731,1
21123[2025-7-28],20250916,1
21123[2025-7-28],20250917,1
21123[2025-7-28],20250918,1
21123[2025-7-28],20250919,1
21123[2025-7-28],20250922,1
21123[2025-7-28],20250923,1
21123[2025-7-28],20250924,1
21123[2025-7-28],20250925,1
21123[2025-7-28],20250926,1
213 HA,20251224,1
213 SA,20250927,1
213 SA,20251004,1
213 SA,20251011,1
213 SA,20251018,1
213 SA,20251025,1
213 SA,20251108,1
213 SA,20251115,1
213 SA,20251122,1
213 SA,20251129,1
213 SA,20251206,1
213 SA,20251213,1
213 SA,20251220,1
213 SA,20251227,1
213 SA[2025-7-26],20250726,1
213 SA[2025-7-26],20250802,1
213 SA[2025-7-26],20250809,1
213 SA[2025-7-26],20250816,1
213 SA[2025-7-26],20250823,1
213 SA[2025-7-26],20250830,1
213 SA[2025-7-26],20250906,1
213 SA[2025-7-26],20250913,1
213 SA[2025-7-26],20250920,1
213 SIL,20251231,1
213 SO,20250928,1
213 SO,20251003,1
213 SO,20251005,1
213 SO,20251012,1
213 SO,20251019,1
213 SO,20251026,1
213 SO,20251101,1
213 SO,20251102,1
213 SO,20251109,1
213 SO,20251116,1
213 SO,20251123,1
213 SO,20251130,1
213 SO,20251207,1
213 SO,20251214,1
213 SO,20251221,1
213 SO,20251225,1
213 SO,20251226,1
213 SO,20251228,1
213 SO[2025-7-27],20250727,1
213 SO[2025-7-27],20250803,1
213 SO[2025-7-27],20250810,1
213 SO[2025-7-27],20250815,1
213 SO[2025-7-27],20250817,1
213 SO[2025-7-27],20250824,1
213 SO[2025-7-27],20250831,1
213 SO[2025-7-27],20250907,1
213 SO[2025-7-27],20250914,1
213 SO[2025-7-27],20250921,1
215 HA,20251224,1
215 SA,20250927,1
215 SA,20251004,1
215 SA,20251011,1
215 SA,20251018,1
215 SA,20251025,1
215 SA,20251108,1
215 SA,20251115,1
215 SA,20251122,1
215 SA,20251129,1
215 SA,20251206,1
215 SA,20251213,1
215 SA,20251220,1
215 SA,20251227,1
215 SA[2025-7-26],20250726,1
215 SA[2025-7-26],20250802,1
215 SA[2025-7-26],20250809,1
215 SA[2025-7-26],20250816,1
215 SA[2025-7-26],20250823,1
215 SA[2025-7-26],20250830,1
215 SA[2025-7-26],20250906,1
215 SA[2025-7-26],20250913,1
215 SA[2025-7-26],20250920,1
215 SIL,20251231,1
303 HA,20251224,1
303 SA,20250927,1
303 SA,20251004,1
303 SA,20251011,1
303 SA,20251018,1
303 SA,20251025,1
303 SA,20251108,1
303 SA,20251115,1
303 SA,20251122,1
303 SA,20251129,1
303 SA,20251206,1
303 SA,20251213,1
303 SA,20251220,1
303 SA,20251227,1
303 SA[2025-7-26],20250726,1
303 SA[2025-7-26],20250802,1
303 SA[2025-7-26],20250809,1
303 SA[2025-7-26],20250816,1
303 SA[2025-7-26],20250823,1
303 SA[2025-7-26],20250830,1
303 SA[2025-7-26],20250906,1
303 SA[2025-7-26],20250913,1
303 SA[2025-7-26],20250920,1
303 SIL,20251231,1
306 HA,20251224,1
306 SA,20250927,1
306 SA,20251004,1
306 SA,20251011,1
306 SA,20251018,1
306 SA,20251025,1
306 SA,20251108,1
306 SA,20251115,1
306 SA,20251122,1
306 SA,20251129,1
306 SA,20251206,1
306 SA,20251213,1
306 SA,20251220,1
306 SA,20251227,1
306 SA bis 13.09.25[2025-8-2],20250802,1
306 SA bis 13.09.25[2025-8-2],20250809,1
306 SA bis 13.09.25[2025-8-2],20250816,1
306 SA bis 13.09.25[2025-8-2],20250823,1
306 SA bis 13.09.25[2025-8-2],20250830,1
306 SA bis 13.09.25[2025-8-2],20250906,1
306 SA bis 13.09.25[2025-8-2],20250913,1
306 SA bis 26.07.25[2025-7-26],20250726,1
306 SA[2025-9-20],20250920,1
306 SIL,20251231,1
308 SO,20250727,1
308 SO,20250803,1
308 SO,20250810,1
308 SO,20250815,1
308 SO,20250817,1
308 SO,20250824,1
308 SO,20250831,1
308 SO,20250907,1
308 SO,20250914,1
308 SO,20250921,1
308 SO,20250928,1
308 SO,20251003,1
308 SO,20251005,1
308 SO,20251012,1
308 SO,20251019,1
308 SO,20251026,1
308 SO,20251101,1
308 SO,20251102,1
308 SO,20251109,1
308 SO,20251116,1
308 SO,20251123,1
308 SO,20251130,1
308 SO,20251207,1
308 SO,20251214,1
308 SO,20251221,1
308 SO,20251225,1
308 SO,20251226,1
308 SO,20251228,1
311 HA,20251224,1
311 SA,20250927,1
311 SA,20251004,1
311 SA,20251011,1
311 SA,20251018,1
311 SA,20251025,1
311 SA,20251108,1
311 SA,20251115,1
311 SA,20251122,1
311 SA,20251129,1
311 SA,20251206,1
311 SA,20251213,1
311 SA,20251220,1
311 SA,20251227,1
311 SA[2025-7-26],20250726,1
311 SA[2025-7-26],20250802,1
311 SA[2025-7-26],20250809,1
311 SA[2025-7-26],20250816,1
311 SA[2025-7-26],20250823,1
311 SA[2025-7-26],20250830,1
311 SA[2025-7-26],20250906,1
311 SA[2025-7-26],20250913,1
311 SA[2025-7-26],20250920,1
311 SIL,20251231,1
313 SO,20250727,1
313 SO,20250803,1
313 SO,20250810,1
313 SO,20250815,1
313 SO,20250817,1
313 SO,20250824,1
313 SO,20250831,1
313 SO,20250907,1
313 SO,20250914,1
313 SO,20250921,1
313 SO,20250928,1
313 SO,20251003,1
313 SO,20251005,1
313 SO,20251012,1
313 SO,20251019,1
313 SO,20251026,1
313 SO,20251101,1
313 SO,20251102,1
313 SO,20251109,1
313 SO,20251116,1
313 SO,20251123,1
313 SO,20251130,1
313 SO,20251207,1
313 SO,20251214,1
313 SO,20251221,1
313 SO,20251225,1
313 SO,20251226,1
313 SO,20251228,1
314 HA,20251224,1
314 SA,20250920,1
314 SA,20250927,1
314 SA,20251004,1
314 SA,20251011,1
314 SA,20251018,1
314 SA,20251025,1
314 SA,20251108,1
314 SA,20251115,1
314 SA,20251122,1
314 SA,20251129,1
314 SA,20251206,1
314 SA,20251213,1
314 SA,20251220,1
314 SA,20251227,1
314 SA bis 13.09.25,20250726,1
314 SA bis 13.09.25,20250802,1
314 SA bis 13.09.25,20250809,1
314 SA bis 13.09.25,20250816,1
314 SA bis 13.09.25,20250823,1
314 SA bis 13.09.25,20250830,1
314 SA bis 13.09.25,20250906,1
314 SA bis 13.09.25,20250913,1
314 SIL,20251231,1
315 HA,20251224,1
315 SA,20250927,1
315 SA,20251004,1
315 SA,20251011,1
315 SA,20251018,1
315 SA,20251025,1
315 SA,20251108,1
315 SA,20251115,1
315 SA,20251122,1
315 SA,20251129,1
315 SA,20251206,1
315 SA,20251213,1
315 SA,20251220,1
315 SA,20251227,1
315 SA[2025-7-26],20250726,1
315 SA[2025-7-26],20250802,1
315 SA[2025-7-26],20250809,1
315 SA[2025-7-26],20250816,1
315 SA[2025-7-26],20250823,1
315 SA[2025-7-26],20250830,1
315 SA[2025-7-26],20250906,1
315 SA[2025-7-26],20250913,1
315 SA[2025-7-26],20250920,1
315 SIL,20251231,1
316 HA,20251224,1
316 SA,20250927,1
316 SA,20251004,1
316 SA,20251011,1
316 SA,20251018,1
316 SA,20251025,1
316 SA,20251108,1
316 SA,20251115,1
316 SA,20251122,1
316 SA,20251129,1
316 SA,20251206,1
316 SA,20251213,1
316 SA,20251220,1
316 SA,20251227,1
316 SA[2025-7-26],20250726,1
316 SA[2025-7-26],20250802,1
316 SA[2025-7-26],20250809,1
316 SA[2025-7-26],20250816,1
316 SA[2025-7-26],20250823,1
316 SA[2025-7-26],20250830,1
316 SA[2025-7-26],20250906,1
316 SA[2025-7-26],20250913,1
316 SA[2025-7-26],20250920,1
316 SIL,20251231,1
3255 SA[2025-7-26],20250726,1
3255 SA[2025-7-26],20250802,1
3255 SA[2025-7-26],20250809,1
3255 SA[2025-7-26],20250816,1
3255 SA[2025-7-26],20250823,1
3255 SA[2025-7-26],20250830,1
3255 SA[2025-7-26],20250906,1
3255 SA[2025-7-26],20250913,1
3255 SA[2025-7-26],20250920,1
354 SA,20250927,1
354 SA,20251004,1
354 SA,20251011,1
354 SA,20251018,1
354 SA,20251025,1
354 SA,20251108,1
354 SA,20251115,1
354 SA,20251122,1
354 SA,20251129,1
354 SA,20251206,1
354 SA,20251213,1
354 SA,20251220,1
354 SA,20251227,1
354 SA[2025-7-26],20250726,1
354 SA[2025-7-26],20250802,1
354 SA[2025-7-26],20250809,1
354 SA[2025-7-26],20250816,1
354 SA[2025-7-26],20250823,1
354 SA[2025-7-26],20250830,1
354 SA[2025-7-26],20250906,1
354 SA[2025-7-26],20250913,1
354 SA[2025-7-26],20250920,1
40153 SIL,20251231,1
40153 vor Ftg.,20251002,1
40153 vor Ftg.,20251003,1
40153 vor Ftg.,20251225,1
40153 vor Ftg.,20251226,1
40153 vor Ftg. bis 15.08.25,20250814,1
40153 vor Ftg. bis 15.08.25,20250815,1
40251 SIL,20251231,1
40253 FR,20250919,1
40253 FR,20250926,1
40253 FR,20251010,1
40253 FR,20251017,1
40253 FR,20251024,1
40253 FR,20251031,1
40253 FR,20251107,1
40253 FR,20251114,1
40253 FR,20251121,1
40253 FR,20251128,1
40253 FR,20251205,1
40253 FR,20251212,1
40253 FR,20251219,1
40253 FR bis 12.09.25,20250725,1
40253 FR bis 12.09.25,20250801,1
40253 FR bis 12.09.25,20250808,1
40253 FR bis 12.09.25,20250822,1
40253 FR bis 12.09.25,20250829,1
40253 FR bis 12.09.25,20250905,1
40253 FR bis 12.09.25,20250912,1
40301 SIL,20251231,1
40354 SIL,20251231,1
40354 vor Ftg.,20251002,1
40354 vor Ftg.,20251003,1
40354 vor Ftg.,20251225,1
40354 vor Ftg.,20251226,1
40354 vor Ftg.[2025-8-14],20250814,1
40354 vor Ftg.[2025-8-14],20250815,1
405 SA,20250927,1
405 SA,20251004,1
405 SA,20251011,1
405 SA,20251018,1
405 SA,20251025,1
405 SA,20251108,1
405 SA,20251115,1
405 SA,20251122,1
405 SA,20251129,1
405 SA,20251206,1
405 SA,20251213,1
405 SA,20251220,1
405 SA,20251227,1
405 SA[2025-7-26],20250726,1
405 SA[2025-7-26],20250802,1
405 SA[2025-7-26],20250809,1
405 SA[2025-7-26],20250816,1
405 SA[2025-7-26],20250823,1
405 SA[2025-7-26],20250830,1
405 SA[2025-7-26],20250906,1
405 SA[2025-7-26],20250913,1
405 SA[2025-7-26],20250920,1
405 SIL,20251231,1
40556 FR,20251010,1
40556 FR,20251017,1
40556 FR,20251024,1
40556 FR,20251031,1
40556 FR,20251107,1
40556 FR,20251114,1
40556 FR,20251121,1
40556 FR,20251128,1
40556 FR,20251205,1
40556 FR,20251212,1
40556 FR,20251219,1
40556 FR bis 12.09.25[2025-7-25],20250725,1
40556 FR bis 12.09.25[2025-7-25],20250801,1
40556 FR bis 12.09.25[2025-7-25],20250808,1
40556 FR bis 12.09.25[2025-7-25],20250822,1
40556 FR bis 12.09.25[2025-7-25],20250829,1
40556 FR bis 12.09.25[2025-7-25],20250905,1
40556 FR bis 12.09.25[2025-7-25],20250912,1
40556 FR[2025-9-19],20250919,1
40556 FR[2025-9-19],20250926,1
40556 SIL,20251231,1
40556 vor Ftg.,20251002,1
40556 vor Ftg.,20251003,1
40556 vor Ftg.,20251225,1
40556 vor Ftg.,20251226,1
40556 vor Ftg. bis 15.08.25[2025-8-14],20250814,1
40556 vor Ftg. bis 15.08.25[2025-8-14],20250815,1
406 HA,20251224,1
406 SO mit Eisl.,20250928,1
406 SO mit Eisl.,20251003,1
406 SO mit Eisl.,20251005,1
406 SO mit Eisl.,20251012,1
406 SO mit Eisl.,20251019,1
406 SO mit Eisl.,20251026,1
406 SO mit Eisl.,20251101,1
406 SO mit Eisl.,20251102,1
406 SO mit Eisl.,20251109,1
406 SO mit Eisl.,20251116,1
406 SO mit Eisl.,20251123,1
406 SO mit Eisl.,20251130,1
406 SO mit Eisl.,20251207,1
406 SO mit Eisl.,20251214,1
406 SO mit Eisl.,20251221,1
406 SO mit Eisl.,20251225,1
406 SO mit Eisl.,20251226,1
406 SO mit Eisl.,20251228,1
406 SO[2025-7-27],20250727,1
406 SO[2025-7-27],20250803,1
406 SO[2025-7-27],20250810,1
406 SO[2025-7-27],20250815,1
406 SO[2025-7-27],20250817,1
406 SO[2025-7-27],20250824,1
406 SO[2025-7-27],20250831,1
406 SO[2025-7-27],20250907,1
406 SO[2025-7-27],20250914,1
406 SO[2025-7-27],20250921,1
40655 SIL,20251231,1
40655 vor Ftg.,20251002,1
40655 vor Ftg.,20251003,1
40655 vor Ftg.,20251225,1
40655 vor Ftg.,20251226,1
40655 vor Ftg.[2025-8-14],20250814,1
40655 vor Ftg.[2025-8-14],20250815,1
40702 SIL,20251231,1
40751 FR,20251010,1
40751 FR,20251017,1
40751 FR,20251024,1
40751 FR,20251031,1
40751 FR,20251107,1
40751 FR,20251114,1
40751 FR,20251121,1
40751 FR,20251128,1
40751 FR,20251205,1
40751 FR,20251212,1
40751 FR,20251219,1
40751 FR bis 12.09.25[2025-7-25],20250725,1
40751 FR bis 12.09.25[2025-7-25],20250801,1
40751 FR bis 12.09.25[2025-7-25],20250808,1
40751 FR bis 12.09.25[2025-7-25],20250822,1
40751 FR bis 12.09.25[2025-7-25],20250829,1
40751 FR bis 12.09.25[2025-7-25],20250905,1
40751 FR bis 12.09.25[2025-7-25],20250912,1
40751 FR[2025-9-19],20250919,1
40751 FR[2025-9-19],20250926,1
40751 vor Ftg.,20251002,1
40751 vor Ftg.,20251003,1
40751 vor Ftg.,20251225,1
40751 vor Ftg.,20251226,1
40751 vor Ftg. bis 15.08.25[2025-8-14],20250814,1
40751 vor Ftg. bis 15.08.25[2025-8-14],20250815,1
40752 FR,20251010,1
40752 FR,20251017,1
40752 FR,20251024,1
40752 FR,20251031,1
40752 FR,20251107,1
40752 FR,20251114,1
40752 FR,20251121,1
40752 FR,20251128,1
40752 FR,20251205,1
40752 FR,20251212,1
40752 FR,20251219,1
40752 FR bis 12.09.25[2025-7-25],20250725,1
40752 FR bis 12.09.25[2025-7-25],20250801,1
40752 FR bis 12.09.25[2025-7-25],20250808,1
40752 FR bis 12.09.25[2025-7-25],20250822,1
40752 FR bis 12.09.25[2025-7-25],20250829,1
40752 FR bis 12.09.25[2025-7-25],20250905,1
40752 FR bis 12.09.25[2025-7-25],20250912,1
40752 FR[2025-9-19],20250919,1
40752 FR[2025-9-19],20250926,1
40752 SA,20250927,1
40752 SA,20251004,1
40752 SA,20251011,1
40752 SA,20251018,1
40752 SA,20251025,1
40752 SA,20251108,1
40752 SA,20251115,1
40752 SA,20251122,1
40752 SA,20251129,1
40752 SA,20251206,1
40752 SA,20251213,1
40752 SA,20251220,1
40752 SA,20251227,1
40752 SA bis 13.09.25[2025-7-26],20250726,1
40752 SA bis 13.09.25[2025-7-26],20250802,1
40752 SA bis 13.09.25[2025-7-26],20250809,1
40752 SA bis 13.09.25[2025-7-26],20250816,1
40752 SA bis 13.09.25[2025-7-26],20250823,1
40752 SA bis 13.09.25[2025-7-26],20250830,1
40752 SA bis 13.09.25[2025-7-26],20250906,1
40752 SA bis 13.09.25[2025-7-26],20250913,1
40752 SA[2025-9-20],20250920,1
40752 SIL,20251231,1
40752 vor Ftg.,20251002,1
40752 vor Ftg.,20251003,1
40752 vor Ftg.,20251225,1
40752 vor Ftg.,20251226,1
40752 vor Ftg. bis 15.08.25[2025-8-14],20250814,1
40752 vor Ftg. bis 15.08.25[2025-8-14],20250815,1
410 SA,20250927,1
410 SA,20251004,1
410 SA,20251011,1
410 SA,20251018,1
410 SA,20251025,1
410 SA,20251108,1
410 SA,20251115,1
410 SA,20251122,1
410 SA,20251129,1
410 SA,20251206,1
410 SA,20251213,1
410 SA,20251220,1
410 SA,20251227,1
410 SA[2025-7-26],20250726,1
410 SA[2025-7-26],20250802,1
410 SA[2025-7-26],20250809,1
410 SA[2025-7-26],20250816,1
410 SA[2025-7-26],20250823,1
410 SA[2025-7-26],20250830,1
410 SA[2025-7-26],20250906,1
410 SA[2025-7-26],20250913,1
410 SA[2025-7-26],20250920,1
410 SIL,20251231,1
421 HA,20251224,1
421 SA,20250927,1
421 SA,20251004,1
421 SA,20251011,1
421 SA,20251018,1
421 SA,20251025,1
421 SA,20251108,1
421 SA,20251115,1
421 SA,20251122,1
421 SA,20251129,1
421 SA,20251206,1
421 SA,20251213,1
421 SA,20251220,1
421 SA,20251227,1
421 SA[2025-7-26],20250726,1
421 SA[2025-7-26],20250802,1
421 SA[2025-7-26],20250809,1
421 SA[2025-7-26],20250816,1
421 SA[2025-7-26],20250823,1
421 SA[2025-7-26],20250830,1
421 SA[2025-7-26],20250906,1
421 SA[2025-7-26],20250913,1
421 SA[2025-7-26],20250920,1
421 SIL,20251231,1
5001 Allerheiligen,20251101,1
501 HA,20251224,1
501 SA,20250802,1
501 SA,20250809,1
501 SA,20250816,1
501 SA,20250823,1
501 SA,20250830,1
501 SA,20250906,1
501 SA,20250913,1
501 SA,20250920,1
501 SA,20250927,1
501 SA,20251004,1
501 SA,20251011,1
501 SA,20251018,1
501 SA,20251025,1
501 SA,20251108,1
501 SA,20251115,1
501 SA,20251122,1
501 SA,20251129,1
501 SA,20251206,1
501 SA,20251213,1
501 SA,20251220,1
501 SA,20251227,1
501 SA bis 26.07.25,20250726,1
501 SIL,20251231,1
502 SO,20250921,1
502 SO bis 14.09.25,20250803,1
502 SO bis 14.09.25,20250810,1
502 SO bis 14.09.25,20250815,1
502 SO bis 14.09.25,20250817,1
502 SO bis 14.09.25,20250824,1
502 SO bis 14.09.25,20250831,1
502 SO bis 14.09.25,20250907,1
502 SO bis 14.09.25,20250914,1
502 SO bis 27.07.25,20250727,1
502 SO mit Eisl.,20250928,1
502 SO mit Eisl.,20251003,1
502 SO mit Eisl.,20251005,1
502 SO mit Eisl.,20251012,1
502 SO mit Eisl.,20251019,1
502 SO mit Eisl.,20251026,1
502 SO mit Eisl.,20251101,1
502 SO mit Eisl.,20251102,1
502 SO mit Eisl.,20251109,1
502 SO mit Eisl.,20251116,1
502 SO mit Eisl.,20251123,1
502 SO mit Eisl.,20251130,1
502 SO mit Eisl.,20251207,1
502 SO mit Eisl.,20251214,1
502 SO mit Eisl.,20251221,1
502 SO mit Eisl.,20251225,1
502 SO mit Eisl.,20251226,1
502 SO mit Eisl.,20251228,1
503 HA,20251224,1
503 SA,20250802,1
503 SA,20250809,1
503 SA,20250816,1
503 SA,20250823,1
503 SA,20250830,1
503 SA,20250906,1
503 SA,20250913,1
503 SA,20250920,1
503 SA,20250927,1
503 SA,20251004,1
503 SA,20251011,1
503 SA,20251018,1
503 SA,20251025,1
503 SA,20251108,1
503 SA,20251115,1
503 SA,20251122,1
503 SA,20251129,1
503 SA,20251206,1
503 SA,20251213,1
503 SA,20251220,1
503 SA,20251227,1
503 SA bis 26.07.25,20250726,1
503 SIL,20251231,1
504 HA,20251224,1
504 SA,20250920,1
504 SA,20250927,1
504 SA,20251004,1
504 SA,20251011,1
504 SA,20251018,1
504 SA,20251025,1
504 SA,20251108,1
504 SA,20251115,1
504 SA,20251122,1
504 SA,20251129,1
504 SA,20251206,1
504 SA,20251213,1
504 SA,20251220,1
504 SA,20251227,1
504 SA bis 13.09.25,20250802,1
504 SA bis 13.09.25,20250809,1
504 SA bis 13.09.25,20250816,1
504 SA bis 13.09.25,20250823,1
504 SA bis 13.09.25,20250830,1
504 SA bis 13.09.25,20250906,1
504 SA bis 13.09.25,20250913,1
504 SA bis 26.07.25,20250726,1
504 SIL,20251231,1
506 SO,20250928,1
506 SO,20251003,1
506 SO,20251005,1
506 SO,20251012,1
506 SO,20251019,1
506 SO,20251026,1
506 SO,20251101,1
506 SO,20251102,1
506 SO,20251109,1
506 SO,20251116,1
506 SO,20251123,1
506 SO,20251130,1
506 SO,20251207,1
506 SO,20251214,1
506 SO,20251221,1
506 SO,20251225,1
506 SO,20251226,1
506 SO,20251228,1
506 SO bis 27.07.25[2025-7-27],20250727,1
506 SO[2025-8-3],20250803,1
506 SO[2025-8-3],20250810,1
506 SO[2025-8-3],20250815,1
506 SO[2025-8-3],20250817,1
506 SO[2025-8-3],20250824,1
506 SO[2025-8-3],20250831,1
506 SO[2025-8-3],20250907,1
506 SO[2025-8-3],20250914,1
506 SO[2025-8-3],20250921,1
509 SO,20250803,1
509 SO,20250810,1
509 SO,20250815,1
509 SO,20250817,1
509 SO,20250824,1
509 SO,20250831,1
509 SO,20250907,1
509 SO,20250914,1
509 SO,20250921,1
509 SO,20250928,1
509 SO,20251003,1
509 SO,20251005,1
509 SO,20251012,1
509 SO,20251019,1
509 SO,20251026,1
509 SO,20251101,1
509 SO,20251102,1
509 SO,20251109,1
509 SO,20251116,1
509 SO,20251123,1
509 SO,20251130,1
509 SO,20251207,1
509 SO,20251214,1
509 SO,20251221,1
509 SO,20251225,1
509 SO,20251226,1
509 SO,20251228,1
509 SO bis 27.07.25,20250727,1
511 SO,20250803,1
511 SO,20250810,1
511 SO,20250815,1
511 SO,20250817,1
511 SO,20250824,1
511 SO,20250831,1
511 SO,20250907,1
511 SO,20250914,1
511 SO,20250921,1
511 SO,20250928,1
511 SO,20251003,1
511 SO,20251005,1
511 SO,20251012,1
511 SO,20251019,1
511 SO,20251026,1
511 SO,20251101,1
511 SO,20251102,1
511 SO,20251109,1
511 SO,20251116,1
511 SO,20251123,1
511 SO,20251130,1
511 SO,20251207,1
511 SO,20251214,1
511 SO,20251221,1
511 SO,20251225,1
511 SO,20251226,1
511 SO,20251228,1
511 SO bis 27.07.25,20250727,1
512 SA,20250927,1
512 SA,20251004,1
512 SA,20251011,1
512 SA,20251018,1
512 SA,20251025,1
512 SA,20251108,1
512 SA,20251115,1
512 SA,20251122,1
512 SA,20251129,1
512 SA,20251206,1
512 SA,20251213,1
512 SA,20251220,1
512 SA,20251227,1
512 SA bis 26.07.25[2025-7-26],20250726,1
512 SA[2025-8-2],20250802,1
512 SA[2025-8-2],20250809,1
512 SA[2025-8-2],20250816,1
512 SA[2025-8-2],20250823,1
512 SA[2025-8-2],20250830,1
512 SA[2025-8-2],20250906,1
512 SA[2025-8-2],20250913,1
512 SA[2025-8-2],20250920,1
512 SIL,20251231,1
520 HA,20251224,1
520 SA,20250920,1
520 SA,20250927,1
520 SA,20251004,1
520 SA,20251011,1
520 SA,20251018,1
520 SA,20251025,1
520 SA,20251108,1
520 SA,20251115,1
520 SA,20251122,1
520 SA,20251129,1
520 SA,20251206,1
520 SA,20251213,1
520 SA,20251220,1
520 SA,20251227,1
520 SA bis 13.09.25,20250802,1
520 SA bis 13.09.25,20250809,1
520 SA bis 13.09.25,20250816,1
520 SA bis 13.09.25,20250823,1
520 SA bis 13.09.25,20250830,1
520 SA bis 13.09.25,20250906,1
520 SA bis 13.09.25,20250913,1
520 SA bis 26.07.25,20250726,1
520 SIL,20251231,1
522 HA,20251224,1
522 SA,20250920,1
522 SA bis 13.09.25,20250802,1
522 SA bis 13.09.25,20250809,1
522 SA bis 13.09.25,20250816,1
522 SA bis 13.09.25,20250823,1
522 SA bis 13.09.25,20250830,1
522 SA bis 13.09.25,20250906,1
522 SA bis 13.09.25,20250913,1
522 SA bis 26.07.25,20250726,1
522 SA mit Eisl.,20250927,1
522 SA mit Eisl.,20251004,1
522 SA mit Eisl.,20251011,1
522 SA mit Eisl.,20251018,1
522 SA mit Eisl.,20251025,1
522 SA mit Eisl.,20251108,1
522 SA mit Eisl.,20251115,1
522 SA mit Eisl.,20251122,1
522 SA mit Eisl.,20251129,1
522 SA mit Eisl.,20251206,1
522 SA mit Eisl.,20251213,1
522 SA mit Eisl.,20251220,1
522 SA mit Eisl.,20251227,1
522 SIL,20251231,1
602 SO,20250803,1
602 SO,20250810,1
602 SO,20250815,1
602 SO,20250817,1
602 SO,20250824,1
602 SO,20250831,1
602 SO,20250907,1
602 SO,20250914,1
602 SO,20250921,1
602 SO,20250928,1
602 SO,20251003,1
602 SO,20251005,1
602 SO,20251012,1
602 SO,20251019,1
602 SO,20251026,1
602 SO,20251101,1
602 SO,20251102,1
602 SO,20251109,1
602 SO,20251116,1
602 SO,20251123,1
602 SO,20251130,1
602 SO,20251207,1
602 SO,20251214,1
602 SO,20251221,1
602 SO,20251225,1
602 SO,20251226,1
602 SO,20251228,1
602 SO bis 27.07.25,20250727,1
603 SA,20250726,1
603 SA,20250802,1
603 SA,20250809,1
603 SA,20250816,1
603 SA,20250823,1
603 SA,20250830,1
603 SA,20250906,1
603 SA,20250913,1
603 SA,20250920,1
603 SA,20250927,1
603 SA,20251004,1
603 SA,20251011,1
603 SA,20251018,1
603 SA,20251025,1
603 SA,20251108,1
603 SA,20251115,1
603 SA,20251122,1
603 SA,20251129,1
603 SA,20251206,1
603 SA,20251213,1
603 SA,20251220,1
603 SA,20251227,1
603 SIL,20251231,1
603 SO,20250803,1
603 SO,20250810,1
603 SO,20250815,1
603 SO,20250817,1
603 SO,20250824,1
603 SO,20250831,1
603 SO,20250907,1
603 SO,20250914,1
603 SO,20250921,1
603 SO,20250928,1
603 SO,20251003,1
603 SO,20251005,1
603 SO,20251012,1
603 SO,20251019,1
603 SO,20251026,1
603 SO,20251101,1
603 SO,20251102,1
603 SO,20251109,1
603 SO,20251116,1
603 SO,20251123,1
603 SO,20251130,1
603 SO,20251207,1
603 SO,20251214,1
603 SO,20251221,1
603 SO,20251225,1
603 SO,20251226,1
603 SO,20251228,1
603 SO bis 27.07.25,20250727,1
605 HA,20251224,1
605 SA,20250927,1
605 SA,20251004,1
605 SA,20251011,1
605 SA,20251018,1
605 SA,20251025,1
605 SA,20251108,1
605 SA,20251115,1
605 SA,20251122,1
605 SA,20251129,1
605 SA,20251206,1
605 SA,20251213,1
605 SA,20251220,1
605 SA,20251227,1
605 SA[2025-7-26],20250726,1
605 SA[2025-7-26],20250802,1
605 SA[2025-7-26],20250809,1
605 SA[2025-7-26],20250816,1
605 SA[2025-7-26],20250823,1
605 SA[2025-7-26],20250830,1
605 SA[2025-7-26],20250906,1
605 SA[2025-7-26],20250913,1
605 SA[2025-7-26],20250920,1
605 SIL,20251231,1
609 SO,20250928,1
609 SO,20251003,1
609 SO,20251005,1
609 SO,20251012,1
609 SO,20251019,1
609 SO,20251026,1
609 SO,20251101,1
609 SO,20251102,1
609 SO,20251109,1
609 SO,20251116,1
609 SO,20251123,1
609 SO,20251130,1
609 SO,20251207,1
609 SO,20251214,1
609 SO,20251221,1
609 SO,20251225,1
609 SO,20251226,1
609 SO,20251228,1
609 SO bis 14.09.25[2025-8-3],20250803,1
609 SO bis 14.09.25[2025-8-3],20250810,1
609 SO bis 14.09.25[2025-8-3],20250815,1
609 SO bis 14.09.25[2025-8-3],20250817,1
609 SO bis 14.09.25[2025-8-3],20250824,1
609 SO bis 14.09.25[2025-8-3],20250831,1
609 SO bis 14.09.25[2025-8-3],20250907,1
609 SO bis 14.09.25[2025-8-3],20250914,1
609 SO bis 27.07.25[2025-7-27],20250727,1
609 SO[2025-9-21],20250921,1
611 SO mit Eisl.,20250928,1
611 SO mit Eisl.,20251003,1
611 SO mit Eisl.,20251005,1
611 SO mit Eisl.,20251012,1
611 SO mit Eisl.,20251019,1
611 SO mit Eisl.,20251026,1
611 SO mit Eisl.,20251101,1
611 SO mit Eisl.,20251102,1
611 SO mit Eisl.,20251109,1
611 SO mit Eisl.,20251116,1
611 SO mit Eisl.,20251123,1
611 SO mit Eisl.,20251130,1
611 SO mit Eisl.,20251207,1
611 SO mit Eisl.,20251214,1
611 SO mit Eisl.,20251221,1
611 SO mit Eisl.,20251225,1
611 SO mit Eisl.,20251226,1
611 SO mit Eisl.,20251228,1
611 SO[2025-7-27],20250727,1
611 SO[2025-7-27],20250803,1
611 SO[2025-7-27],20250810,1
611 SO[2025-7-27],20250815,1
611 SO[2025-7-27],20250817,1
611 SO[2025-7-27],20250824,1
611 SO[2025-7-27],20250831,1
611 SO[2025-7-27],20250907,1
611 SO[2025-7-27],20250914,1
611 SO[2025-7-27],20250921,1
613 HA,20251224,1
701 HA,20251224,1
701 SA,20250920,1
701 SA,20250927,1
701 SA,20251004,1
701 SA,20251011,1
701 SA,20251018,1
701 SA,20251025,1
701 SA,20251108,1
701 SA,20251115,1
701 SA,20251122,1
701 SA,20251129,1
701 SA,20251206,1
701 SA,20251213,1
701 SA,20251220,1
701 SA,20251227,1
701 SA bis 13.09.25,20250726,1
701 SA bis 13.09.25,20250802,1
701 SA bis 13.09.25,20250809,1
701 SA bis 13.09.25,20250816,1
701 SA bis 13.09.25,20250823,1
701 SA bis 13.09.25,20250830,1
701 SA bis 13.09.25,20250906,1
701 SA bis 13.09.25,20250913,1
701 SIL,20251231,1
7010004 (GFN-Gerät),20250916,1
7010004 (GFN-Gerät),20250917,1
7010004 (GFN-Gerät),20250918,1
7010004 (GFN-Gerät),20250919,1
7010004 (GFN-Gerät),20250922,1
7010004 (GFN-Gerät),20250923,1
7010004 (GFN-Gerät),20250924,1
7010004 (GFN-Gerät),20250925,1
7010004 (GFN-Gerät),20250926,1
7010004 (GFN-Gerät),20250929,1
7010004 (GFN-Gerät),20250930,1
7010004 (GFN-Gerät),20251001,1
7010004 (GFN-Gerät),20251002,1
7010004 (GFN-Gerät),20251006,1
7010004 (GFN-Gerät),20251007,1
7010004 (GFN-Gerät),20251008,1
7010004 (GFN-Gerät),20251009,1
7010004 (GFN-Gerät),20251010,1
7010004 (GFN-Gerät),20251013,1
7010004 (GFN-Gerät),20251014,1
7010004 (GFN-Gerät),20251015,1
7010004 (GFN-Gerät),20251016,1
7010004 (GFN-Gerät),20251017,1
7010004 (GFN-Gerät),20251020,1
7010004 (GFN-Gerät),20251021,1
7010004 (GFN-Gerät),20251022,1
7010004 (GFN-Gerät),20251023,1
7010004 (GFN-Gerät),20251024,1
7010004 (GFN-Gerät),20251027,1
7010004 (GFN-Gerät),20251028,1
7010004 (GFN-Gerät),20251029,1
7010004 (GFN-Gerät),20251030,1
7010004 (GFN-Gerät),20251031,1
7010004 (GFN-Gerät),20251110,1
7010004 (GFN-Gerät),20251111,1
7010004 (GFN-Gerät),20251112,1
7010004 (GFN-Gerät),20251113,1
7010004 (GFN-Gerät),20251114,1
7010004 (GFN-Gerät),20251117,1
7010004 (GFN-Gerät),20251118,1
7010004 (GFN-Gerät),20251120,1
7010004 (GFN-Gerät),20251121,1
7010004 (GFN-Gerät),20251124,1
7010004 (GFN-Gerät),20251125,1
7010004 (GFN-Gerät),20251126,1
7010004 (GFN-Gerät),20251127,1
7010004 (GFN-Gerät),20251128,1
7010004 (GFN-Gerät),20251201,1
7010004 (GFN-Gerät),20251202,1
7010004 (GFN-Gerät),20251203,1
7010004 (GFN-Gerät),20251204,1
7010004 (GFN-Gerät),20251205,1
7010004 (GFN-Gerät),20251208,1
7010004 (GFN-Gerät),20251209,1
7010004 (GFN-Gerät),20251210,1
7010004 (GFN-Gerät),20251211,1
7010004 (GFN-Gerät),20251212,1
7010004 (GFN-Gerät),20251215,1
7010004 (GFN-Gerät),20251216,1
7010004 (GFN-Gerät),20251217,1
7010004 (GFN-Gerät),20251218,1
7010004 (GFN-Gerät),20251219,1
7010004 (GFN-Gerät) bis 31.07.25,20250725,1
7010004 (GFN-Gerät) bis 31.07.25,20250728,1
7010004 (GFN-Gerät) bis 31.07.25,20250729,1
7010004 (GFN-Gerät) bis 31.07.25,20250730,1
7010004 (GFN-Gerät) bis 31.07.25,20250731,1
7010005 (GFN-Gerät),20250725,1
7010005 (GFN-Gerät),20250728,1
7010005 (GFN-Gerät),20250729,1
7010005 (GFN-Gerät),20250730,1
7010005 (GFN-Gerät),20250731,1
7010005 (GFN-Gerät),20250916,1
7010005 (GFN-Gerät),20250917,1
7010005 (GFN-Gerät),20250918,1
7010005 (GFN-Gerät),20250919,1
7010005 (GFN-Gerät),20250922,1
7010005 (GFN-Gerät),20250923,1
7010005 (GFN-Gerät),20250924,1
7010005 (GFN-Gerät),20250925,1
7010005 (GFN-Gerät),20250926,1
7010005 (GFN-Gerät),20250929,1
7010005 (GFN-Gerät),20250930,1
7010005 (GFN-Gerät),20251001,1
7010005 (GFN-Gerät),20251002,1
7010005 (GFN-Gerät),20251006,1
7010005 (GFN-Gerät),20251007,1
7010005 (GFN-Gerät),20251008,1
7010005 (GFN-Gerät),20251009,1
7010005 (GFN-Gerät),20251010,1
7010005 (GFN-Gerät),20251013,1
7010005 (GFN-Gerät),20251014,1
7010005 (GFN-Gerät),20251015,1
7010005 (GFN-Gerät),20251016,1
7010005 (GFN-Gerät),20251017,1
7010005 (GFN-Gerät),20251020,1
7010005 (GFN-Gerät),20251021,1
7010005 (GFN-Gerät),20251022,1
7010005 (GFN-Gerät),20251023,1
7010005 (GFN-Gerät),20251024,1
7010005 (GFN-Gerät),20251027,1
7010005 (GFN-Gerät),20251028,1
7010005 (GFN-Gerät),20251029,1
7010005 (GFN-Gerät),20251030,1
7010005 (GFN-Gerät),20251031,1
7010005 (GFN-Gerät),20251110,1
7010005 (GFN-Gerät),20251111,1
7010005 (GFN-Gerät),20251112,1
7010005 (GFN-Gerät),20251113,1
7010005 (GFN-Gerät),20251114,1
7010005 (GFN-Gerät),20251117,1
7010005 (GFN-Gerät),20251118,1
7010005 (GFN-Gerät),20251120,1
7010005 (GFN-Gerät),20251121,1
7010005 (GFN-Gerät),20251124,1
7010005 (GFN-Gerät),20251125,1
7010005 (GFN-Gerät),20251126,1
7010005 (GFN-Gerät),20251127,1
7010005 (GFN-Gerät),20251128,1
7010005 (GFN-Gerät),20251201,1
7010005 (GFN-Gerät),20251202,1
7010005 (GFN-Gerät),20251203,1
7010005 (GFN-Gerät),20251204,1
7010005 (GFN-Gerät),20251205,1
7010005 (GFN-Gerät),20251208,1
7010005 (GFN-Gerät),20251209,1
7010005 (GFN-Gerät),20251210,1
7010005 (GFN-Gerät),20251211,1
7010005 (GFN-Gerät),20251212,1
7010005 (GFN-Gerät),20251215,1
7010005 (GFN-Gerät),20251216,1
7010005 (GFN-Gerät),20251217,1
7010005 (GFN-Gerät),20251218,1
7010005 (GFN-Gerät),20251219,1
7010006 FR (GFN-Gerät),20250919,1
7010006 FR (GFN-Gerät),20250926,1
7010006 FR (GFN-Gerät),20251010,1
7010006 FR (GFN-Gerät),20251017,1
7010006 FR (GFN-Gerät),20251024,1
7010006 FR (GFN-Gerät),20251031,1
7010006 FR (GFN-Gerät),20251114,1
7010006 FR (GFN-Gerät),20251121,1
7010006 FR (GFN-Gerät),20251128,1
7010006 FR (GFN-Gerät),20251205,1
7010006 FR (GFN-Gerät),20251212,1
7010006 FR (GFN-Gerät) bis 25.07.25,20250725,1
7010006 FR (GFN-Gerät) fr.Schulschl.,20251219,1
7010006 FR (GFN-Gerät) fr.Schulschl. bis 31.07.25,20250731,1
7010006 MD (GFN-Gerät),20250916,1
7010006 MD (GFN-Gerät),20250917,1
7010006 MD (GFN-Gerät),20250918,1
7010006 MD (GFN-Gerät),20250922,1
7010006 MD (GFN-Gerät),20250923,1
7010006 MD (GFN-Gerät),20250924,1
7010006 MD (GFN-Gerät),20250925,1
7010006 MD (GFN-Gerät),20250929,1
7010006 MD (GFN-Gerät),20250930,1
7010006 MD (GFN-Gerät),20251001,1
7010006 MD (GFN-Gerät),20251002,1
7010006 MD (GFN-Gerät),20251006,1
7010006 MD (GFN-Gerät),20251007,1
7010006 MD (GFN-Gerät),20251008,1
7010006 MD (GFN-Gerät),20251009,1
7010006 MD (GFN-Gerät),20251013,1
7010006 MD (GFN-Gerät),20251014,1
7010006 MD (GFN-Gerät),20251015,1
7010006 MD (GFN-Gerät),20251016,1
7010006 MD (GFN-Gerät),20251020,1
7010006 MD (GFN-Gerät),20251021,1
7010006 MD (GFN-Gerät),20251022,1
7010006 MD (GFN-Gerät),20251023,1
7010006 MD (GFN-Gerät),20251027,1
7010006 MD (GFN-Gerät),20251028,1
7010006 MD (GFN-Gerät),20251029,1
7010006 MD (GFN-Gerät),20251030,1
7010006 MD (GFN-Gerät),20251110,1
7010006 MD (GFN-Gerät),20251111,1
7010006 MD (GFN-Gerät),20251112,1
7010006 MD (GFN-Gerät),20251113,1
7010006 MD (GFN-Gerät),20251117,1
7010006 MD (GFN-Gerät),20251118,1
7010006 MD (GFN-Gerät),20251120,1
7010006 MD (GFN-Gerät),20251124,1
7010006 MD (GFN-Gerät),20251125,1
7010006 MD (GFN-Gerät),20251126,1
7010006 MD (GFN-Gerät),20251127,1
7010006 MD (GFN-Gerät),20251201,1
7010006 MD (GFN-Gerät),20251202,1
7010006 MD (GFN-Gerät),20251203,1
7010006 MD (GFN-Gerät),20251204,1
7010006 MD (GFN-Gerät),20251208,1
7010006 MD (GFN-Gerät),20251209,1
7010006 MD (GFN-Gerät),20251210,1
7010006 MD (GFN-Gerät),20251211,1
7010006 MD (GFN-Gerät),20251215,1
7010006 MD (GFN-Gerät),20251216,1
7010006 MD (GFN-Gerät),20251217,1
7010006 MD (GFN-Gerät),20251218,1
7010006 MD (GFN-Gerät) bis 30.07.25,20250728,1
7010006 MD (GFN-Gerät) bis 30.07.25,20250729,1
7010006 MD (GFN-Gerät) bis 30.07.25,20250730,1
7013001,20250725,1
7013001,20250728,1
7013001,20250729,1
7013001,20250730,1
7013001,20250731,1
7013001,20250916,1
7013001,20250917,1
7013001,20250918,1
7013001,20250919,1
7013001,20250922,1
7013001,20250923,1
7013001,20250924,1
7013001,20250925,1
7013001,20250926,1
7013001,20250929,1
7013001,20250930,1
7013001,20251001,1
7013001,20251002,1
7013001,20251006,1
7013001,20251007,1
7013001,20251008,1
7013001,20251009,1
7013001,20251010,1
7013001,20251013,1
7013001,20251014,1
7013001,20251015,1
7013001,20251016,1
7013001,20251017,1
7013001,20251020,1
7013001,20251021,1
7013001,20251022,1
7013001,20251023,1
7013001,20251024,1
7013001,20251027,1
7013001,20251028,1
7013001,20251029,1
7013001,20251030,1
7013001,20251031,1
7013001,20251103,1
7013001,20251104,1
7013001,20251105,1
7013001,20251106,1
7013001,20251107,1
7013001,20251110,1
7013001,20251111,1
7013001,20251112,1
7013001,20251113,1
7013001,20251114,1
7013001,20251117,1
7013001,20251118,1
7013001,20251119,1
7013001,20251120,1
7013001,20251121,1
7013001,20251124,1
7013001,20251125,1
7013001,20251126,1
7013001,20251127,1
7013001,20251128,1
7013001,20251201,1
7013001,20251202,1
7013001,20251203,1
7013001,20251204,1
7013001,20251205,1
7013001,20251208,1
7013001,20251209,1
7013001,20251210,1
7013001,20251211,1
7013001,20251212,1
7013001,20251215,1
7013001,20251216,1
7013001,20251217,1
7013001,20251218,1
7013001,20251219,1
7013002[2025-7-24],20250725,1
7013002[2025-7-24],20250728,1
7013002[2025-7-24],20250729,1
7013002[2025-7-24],20250730,1
7013002[2025-7-24],20250731,1
7013002[2025-7-24],20250916,1
7013002[2025-7-24],20250917,1
7013002[2025-7-24],20250918,1
7013002[2025-7-24],20250919,1
7013002[2025-7-24],20250922,1
7013002[2025-7-24],20250923,1
7013002[2025-7-24],20250924,1
7013002[2025-7-24],20250925,1
7013002[2025-7-24],20250926,1
7013002[2025-7-24],20250929,1
7013002[2025-7-24],20250930,1
7013002[2025-7-24],20251001,1
7013002[2025-7-24],20251002,1
7013002[2025-7-24],20251006,1
7013002[2025-7-24],20251007,1
7013002[2025-7-24],20251008,1
7013002[2025-7-24],20251009,1
7013002[2025-7-24],20251010,1
7013002[2025-7-24],20251013,1
7013002[2025-7-24],20251014,1
7013002[2025-7-24],20251015,1
7013002[2025-7-24],20251016,1
7013002[2025-7-24],20251017,1
7013002[2025-7-24],20251020,1
7013002[2025-7-24],20251021,1
7013002[2025-7-24],20251022,1
7013002[2025-7-24],20251023,1
7013002[2025-7-24],20251024,1
7013002[2025-7-24],20251027,1
7013002[2025-7-24],20251028,1
7013002[2025-7-24],20251029,1
7013002[2025-7-24],20251030,1
7013002[2025-7-24],20251031,1
7013002[2025-7-24],20251103,1
7013002[2025-7-24],20251104,1
7013002[2025-7-24],20251105,1
7013002[2025-7-24],20251106,1
7013002[2025-7-24],20251107,1
7013002[2025-7-24],20251110,1
7013002[2025-7-24],20251111,1
7013002[2025-7-24],20251112,1
7013002[2025-7-24],20251113,1
7013002[2025-7-24],20251114,1
7013002[2025-7-24],20251117,1
7013002[2025-7-24],20251118,1
7013002[2025-7-24],20251119,1
7013002[2025-7-24],20251120,1
7013002[2025-7-24],20251121,1
7013002[2025-7-24],20251124,1
7013002[2025-7-24],20251125,1
7013002[2025-7-24],20251126,1
7013002[2025-7-24],20251127,1
7013002[2025-7-24],20251128,1
7013002[2025-7-24],20251201,1
7013002[2025-7-24],20251202,1
7013002[2025-7-24],20251203,1
7013002[2025-7-24],20251204,1
7013002[2025-7-24],20251205,1
7013002[2025-7-24],20251208,1
7013002[2025-7-24],20251209,1
7013002[2025-7-24],20251210,1
7013002[2025-7-24],20251211,1
7013002[2025-7-24],20251212,1
7013002[2025-7-24],20251215,1
7013002[2025-7-24],20251216,1
7013002[2025-7-24],20251217,1
7013002[2025-7-24],20251218,1
7013002[2025-7-24],20251219,1
7013003,20250929,1
7013003,20250930,1
7013003,20251001,1
7013003,20251002,1
7013003,20251006,1
7013003,20251007,1
7013003,20251008,1
7013003,20251009,1
7013003,20251010,1
7013003,20251013,1
7013003,20251014,1
7013003,20251015,1
7013003,20251016,1
7013003,20251017,1
7013003,20251020,1
7013003,20251021,1
7013003,20251022,1
7013003,20251023,1
7013003,20251024,1
7013003,20251027,1
7013003,20251028,1
7013003,20251029,1
7013003,20251030,1
7013003,20251031,1
7013003,20251110,1
7013003,20251111,1
7013003,20251112,1
7013003,20251113,1
7013003,20251114,1
7013003,20251117,1
7013003,20251118,1
7013003,20251120,1
7013003,20251121,1
7013003,20251124,1
7013003,20251125,1
7013003,20251126,1
7013003,20251127,1
7013003,20251128,1
7013003,20251201,1
7013003,20251202,1
7013003,20251203,1
7013003,20251204,1
7013003,20251205,1
7013003,20251208,1
7013003,20251209,1
7013003,20251210,1
7013003,20251211,1
7013003,20251212,1
7013003,20251215,1
7013003,20251216,1
7013003,20251217,1
7013003,20251218,1
7013003,20251219,1
7013003[2025-7-25],20250725,1
7013003[2025-7-25],20250728,1
7013003[2025-7-25],20250729,1
7013003[2025-7-25],20250730,1
7013003[2025-7-25],20250731,1
7013003[2025-7-25],20250916,1
7013003[2025-7-25],20250917,1
7013003[2025-7-25],20250918,1
7013003[2025-7-25],20250919,1
7013003[2025-7-25],20250922,1
7013003[2025-7-25],20250923,1
7013003[2025-7-25],20250924,1
7013003[2025-7-25],20250925,1
7013003[2025-7-25],20250926,1
7013503 Ferien,20251103,1
7013503 Ferien,20251104,1
7013503 Ferien,20251105,1
7013503 Ferien,20251106,1
7013503 Ferien,20251107,1
7013503 Ferien,20251119,1
7013551 SF/WF,20250801,1
7013551 SF/WF,20250804,1
7013551 SF/WF,20250805,1
7013551 SF/WF,20250806,1
7013551 SF/WF,20250807,1
7013551 SF/WF,20250808,1
7013551 SF/WF,20250811,1
7013551 SF/WF,20250812,1
7013551 SF/WF,20250813,1
7013551 SF/WF,20250814,1
7013551 SF/WF,20250818,1
7013551 SF/WF,20250819,1
7013551 SF/WF,20250820,1
7013551 SF/WF,20250821,1
7013551 SF/WF,20250822,1
7013551 SF/WF,20250825,1
7013551 SF/WF,20250826,1
7013551 SF/WF,20250827,1
7013551 SF/WF,20250828,1
7013551 SF/WF,20250829,1
7013551 SF/WF,20250901,1
7013551 SF/WF,20250902,1
7013551 SF/WF,20250903,1
7013551 SF/WF,20250904,1
7013551 SF/WF,20250905,1
7013551 SF/WF,20250908,1
7013551 SF/WF,20250909,1
7013551 SF/WF,20250910,1
7013551 SF/WF,20250911,1
7013551 SF/WF,20250912,1
7013551 SF/WF,20250915,1
7013551 SF/WF,20251222,1
7013551 SF/WF,20251223,1
7013551 SF/WF,20251229,1
7013551 SF/WF,20251230,1
7013552 SF/WF,20251222,1
7013552 SF/WF,20251223,1
7013552 SF/WF,20251229,1
7013552 SF/WF,20251230,1
7013552 SF/WF[2025-8-1],20250801,1
7013552 SF/WF[2025-8-1],20250804,1
7013552 SF/WF[2025-8-1],20250805,1
7013552 SF/WF[2025-8-1],20250806,1
7013552 SF/WF[2025-8-1],20250807,1
7013552 SF/WF[2025-8-1],20250808,1
7013552 SF/WF[2025-8-1],20250811,1
7013552 SF/WF[2025-8-1],20250812,1
7013552 SF/WF[2025-8-1],20250813,1
7013552 SF/WF[2025-8-1],20250814,1
7013552 SF/WF[2025-8-1],20250818,1
7013552 SF/WF[2025-8-1],20250819,1
7013552 SF/WF[2025-8-1],20250820,1
7013552 SF/WF[2025-8-1],20250821,1
7013552 SF/WF[2025-8-1],20250822,1
7013552 SF/WF[2025-8-1],20250825,1
7013552 SF/WF[2025-8-1],20250826,1
7013552 SF/WF[2025-8-1],20250827,1
7013552 SF/WF[2025-8-1],20250828,1
7013552 SF/WF[2025-8-1],20250829,1
7013552 SF/WF[2025-8-1],20250901,1
7013552 SF/WF[2025-8-1],20250902,1
7013552 SF/WF[2025-8-1],20250903,1
7013552 SF/WF[2025-8-1],20250904,1
7013552 SF/WF[2025-8-1],20250905,1
7013552 SF/WF[2025-8-1],20250908,1
7013552 SF/WF[2025-8-1],20250909,1
7013552 SF/WF[2025-8-1],20250910,1
7013552 SF/WF[2025-8-1],20250911,1
7013552 SF/WF[2025-8-1],20250912,1
7013552 SF/WF[2025-8-1],20250915,1
7013553 SF/WF,20251222,1
7013553 SF/WF,20251223,1
7013553 SF/WF,20251229,1
7013553 SF/WF,20251230,1
7013553 SF/WF[2025-8-1],20250801,1
7013553 SF/WF[2025-8-1],20250804,1
7013553 SF/WF[2025-8-1],20250805,1
7013553 SF/WF[2025-8-1],20250806,1
7013553 SF/WF[2025-8-1],20250807,1
7013553 SF/WF[2025-8-1],20250808,1
7013553 SF/WF[2025-8-1],20250811,1
7013553 SF/WF[2025-8-1],20250812,1
7013553 SF/WF[2025-8-1],20250813,1
7013553 SF/WF[2025-8-1],20250814,1
7013553 SF/WF[2025-8-1],20250818,1
7013553 SF/WF[2025-8-1],20250819,1
7013553 SF/WF[2025-8-1],20250820,1
7013553 SF/WF[2025-8-1],20250821,1
7013553 SF/WF[2025-8-1],20250822,1
7013553 SF/WF[2025-8-1],20250825,1
7013553 SF/WF[2025-8-1],20250826,1
7013553 SF/WF[2025-8-1],20250827,1
7013553 SF/WF[2025-8-1],20250828,1
7013553 SF/WF[2025-8-1],20250829,1
7013553 SF/WF[2025-8-1],20250901,1
7013553 SF/WF[2025-8-1],20250902,1
7013553 SF/WF[2025-8-1],20250903,1
7013553 SF/WF[2025-8-1],20250904,1
7013553 SF/WF[2025-8-1],20250905,1
7013553 SF/WF[2025-8-1],20250908,1
7013553 SF/WF[2025-8-1],20250909,1
7013553 SF/WF[2025-8-1],20250910,1
7013553 SF/WF[2025-8-1],20250911,1
7013553 SF/WF[2025-8-1],20250912,1
7013553 SF/WF[2025-8-1],20250915,1
7013600 HA,20251224,1
7013600 SA,20250726,1
7013600 SA,20250802,1
7013600 SA,20250809,1
7013600 SA,20250816,1
7013600 SA,20250823,1
7013600 SA,20250830,1
7013600 SA,20250906,1
7013600 SA,20250913,1
7013600 SA,20250920,1
7013600 SA,20250927,1
7013600 SA,20251004,1
7013600 SA,20251011,1
7013600 SA,20251018,1
7013600 SA,20251025,1
7013600 SA,20251108,1
7013600 SA,20251115,1
7013600 SA,20251122,1
7013600 SA,20251129,1
7013600 SA,20251206,1
7013600 SA,20251213,1
7013600 SA,20251220,1
7013600 SA,20251227,1
7013600 SIL,20251231,1
7013601 HA,20251224,1
7013601 SA,20251220,1
7013601 SA,20251227,1
7013601 SA[2025-7-26],20250726,1
7013601 SA[2025-7-26],20250802,1
7013601 SA[2025-7-26],20250809,1
7013601 SA[2025-7-26],20250816,1
7013601 SA[2025-7-26],20250823,1
7013601 SA[2025-7-26],20250830,1
7013601 SA[2025-7-26],20250906,1
7013601 SA[2025-7-26],20250913,1
7013601 SA[2025-7-26],20250920,1
7013601 SA[2025-7-26],20250927,1
7013601 SA[2025-7-26],20251004,1
7013601 SA[2025-7-26],20251011,1
7013601 SA[2025-7-26],20251018,1
7013601 SA[2025-7-26],20251025,1
7013601 SA[2025-7-26],20251108,1
7013601 SA[2025-7-26],20251115,1
7013601 SA[2025-7-26],20251122,1
7013601 SA[2025-7-26],20251129,1
7013601 SA[2025-7-26],20251206,1
7013601 SA[2025-7-26],20251213,1
7013601 SIL,20251231,1
7013602 HA,20251224,1
7013602 SA,20250726,1
7013602 SA,20250802,1
7013602 SA,20250809,1
7013602 SA,20250816,1
7013602 SA,20250823,1
7013602 SA,20250830,1
7013602 SA,20250906,1
7013602 SA,20250913,1
7013602 SA,20250920,1
7013602 SA,20250927,1
7013602 SA,20251004,1
7013602 SA,20251011,1
7013602 SA,20251018,1
7013602 SA,20251025,1
7013602 SA,20251108,1
7013602 SA,20251115,1
7013602 SA,20251122,1
7013602 SA,20251129,1
7013602 SA,20251206,1
7013602 SA,20251213,1
7013602 SA,20251220,1
7013602 SA,20251227,1
7013602 SIL,20251231,1
7013700 SO,20250727,1
7013700 SO,20250803,1
7013700 SO,20250810,1
7013700 SO,20250815,1
7013700 SO,20250817,1
7013700 SO,20250824,1
7013700 SO,20250831,1
7013700 SO,20250907,1
7013700 SO,20250914,1
7013700 SO,20250921,1
7013700 SO,20250928,1
7013700 SO,20251003,1
7013700 SO,20251005,1
7013700 SO,20251012,1
7013700 SO,20251019,1
7013700 SO,20251026,1
7013700 SO,20251101,1
7013700 SO,20251102,1
7013700 SO,20251109,1
7013700 SO,20251116,1
7013700 SO,20251123,1
7013700 SO,20251130,1
7013700 SO,20251207,1
7013700 SO,20251214,1
7013700 SO,20251221,1
7013700 SO,20251225,1
7013700 SO,20251226,1
7013700 SO,20251228,1
7013701 SO,20250727,1
7013701 SO,20250803,1
7013701 SO,20250810,1
7013701 SO,20250815,1
7013701 SO,20250817,1
7013701 SO,20250824,1
7013701 SO,20250831,1
7013701 SO,20250907,1
7013701 SO,20250914,1
7013701 SO,20250921,1
7013701 SO,20250928,1
7013701 SO,20251003,1
7013701 SO,20251005,1
7013701 SO,20251012,1
7013701 SO,20251019,1
7013701 SO,20251026,1
7013701 SO,20251101,1
7013701 SO,20251102,1
7013701 SO,20251109,1
7013701 SO,20251116,1
7013701 SO,20251123,1
7013701 SO,20251130,1
7013701 SO,20251207,1
7013701 SO,20251214,1
7013701 SO,20251221,1
7013701 SO,20251225,1
7013701 SO,20251226,1
7013701 SO,20251228,1
702 HA,20251224,1
702 SA,20250920,1
702 SA,20250927,1
702 SA,20251004,1
702 SA,20251011,1
702 SA,20251018,1
702 SA,20251025,1
702 SA,20251108,1
702 SA,20251115,1
702 SA,20251122,1
702 SA,20251129,1
702 SA,20251206,1
702 SA,20251213,1
702 SA,20251220,1
702 SA,20251227,1
702 SA bis 13.09.24,20250802,1
702 SA bis 13.09.24,20250809,1
702 SA bis 13.09.24,20250816,1
702 SA bis 13.09.24,20250823,1
702 SA bis 13.09.24,20250830,1
702 SA bis 13.09.24,20250906,1
702 SA bis 13.09.24,20250913,1
702 SA bis 26.07.25,20250726,1
702 SIL,20251231,1
7020013 (GFN-Gerät),20250725,1
7020013 (GFN-Gerät),20251013,1
7020013 (GFN-Gerät),20251014,1
7020013 (GFN-Gerät),20251015,1
7020013 (GFN-Gerät),20251016,1
7020013 (GFN-Gerät),20251017,1
7020013 (GFN-Gerät),20251020,1
7020013 (GFN-Gerät),20251021,1
7020013 (GFN-Gerät),20251022,1
7020013 (GFN-Gerät),20251023,1
7020013 (GFN-Gerät),20251024,1
7020013 (GFN-Gerät),20251027,1
7020013 (GFN-Gerät),20251028,1
7020013 (GFN-Gerät),20251029,1
7020013 (GFN-Gerät),20251030,1
7020013 (GFN-Gerät),20251031,1
7020013 (GFN-Gerät),20251110,1
7020013 (GFN-Gerät),20251111,1
7020013 (GFN-Gerät),20251112,1
7020013 (GFN-Gerät),20251113,1
7020013 (GFN-Gerät),20251114,1
7020013 (GFN-Gerät),20251117,1
7020013 (GFN-Gerät),20251118,1
7020013 (GFN-Gerät),20251120,1
7020013 (GFN-Gerät),20251121,1
7020013 (GFN-Gerät),20251124,1
7020013 (GFN-Gerät),20251125,1
7020013 (GFN-Gerät),20251126,1
7020013 (GFN-Gerät),20251127,1
7020013 (GFN-Gerät),20251128,1
7020013 (GFN-Gerät),20251201,1
7020013 (GFN-Gerät),20251202,1
7020013 (GFN-Gerät),20251203,1
7020013 (GFN-Gerät),20251204,1
7020013 (GFN-Gerät),20251205,1
7020013 (GFN-Gerät),20251208,1
7020013 (GFN-Gerät),20251209,1
7020013 (GFN-Gerät),20251210,1
7020013 (GFN-Gerät),20251211,1
7020013 (GFN-Gerät),20251212,1
7020013 (GFN-Gerät),20251215,1
7020013 (GFN-Gerät),20251216,1
7020013 (GFN-Gerät),20251217,1
7020013 (GFN-Gerät),20251218,1
7020013 (GFN-Gerät),20251219,1
7020041 DO,20250731,1
7020041 DO,20250807,1
7020041 DO,20250821,1
7020041 DO,20250828,1
7020041 DO,20250904,1
7020041 DO,20250911,1
7020041 DO,20250918,1
7020041 DO,20250925,1
7020041 DO,20251009,1
7020041 DO,20251016,1
7020041 DO,20251023,1
7020041 DO,20251030,1
7020041 DO,20251106,1
7020041 DO,20251113,1
7020041 DO,20251120,1
7020041 DO,20251127,1
7020041 DO,20251204,1
7020041 DO,20251211,1
7020041 DO,20251218,1
7024001,20250916,1
7024001,20250917,1
7024001,20250918,1
7024001,20250919,1
7024001,20250922,1
7024001,20250923,1
7024001,20250924,1
7024001,20250925,1
7024001,20250926,1
7024001,20250929,1
7024001,20250930,1
7024001,20251001,1
7024001,20251002,1
7024001,20251006,1
7024001,20251007,1
7024001,20251008,1
7024001,20251009,1
7024001,20251010,1
7024001,20251013,1
7024001,20251014,1
7024001,20251015,1
7024001,20251016,1
7024001,20251017,1
7024001,20251020,1
7024001,20251021,1
7024001,20251022,1
7024001,20251023,1
7024001,20251024,1
7024001,20251027,1
7024001,20251028,1
7024001,20251029,1
7024001,20251030,1
7024001,20251031,1
7024001,20251103,1
7024001,20251104,1
7024001,20251105,1
7024001,20251106,1
7024001,20251107,1
7024001,20251110,1
7024001,20251111,1
7024001,20251112,1
7024001,20251113,1
7024001,20251114,1
7024001,20251117,1
7024001,20251118,1
7024001,20251119,1
7024001,20251120,1
7024001,20251121,1
7024001,20251124,1
7024001,20251125,1
7024001,20251126,1
7024001,20251127,1
7024001,20251128,1
7024001,20251201,1
7024001,20251202,1
7024001,20251203,1
7024001,20251204,1
7024001,20251205,1
7024001,20251208,1
7024001,20251209,1
7024001,20251210,1
7024001,20251211,1
7024001,20251212,1
7024001,20251215,1
7024001,20251216,1
7024001,20251217,1
7024001,20251218,1
7024001,20251219,1
7024001,20251222,1
7024001,20251223,1
7024001,20251229,1
7024001,20251230,1
7024001 bis 15.09.25,20250801,1
7024001 bis 15.09.25,20250804,1
7024001 bis 15.09.25,20250805,1
7024001 bis 15.09.25,20250806,1
7024001 bis 15.09.25,20250807,1
7024001 bis 15.09.25,20250808,1
7024001 bis 15.09.25,20250811,1
7024001 bis 15.09.25,20250812,1
7024001 bis 15.09.25,20250813,1
7024001 bis 15.09.25,20250814,1
7024001 bis 15.09.25,20250818,1
7024001 bis 15.09.25,20250819,1
7024001 bis 15.09.25,20250820,1
7024001 bis 15.09.25,20250821,1
7024001 bis 15.09.25,20250822,1
7024001 bis 15.09.25,20250825,1
7024001 bis 15.09.25,20250826,1
7024001 bis 15.09.25,20250827,1
7024001 bis 15.09.25,20250828,1
7024001 bis 15.09.25,20250829,1
7024001 bis 15.09.25,20250901,1
7024001 bis 15.09.25,20250902,1
7024001 bis 15.09.25,20250903,1
7024001 bis 15.09.25,20250904,1
7024001 bis 15.09.25,20250905,1
7024001 bis 15.09.25,20250908,1
7024001 bis 15.09.25,20250909,1
7024001 bis 15.09.25,20250910,1
7024001 bis 15.09.25,20250911,1
7024001 bis 15.09.25,20250912,1
7024001 bis 15.09.25,20250915,1
7024001 bis 31.07.25,20250725,1
7024001 bis 31.07.25,20250728,1
7024001 bis 31.07.25,20250729,1
7024001 bis 31.07.25,20250730,1
7024001 bis 31.07.25,20250731,1
7024002 bis 30.07.25[2025-7-25],20250725,1
7024002 bis 30.07.25[2025-7-25],20250728,1
7024002 bis 30.07.25[2025-7-25],20250729,1
7024002 bis 30.07.25[2025-7-25],20250730,1
7024002[2025-9-16],20250916,1
7024002[2025-9-16],20250917,1
7024002[2025-9-16],20250919,1
7024002[2025-9-16],20250922,1
7024002[2025-9-16],20250923,1
7024002[2025-9-16],20250924,1
7024002[2025-9-16],20250926,1
7024002copy,20250929,1
7024002copy,20250930,1
7024002copy,20251001,1
7024002copy,20251002,1
7024002copy,20251006,1
7024002copy,20251007,1
7024002copy,20251008,1
7024002copy,20251010,1
7024002copy,20251013,1
7024002copy,20251014,1
7024002copy,20251015,1
7024002copy,20251017,1
7024002copy,20251020,1
7024002copy,20251021,1
7024002copy,20251022,1
7024002copy,20251024,1
7024002copy,20251027,1
7024002copy,20251028,1
7024002copy,20251029,1
7024002copy,20251031,1
7024002copy,20251103,1
7024002copy,20251104,1
7024002copy,20251105,1
7024002copy,20251107,1
7024002copy,20251110,1
7024002copy,20251111,1
7024002copy,20251112,1
7024002copy,20251114,1
7024002copy,20251117,1
7024002copy,20251118,1
7024002copy,20251119,1
7024002copy,20251121,1
7024002copy,20251124,1
7024002copy,20251125,1
7024002copy,20251126,1
7024002copy,20251128,1
7024002copy,20251201,1
7024002copy,20251202,1
7024002copy,20251203,1
7024002copy,20251205,1
7024002copy,20251208,1
7024002copy,20251209,1
7024002copy,20251210,1
7024002copy,20251212,1
7024002copy,20251215,1
7024002copy,20251216,1
7024002copy,20251217,1
7024002copy,20251219,1
7024003,20250916,1
7024003,20250917,1
7024003,20250918,1
7024003,20250919,1
7024003,20250922,1
7024003,20250923,1
7024003,20250924,1
7024003,20250925,1
7024003,20250926,1
7024003,20250929,1
7024003,20250930,1
7024003,20251001,1
7024003,20251002,1
7024003,20251006,1
7024003,20251007,1
7024003,20251008,1
7024003,20251009,1
7024003,20251010,1
7024003,20251013,1
7024003,20251014,1
7024003,20251015,1
7024003,20251016,1
7024003,20251017,1
7024003,20251020,1
7024003,20251021,1
7024003,20251022,1
7024003,20251023,1
7024003,20251024,1
7024003,20251027,1
7024003,20251028,1
7024003,20251029,1
7024003,20251030,1
7024003,20251031,1
7024003,20251110,1
7024003,20251111,1
7024003,20251112,1
7024003,20251113,1
7024003,20251114,1
7024003,20251117,1
7024003,20251118,1
7024003,20251120,1
7024003,20251121,1
7024003,20251124,1
7024003,20251125,1
7024003,20251126,1
7024003,20251127,1
7024003,20251128,1
7024003,20251201,1
7024003,20251202,1
7024003,20251203,1
7024003,20251204,1
7024003,20251205,1
7024003,20251208,1
7024003,20251209,1
7024003,20251210,1
7024003,20251211,1
7024003,20251212,1
7024003,20251215,1
7024003,20251216,1
7024003,20251217,1
7024003,20251218,1
7024003,20251219,1
7024003 bis 31.07.25,20250725,1
7024003 bis 31.07.25,20250728,1
7024003 bis 31.07.25,20250729,1
7024003 bis 31.07.25,20250730,1
7024003 bis 31.07.25,20250731,1
7024004,20250929,1
7024004,20250930,1
7024004,20251001,1
7024004,20251002,1
7024004,20251006,1
7024004,20251007,1
7024004,20251008,1
7024004,20251009,1
7024004,20251010,1
7024004,20251013,1
7024004,20251014,1
7024004,20251015,1
7024004,20251016,1
7024004,20251017,1
7024004,20251020,1
7024004,20251021,1
7024004,20251022,1
7024004,20251023,1
7024004,20251024,1
7024004,20251027,1
7024004,20251028,1
7024004,20251029,1
7024004,20251030,1
7024004,20251031,1
7024004,20251110,1
7024004,20251111,1
7024004,20251112,1
7024004,20251113,1
7024004,20251114,1
7024004,20251117,1
7024004,20251118,1
7024004,20251120,1
7024004,20251121,1
7024004,20251124,1
7024004,20251125,1
7024004,20251126,1
7024004,20251127,1
7024004,20251128,1
7024004,20251201,1
7024004,20251202,1
7024004,20251203,1
7024004,20251204,1
7024004,20251205,1
7024004,20251208,1
7024004,20251209,1
7024004,20251210,1
7024004,20251211,1
7024004,20251212,1
7024004,20251215,1
7024004,20251216,1
7024004,20251217,1
7024004,20251218,1
7024004,20251219,1
7024004 bis 31.07.25[2025-7-25],20250725,1
7024004 bis 31.07.25[2025-7-25],20250728,1
7024004 bis 31.07.25[2025-7-25],20250729,1
7024004 bis 31.07.25[2025-7-25],20250730,1
7024004 bis 31.07.25[2025-7-25],20250731,1
7024004[2025-9-16],20250916,1
7024004[2025-9-16],20250917,1
7024004[2025-9-16],20250918,1
7024004[2025-9-16],20250919,1
7024004[2025-9-16],20250922,1
7024004[2025-9-16],20250923,1
7024004[2025-9-16],20250924,1
7024004[2025-9-16],20250925,1
7024004[2025-9-16],20250926,1
7024042 DO bis 31.07.25[2025-7-31],20250731,1
7024042 DO[2025-9-18],20250918,1
7024042 DO[2025-9-18],20250925,1
7024042 DOcopy,20251009,1
7024042 DOcopy,20251016,1
7024042 DOcopy,20251023,1
7024042 DOcopy,20251030,1
7024042 DOcopy,20251106,1
7024042 DOcopy,20251113,1
7024042 DOcopy,20251120,1
7024042 DOcopy,20251127,1
7024042 DOcopy,20251204,1
7024042 DOcopy,20251211,1
7024042 DOcopy,20251218,1
7024503 Ferien,20251103,1
7024503 Ferien,20251104,1
7024503 Ferien,20251105,1
7024503 Ferien,20251106,1
7024503 Ferien,20251107,1
7024503 Ferien,20251119,1
7024504 Ferien,20251103,1
7024504 Ferien,20251104,1
7024504 Ferien,20251105,1
7024504 Ferien,20251106,1
7024504 Ferien,20251107,1
7024504 Ferien,20251119,1
7024542 DO SF/WF bis 11.09.25[2025-8-7],20250807,1
7024542 DO SF/WF bis 11.09.25[2025-8-7],20250821,1
7024542 DO SF/WF bis 11.09.25[2025-8-7],20250828,1
7024542 DO SF/WF bis 11.09.25[2025-8-7],20250904,1
7024542 DO SF/WF bis 11.09.25[2025-8-7],20250911,1
7024552 SF/WF,20251222,1
7024552 SF/WF,20251223,1
7024552 SF/WF,20251229,1
7024552 SF/WF,20251230,1
7024552 SF/WF bis 15.09.25[2025-8-1],20250801,1
7024552 SF/WF bis 15.09.25[2025-8-1],20250804,1
7024552 SF/WF bis 15.09.25[2025-8-1],20250805,1
7024552 SF/WF bis 15.09.25[2025-8-1],20250806,1
7024552 SF/WF bis 15.09.25[2025-8-1],20250808,1
7024552 SF/WF bis 15.09.25[2025-8-1],20250811,1
7024552 SF/WF bis 15.09.25[2025-8-1],20250812,1
7024552 SF/WF bis 15.09.25[2025-8-1],20250813,1
7024552 SF/WF bis 15.09.25[2025-8-1],20250814,1
7024552 SF/WF bis 15.09.25[2025-8-1],20250818,1
7024552 SF/WF bis 15.09.25[2025-8-1],20250819,1
7024552 SF/WF bis 15.09.25[2025-8-1],20250820,1
7024552 SF/WF bis 15.09.25[2025-8-1],20250822,1
7024552 SF/WF bis 15.09.25[2025-8-1],20250825,1
7024552 SF/WF bis 15.09.25[2025-8-1],20250826,1
7024552 SF/WF bis 15.09.25[2025-8-1],20250827,1
7024552 SF/WF bis 15.09.25[2025-8-1],20250829,1
7024552 SF/WF bis 15.09.25[2025-8-1],20250901,1
7024552 SF/WF bis 15.09.25[2025-8-1],20250902,1
7024552 SF/WF bis 15.09.25[2025-8-1],20250903,1
7024552 SF/WF bis 15.09.25[2025-8-1],20250905,1
7024552 SF/WF bis 15.09.25[2025-8-1],20250908,1
7024552 SF/WF bis 15.09.25[2025-8-1],20250909,1
7024552 SF/WF bis 15.09.25[2025-8-1],20250910,1
7024552 SF/WF bis 15.09.25[2025-8-1],20250912,1
7024552 SF/WF bis 15.09.25[2025-8-1],20250915,1
7024553 SF/WF,20251222,1
7024553 SF/WF,20251223,1
7024553 SF/WF,20251229,1
7024553 SF/WF,20251230,1
7024553 SF/WF bis 15.09.25,20250801,1
7024553 SF/WF bis 15.09.25,20250804,1
7024553 SF/WF bis 15.09.25,20250805,1
7024553 SF/WF bis 15.09.25,20250806,1
7024553 SF/WF bis 15.09.25,20250807,1
7024553 SF/WF bis 15.09.25,20250808,1
7024553 SF/WF bis 15.09.25,20250811,1
7024553 SF/WF bis 15.09.25,20250812,1
7024553 SF/WF bis 15.09.25,20250813,1
7024553 SF/WF bis 15.09.25,20250814,1
7024553 SF/WF bis 15.09.25,20250818,1
7024553 SF/WF bis 15.09.25,20250819,1
7024553 SF/WF bis 15.09.25,20250820,1
7024553 SF/WF bis 15.09.25,20250821,1
7024553 SF/WF bis 15.09.25,20250822,1
7024553 SF/WF bis 15.09.25,20250825,1
7024553 SF/WF bis 15.09.25,20250826,1
7024553 SF/WF bis 15.09.25,20250827,1
7024553 SF/WF bis 15.09.25,20250828,1
7024553 SF/WF bis 15.09.25,20250829,1
7024553 SF/WF bis 15.09.25,20250901,1
7024553 SF/WF bis 15.09.25,20250902,1
7024553 SF/WF bis 15.09.25,20250903,1
7024553 SF/WF bis 15.09.25,20250904,1
7024553 SF/WF bis 15.09.25,20250905,1
7024553 SF/WF bis 15.09.25,20250908,1
7024553 SF/WF bis 15.09.25,20250909,1
7024553 SF/WF bis 15.09.25,20250910,1
7024553 SF/WF bis 15.09.25,20250911,1
7024553 SF/WF bis 15.09.25,20250912,1
7024553 SF/WF bis 15.09.25,20250915,1
7024554 SF/WF,20250801,1
7024554 SF/WF,20250804,1
7024554 SF/WF,20250805,1
7024554 SF/WF,20250806,1
7024554 SF/WF,20250807,1
7024554 SF/WF,20250808,1
7024554 SF/WF,20250811,1
7024554 SF/WF,20250812,1
7024554 SF/WF,20250813,1
7024554 SF/WF,20250814,1
7024554 SF/WF,20250818,1
7024554 SF/WF,20250819,1
7024554 SF/WF,20250820,1
7024554 SF/WF,20250821,1
7024554 SF/WF,20250822,1
7024554 SF/WF,20250825,1
7024554 SF/WF,20250826,1
7024554 SF/WF,20250827,1
7024554 SF/WF,20250828,1
7024554 SF/WF,20250829,1
7024554 SF/WF,20250901,1
7024554 SF/WF,20250902,1
7024554 SF/WF,20250903,1
7024554 SF/WF,20250904,1
7024554 SF/WF,20250905,1
7024554 SF/WF,20250908,1
7024554 SF/WF,20250909,1
7024554 SF/WF,20250910,1
7024554 SF/WF,20250911,1
7024554 SF/WF,20250912,1
7024554 SF/WF,20250915,1
7024554 SF/WF,20251222,1
7024554 SF/WF,20251223,1
7024554 SF/WF,20251229,1
7024554 SF/WF,20251230,1
7024601 HA,20251224,1
7024601 SA,20250920,1
7024601 SA,20250927,1
7024601 SA,20251004,1
7024601 SA,20251011,1
7024601 SA,20251018,1
7024601 SA,20251025,1
7024601 SA,20251108,1
7024601 SA,20251115,1
7024601 SA,20251122,1
7024601 SA,20251129,1
7024601 SA,20251206,1
7024601 SA,20251213,1
7024601 SA,20251220,1
7024601 SA,20251227,1
7024601 SA bis 13.09.25,20250726,1
7024601 SA bis 13.09.25,20250802,1
7024601 SA bis 13.09.25,20250809,1
7024601 SA bis 13.09.25,20250816,1
7024601 SA bis 13.09.25,20250823,1
7024601 SA bis 13.09.25,20250830,1
7024601 SA bis 13.09.25,20250906,1
7024601 SA bis 13.09.25,20250913,1
7024601 SIL,20251231,1
7024602 HA,20251224,1
7024602 SA,20250927,1
7024602 SA,20251004,1
7024602 SA,20251011,1
7024602 SA,20251018,1
7024602 SA,20251025,1
7024602 SA,20251108,1
7024602 SA,20251115,1
7024602 SA,20251122,1
7024602 SA,20251129,1
7024602 SA,20251206,1
7024602 SA,20251213,1
7024602 SA,20251220,1
7024602 SA,20251227,1
7024602 SA[2025-7-26],20250726,1
7024602 SA[2025-7-26],20250802,1
7024602 SA[2025-7-26],20250809,1
7024602 SA[2025-7-26],20250816,1
7024602 SA[2025-7-26],20250823,1
7024602 SA[2025-7-26],20250830,1
7024602 SA[2025-7-26],20250906,1
7024602 SA[2025-7-26],20250913,1
7024602 SA[2025-7-26],20250920,1
7024602 SIL,20251231,1
7024701 SO,20250803,1
7024701 SO,20250810,1
7024701 SO,20250815,1
7024701 SO,20250817,1
7024701 SO,20250824,1
7024701 SO,20250831,1
7024701 SO,20250907,1
7024701 SO,20250914,1
7024701 SO,20250921,1
7024701 SO,20250928,1
7024701 SO,20251003,1
7024701 SO,20251005,1
7024701 SO,20251012,1
7024701 SO,20251019,1
7024701 SO,20251026,1
7024701 SO,20251101,1
7024701 SO,20251102,1
7024701 SO,20251109,1
7024701 SO,20251116,1
7024701 SO,20251123,1
7024701 SO,20251130,1
7024701 SO,20251207,1
7024701 SO,20251214,1
7024701 SO,20251221,1
7024701 SO,20251225,1
7024701 SO,20251226,1
7024701 SO,20251228,1
7024701 SO bis 27.07.25,20250727,1
703 SO,20250921,1
703 SO,20250928,1
703 SO,20251003,1
703 SO,20251005,1
703 SO,20251012,1
703 SO,20251019,1
703 SO,20251026,1
703 SO,20251101,1
703 SO,20251102,1
703 SO,20251109,1
703 SO,20251116,1
703 SO,20251123,1
703 SO,20251130,1
703 SO,20251207,1
703 SO,20251214,1
703 SO,20251221,1
703 SO,20251225,1
703 SO,20251226,1
703 SO,20251228,1
703 SO bis 14.09.25,20250727,1
703 SO bis 14.09.25,20250803,1
703 SO bis 14.09.25,20250810,1
703 SO bis 14.09.25,20250815,1
703 SO bis 14.09.25,20250817,1
703 SO bis 14.09.25,20250824,1
703 SO bis 14.09.25,20250831,1
703 SO bis 14.09.25,20250907,1
703 SO bis 14.09.25,20250914,1
7030003 (GFN-Gerät),20250725,1
7030003 (GFN-Gerät),20250728,1
7030003 (GFN-Gerät),20250729,1
7030003 (GFN-Gerät),20250730,1
7030003 (GFN-Gerät),20250731,1
7030003 (GFN-Gerät),20250916,1
7030003 (GFN-Gerät),20250917,1
7030003 (GFN-Gerät),20250918,1
7030003 (GFN-Gerät),20250919,1
7030003 (GFN-Gerät),20250922,1
7030003 (GFN-Gerät),20250923,1
7030003 (GFN-Gerät),20250924,1
7030003 (GFN-Gerät),20250925,1
7030003 (GFN-Gerät),20250926,1
7030003 (GFN-Gerät),20250929,1
7030003 (GFN-Gerät),20250930,1
7030003 (GFN-Gerät),20251001,1
7030003 (GFN-Gerät),20251002,1
7030003 (GFN-Gerät),20251006,1
7030003 (GFN-Gerät),20251007,1
7030003 (GFN-Gerät),20251008,1
7030003 (GFN-Gerät),20251009,1
7030003 (GFN-Gerät),20251010,1
7030003 (GFN-Gerät),20251013,1
7030003 (GFN-Gerät),20251014,1
7030003 (GFN-Gerät),20251015,1
7030003 (GFN-Gerät),20251016,1
7030003 (GFN-Gerät),20251017,1
7030003 (GFN-Gerät),20251020,1
7030003 (GFN-Gerät),20251021,1
7030003 (GFN-Gerät),20251022,1
7030003 (GFN-Gerät),20251023,1
7030003 (GFN-Gerät),20251024,1
7030003 (GFN-Gerät),20251027,1
7030003 (GFN-Gerät),20251028,1
7030003 (GFN-Gerät),20251029,1
7030003 (GFN-Gerät),20251030,1
7030003 (GFN-Gerät),20251031,1
7030003 (GFN-Gerät),20251110,1
7030003 (GFN-Gerät),20251111,1
7030003 (GFN-Gerät),20251112,1
7030003 (GFN-Gerät),20251113,1
7030003 (GFN-Gerät),20251114,1
7030003 (GFN-Gerät),20251117,1
7030003 (GFN-Gerät),20251118,1
7030003 (GFN-Gerät),20251120,1
7030003 (GFN-Gerät),20251121,1
7030003 (GFN-Gerät),20251124,1
7030003 (GFN-Gerät),20251125,1
7030003 (GFN-Gerät),20251126,1
7030003 (GFN-Gerät),20251127,1
7030003 (GFN-Gerät),20251128,1
7030003 (GFN-Gerät),20251201,1
7030003 (GFN-Gerät),20251202,1
7030003 (GFN-Gerät),20251203,1
7030003 (GFN-Gerät),20251204,1
7030003 (GFN-Gerät),20251205,1
7030003 (GFN-Gerät),20251208,1
7030003 (GFN-Gerät),20251209,1
7030003 (GFN-Gerät),20251210,1
7030003 (GFN-Gerät),20251211,1
7030003 (GFN-Gerät),20251212,1
7030003 (GFN-Gerät),20251215,1
7030003 (GFN-Gerät),20251216,1
7030003 (GFN-Gerät),20251217,1
7030003 (GFN-Gerät),20251218,1
7030003 (GFN-Gerät),20251219,1
7030021,20250929,1
7030021,20250930,1
7030021,20251001,1
7030021,20251002,1
7030021,20251006,1
7030021,20251007,1
7030021,20251008,1
7030021,20251009,1
7030021,20251010,1
7030021,20251013,1
7030021,20251014,1
7030021,20251015,1
7030021,20251016,1
7030021,20251017,1
7030021,20251020,1
7030021,20251021,1
7030021,20251022,1
7030021,20251023,1
7030021,20251024,1
7030021,20251027,1
7030021,20251028,1
7030021,20251029,1
7030021,20251030,1
7030021,20251031,1
7030021,20251103,1
7030021,20251104,1
7030021,20251105,1
7030021,20251106,1
7030021,20251107,1
7030021,20251110,1
7030021,20251111,1
7030021,20251112,1
7030021,20251113,1
7030021,20251114,1
7030021,20251117,1
7030021,20251118,1
7030021,20251119,1
7030021,20251120,1
7030021,20251121,1
7030021,20251124,1
7030021,20251125,1
7030021,20251126,1
7030021,20251127,1
7030021,20251128,1
7030021,20251201,1
7030021,20251202,1
7030021,20251203,1
7030021,20251204,1
7030021,20251205,1
7030021,20251208,1
7030021,20251209,1
7030021,20251210,1
7030021,20251211,1
7030021,20251212,1
7030021,20251215,1
7030021,20251216,1
7030021,20251217,1
7030021,20251218,1
7030021,20251219,1
7030021[2025-7-25],20250725,1
7030021[2025-7-25],20250728,1
7030021[2025-7-25],20250729,1
7030021[2025-7-25],20250730,1
7030021[2025-7-25],20250731,1
7030021[2025-7-25],20250916,1
7030021[2025-7-25],20250917,1
7030021[2025-7-25],20250918,1
7030021[2025-7-25],20250919,1
7030021[2025-7-25],20250922,1
7030021[2025-7-25],20250923,1
7030021[2025-7-25],20250924,1
7030021[2025-7-25],20250925,1
7030021[2025-7-25],20250926,1
7030551 SF/WF,20250801,1
7030551 SF/WF,20250804,1
7030551 SF/WF,20250805,1
7030551 SF/WF,20250806,1
7030551 SF/WF,20250807,1
7030551 SF/WF,20250808,1
7030551 SF/WF,20250811,1
7030551 SF/WF,20250812,1
7030551 SF/WF,20250813,1
7030551 SF/WF,20250814,1
7030551 SF/WF,20250818,1
7030551 SF/WF,20250819,1
7030551 SF/WF,20250820,1
7030551 SF/WF,20250821,1
7030551 SF/WF,20250822,1
7030551 SF/WF,20250825,1
7030551 SF/WF,20250826,1
7030551 SF/WF,20250827,1
7030551 SF/WF,20250828,1
7030551 SF/WF,20250829,1
7030551 SF/WF,20250901,1
7030551 SF/WF,20250902,1
7030551 SF/WF,20250903,1
7030551 SF/WF,20250904,1
7030551 SF/WF,20250905,1
7030551 SF/WF,20250908,1
7030551 SF/WF,20250909,1
7030551 SF/WF,20250910,1
7030551 SF/WF,20250911,1
7030551 SF/WF,20250912,1
7030551 SF/WF,20250915,1
7030551 SF/WF,20251222,1
7030551 SF/WF,20251223,1
7030551 SF/WF,20251229,1
7030551 SF/WF,20251230,1
7030621 HA,20251224,1
7030621 SA,20250726,1
7030621 SA,20250802,1
7030621 SA,20250809,1
7030621 SA,20250816,1
7030621 SA,20250823,1
7030621 SA,20250830,1
7030621 SA,20250906,1
7030621 SA,20250913,1
7030621 SA,20250920,1
7030621 SA,20250927,1
7030621 SA,20251004,1
7030621 SA,20251011,1
7030621 SA,20251018,1
7030621 SA,20251025,1
7030621 SA,20251108,1
7030621 SA,20251115,1
7030621 SA,20251122,1
7030621 SA,20251129,1
7030621 SA,20251206,1
7030621 SA,20251213,1
7030621 SA,20251220,1
7030621 SA,20251227,1
7030621 SIL,20251231,1
7030721 Allerheiligen,20251101,1
7039001,20250929,1
7039001,20250930,1
7039001,20251001,1
7039001,20251002,1
7039001,20251006,1
7039001,20251007,1
7039001,20251008,1
7039001,20251009,1
7039001,20251010,1
7039001,20251013,1
7039001,20251014,1
7039001,20251015,1
7039001,20251016,1
7039001,20251017,1
7039001,20251020,1
7039001,20251021,1
7039001,20251022,1
7039001,20251023,1
7039001,20251024,1
7039001,20251027,1
7039001,20251028,1
7039001,20251029,1
7039001,20251030,1
7039001,20251031,1
7039001,20251103,1
7039001,20251104,1
7039001,20251105,1
7039001,20251106,1
7039001,20251107,1
7039001,20251110,1
7039001,20251111,1
7039001,20251112,1
7039001,20251113,1
7039001,20251114,1
7039001,20251117,1
7039001,20251118,1
7039001,20251119,1
7039001,20251120,1
7039001,20251121,1
7039001,20251124,1
7039001,20251125,1
7039001,20251126,1
7039001,20251127,1
7039001,20251128,1
7039001,20251201,1
7039001,20251202,1
7039001,20251203,1
7039001,20251204,1
7039001,20251205,1
7039001,20251208,1
7039001,20251209,1
7039001,20251210,1
7039001,20251211,1
7039001,20251212,1
7039001,20251215,1
7039001,20251216,1
7039001,20251217,1
7039001,20251218,1
7039001,20251219,1
7039001,20251222,1
7039001,20251223,1
7039001,20251229,1
7039001,20251230,1
7039001 bis 15.09.25[2025-7-25],20250725,1
7039001 bis 15.09.25[2025-7-25],20250728,1
7039001 bis 15.09.25[2025-7-25],20250729,1
7039001 bis 15.09.25[2025-7-25],20250730,1
7039001 bis 15.09.25[2025-7-25],20250731,1
7039001 bis 15.09.25[2025-7-25],20250801,1
7039001 bis 15.09.25[2025-7-25],20250804,1
7039001 bis 15.09.25[2025-7-25],20250805,1
7039001 bis 15.09.25[2025-7-25],20250806,1
7039001 bis 15.09.25[2025-7-25],20250807,1
7039001 bis 15.09.25[2025-7-25],20250808,1
7039001 bis 15.09.25[2025-7-25],20250811,1
7039001 bis 15.09.25[2025-7-25],20250812,1
7039001 bis 15.09.25[2025-7-25],20250813,1
7039001 bis 15.09.25[2025-7-25],20250814,1
7039001 bis 15.09.25[2025-7-25],20250818,1
7039001 bis 15.09.25[2025-7-25],20250819,1
7039001 bis 15.09.25[2025-7-25],20250820,1
7039001 bis 15.09.25[2025-7-25],20250821,1
7039001 bis 15.09.25[2025-7-25],20250822,1
7039001 bis 15.09.25[2025-7-25],20250825,1
7039001 bis 15.09.25[2025-7-25],20250826,1
7039001 bis 15.09.25[2025-7-25],20250827,1
7039001 bis 15.09.25[2025-7-25],20250828,1
7039001 bis 15.09.25[2025-7-25],20250829,1
7039001 bis 15.09.25[2025-7-25],20250901,1
7039001 bis 15.09.25[2025-7-25],20250902,1
7039001 bis 15.09.25[2025-7-25],20250903,1
7039001 bis 15.09.25[2025-7-25],20250904,1
7039001 bis 15.09.25[2025-7-25],20250905,1
7039001 bis 15.09.25[2025-7-25],20250908,1
7039001 bis 15.09.25[2025-7-25],20250909,1
7039001 bis 15.09.25[2025-7-25],20250910,1
7039001 bis 15.09.25[2025-7-25],20250911,1
7039001 bis 15.09.25[2025-7-25],20250912,1
7039001 bis 15.09.25[2025-7-25],20250915,1
7039001[2025-9-16],20250916,1
7039001[2025-9-16],20250917,1
7039001[2025-9-16],20250918,1
7039001[2025-9-16],20250919,1
7039001[2025-9-16],20250922,1
7039001[2025-9-16],20250923,1
7039001[2025-9-16],20250924,1
7039001[2025-9-16],20250925,1
7039001[2025-9-16],20250926,1
7039002,20250916,1
7039002,20250917,1
7039002,20250918,1
7039002,20250919,1
7039002,20250922,1
7039002,20250923,1
7039002,20250924,1
7039002,20250925,1
7039002,20250926,1
7039002,20250929,1
7039002,20250930,1
7039002,20251001,1
7039002,20251002,1
7039002,20251006,1
7039002,20251007,1
7039002,20251008,1
7039002,20251009,1
7039002,20251010,1
7039002,20251013,1
7039002,20251014,1
7039002,20251015,1
7039002,20251016,1
7039002,20251017,1
7039002,20251020,1
7039002,20251021,1
7039002,20251022,1
7039002,20251023,1
7039002,20251024,1
7039002,20251027,1
7039002,20251028,1
7039002,20251029,1
7039002,20251030,1
7039002,20251031,1
7039002,20251110,1
7039002,20251111,1
7039002,20251112,1
7039002,20251113,1
7039002,20251114,1
7039002,20251117,1
7039002,20251118,1
7039002,20251120,1
7039002,20251121,1
7039002,20251124,1
7039002,20251125,1
7039002,20251126,1
7039002,20251127,1
7039002,20251128,1
7039002,20251201,1
7039002,20251202,1
7039002,20251203,1
7039002,20251204,1
7039002,20251205,1
7039002,20251208,1
7039002,20251209,1
7039002,20251210,1
7039002,20251211,1
7039002,20251212,1
7039002,20251215,1
7039002,20251216,1
7039002,20251217,1
7039002,20251218,1
7039002,20251219,1
7039002 bis 31.07.25,20250725,1
7039002 bis 31.07.25,20250728,1
7039002 bis 31.07.25,20250729,1
7039002 bis 31.07.25,20250730,1
7039002 bis 31.07.25,20250731,1
7039012 (GFN-Gerät),20250916,1
7039012 (GFN-Gerät),20250917,1
7039012 (GFN-Gerät),20250918,1
7039012 (GFN-Gerät),20250919,1
7039012 (GFN-Gerät),20250922,1
7039012 (GFN-Gerät),20250923,1
7039012 (GFN-Gerät),20250924,1
7039012 (GFN-Gerät),20250925,1
7039012 (GFN-Gerät),20250926,1
7039012 (GFN-Gerät),20250929,1
7039012 (GFN-Gerät),20250930,1
7039012 (GFN-Gerät),20251001,1
7039012 (GFN-Gerät),20251002,1
7039012 (GFN-Gerät),20251006,1
7039012 (GFN-Gerät),20251007,1
7039012 (GFN-Gerät),20251008,1
7039012 (GFN-Gerät),20251009,1
7039012 (GFN-Gerät),20251010,1
7039012 (GFN-Gerät),20251013,1
7039012 (GFN-Gerät),20251014,1
7039012 (GFN-Gerät),20251015,1
7039012 (GFN-Gerät),20251016,1
7039012 (GFN-Gerät),20251017,1
7039012 (GFN-Gerät),20251020,1
7039012 (GFN-Gerät),20251021,1
7039012 (GFN-Gerät),20251022,1
7039012 (GFN-Gerät),20251023,1
7039012 (GFN-Gerät),20251024,1
7039012 (GFN-Gerät),20251027,1
7039012 (GFN-Gerät),20251028,1
7039012 (GFN-Gerät),20251029,1
7039012 (GFN-Gerät),20251030,1
7039012 (GFN-Gerät),20251031,1
7039012 (GFN-Gerät),20251110,1
7039012 (GFN-Gerät),20251111,1
7039012 (GFN-Gerät),20251112,1
7039012 (GFN-Gerät),20251113,1
7039012 (GFN-Gerät),20251114,1
7039012 (GFN-Gerät),20251117,1
7039012 (GFN-Gerät),20251118,1
7039012 (GFN-Gerät),20251120,1
7039012 (GFN-Gerät),20251121,1
7039012 (GFN-Gerät),20251124,1
7039012 (GFN-Gerät),20251125,1
7039012 (GFN-Gerät),20251126,1
7039012 (GFN-Gerät),20251127,1
7039012 (GFN-Gerät),20251128,1
7039012 (GFN-Gerät),20251201,1
7039012 (GFN-Gerät),20251202,1
7039012 (GFN-Gerät),20251203,1
7039012 (GFN-Gerät),20251204,1
7039012 (GFN-Gerät),20251205,1
7039012 (GFN-Gerät),20251208,1
7039012 (GFN-Gerät),20251209,1
7039012 (GFN-Gerät),20251210,1
7039012 (GFN-Gerät),20251211,1
7039012 (GFN-Gerät),20251212,1
7039012 (GFN-Gerät),20251215,1
7039012 (GFN-Gerät),20251216,1
7039012 (GFN-Gerät),20251217,1
7039012 (GFN-Gerät),20251218,1
7039012 (GFN-Gerät),20251219,1
7039012 (GFN-Gerät) bis 31.07.25,20250725,1
7039012 (GFN-Gerät) bis 31.07.25,20250728,1
7039012 (GFN-Gerät) bis 31.07.25,20250729,1
7039012 (GFN-Gerät) bis 31.07.25,20250730,1
7039012 (GFN-Gerät) bis 31.07.25,20250731,1
7039502 Ferien,20251103,1
7039502 Ferien,20251104,1
7039502 Ferien,20251105,1
7039502 Ferien,20251106,1
7039502 Ferien,20251107,1
7039502 Ferien,20251119,1
7039552 SF/WF,20251222,1
7039552 SF/WF,20251223,1
7039552 SF/WF,20251229,1
7039552 SF/WF,20251230,1
7039552 SF/WF bis 15.09.25,20250801,1
7039552 SF/WF bis 15.09.25,20250804,1
7039552 SF/WF bis 15.09.25,20250805,1
7039552 SF/WF bis 15.09.25,20250806,1
7039552 SF/WF bis 15.09.25,20250807,1
7039552 SF/WF bis 15.09.25,20250808,1
7039552 SF/WF bis 15.09.25,20250811,1
7039552 SF/WF bis 15.09.25,20250812,1
7039552 SF/WF bis 15.09.25,20250813,1
7039552 SF/WF bis 15.09.25,20250814,1
7039552 SF/WF bis 15.09.25,20250818,1
7039552 SF/WF bis 15.09.25,20250819,1
7039552 SF/WF bis 15.09.25,20250820,1
7039552 SF/WF bis 15.09.25,20250821,1
7039552 SF/WF bis 15.09.25,20250822,1
7039552 SF/WF bis 15.09.25,20250825,1
7039552 SF/WF bis 15.09.25,20250826,1
7039552 SF/WF bis 15.09.25,20250827,1
7039552 SF/WF bis 15.09.25,20250828,1
7039552 SF/WF bis 15.09.25,20250829,1
7039552 SF/WF bis 15.09.25,20250901,1
7039552 SF/WF bis 15.09.25,20250902,1
7039552 SF/WF bis 15.09.25,20250903,1
7039552 SF/WF bis 15.09.25,20250904,1
7039552 SF/WF bis 15.09.25,20250905,1
7039552 SF/WF bis 15.09.25,20250908,1
7039552 SF/WF bis 15.09.25,20250909,1
7039552 SF/WF bis 15.09.25,20250910,1
7039552 SF/WF bis 15.09.25,20250911,1
7039552 SF/WF bis 15.09.25,20250912,1
7039552 SF/WF bis 15.09.25,20250915,1
7039601 HA,20251224,1
7039601 SA,20250927,1
7039601 SA,20251004,1
7039601 SA,20251011,1
7039601 SA,20251018,1
7039601 SA,20251025,1
7039601 SA,20251108,1
7039601 SA,20251115,1
7039601 SA,20251122,1
7039601 SA,20251129,1
7039601 SA,20251206,1
7039601 SA,20251213,1
7039601 SA,20251220,1
7039601 SA,20251227,1
7039601 SA[2025-7-26],20250726,1
7039601 SA[2025-7-26],20250802,1
7039601 SA[2025-7-26],20250809,1
7039601 SA[2025-7-26],20250816,1
7039601 SA[2025-7-26],20250823,1
7039601 SA[2025-7-26],20250830,1
7039601 SA[2025-7-26],20250906,1
7039601 SA[2025-7-26],20250913,1
7039601 SA[2025-7-26],20250920,1
7039601 SIL,20251231,1
704 SO,20250921,1
704 SO,20250928,1
704 SO,20251003,1
704 SO,20251005,1
704 SO,20251012,1
704 SO,20251019,1
704 SO,20251026,1
704 SO,20251101,1
704 SO,20251102,1
704 SO,20251109,1
704 SO,20251116,1
704 SO,20251123,1
704 SO,20251130,1
704 SO,20251207,1
704 SO,20251214,1
704 SO,20251221,1
704 SO,20251225,1
704 SO,20251226,1
704 SO,20251228,1
704 SO bis 14.09.25,20250727,1
704 SO bis 14.09.25,20250803,1
704 SO bis 14.09.25,20250810,1
704 SO bis 14.09.25,20250815,1
704 SO bis 14.09.25,20250817,1
704 SO bis 14.09.25,20250824,1
704 SO bis 14.09.25,20250831,1
704 SO bis 14.09.25,20250907,1
704 SO bis 14.09.25,20250914,1
7048001[2025-7-24],20250725,1
7048001[2025-7-24],20250728,1
7048001[2025-7-24],20250729,1
7048001[2025-7-24],20250730,1
7048001[2025-7-24],20250731,1
7048001[2025-7-24],20250916,1
7048001[2025-7-24],20250917,1
7048001[2025-7-24],20250918,1
7048001[2025-7-24],20250919,1
7048001[2025-7-24],20250922,1
7048001[2025-7-24],20250923,1
7048001[2025-7-24],20250924,1
7048001[2025-7-24],20250925,1
7048001[2025-7-24],20250926,1
7048001[2025-7-24],20250929,1
7048001[2025-7-24],20250930,1
7048001[2025-7-24],20251001,1
7048001[2025-7-24],20251002,1
7048001[2025-7-24],20251006,1
7048001[2025-7-24],20251007,1
7048001[2025-7-24],20251008,1
7048001[2025-7-24],20251009,1
7048001[2025-7-24],20251010,1
7048001[2025-7-24],20251013,1
7048001[2025-7-24],20251014,1
7048001[2025-7-24],20251015,1
7048001[2025-7-24],20251016,1
7048001[2025-7-24],20251017,1
7048001[2025-7-24],20251020,1
7048001[2025-7-24],20251021,1
7048001[2025-7-24],20251022,1
7048001[2025-7-24],20251023,1
7048001[2025-7-24],20251024,1
7048001[2025-7-24],20251027,1
7048001[2025-7-24],20251028,1
7048001[2025-7-24],20251029,1
7048001[2025-7-24],20251030,1
7048001[2025-7-24],20251031,1
7048001[2025-7-24],20251103,1
7048001[2025-7-24],20251104,1
7048001[2025-7-24],20251105,1
7048001[2025-7-24],20251106,1
7048001[2025-7-24],20251107,1
7048001[2025-7-24],20251110,1
7048001[2025-7-24],20251111,1
7048001[2025-7-24],20251112,1
7048001[2025-7-24],20251113,1
7048001[2025-7-24],20251114,1
7048001[2025-7-24],20251117,1
7048001[2025-7-24],20251118,1
7048001[2025-7-24],20251119,1
7048001[2025-7-24],20251120,1
7048001[2025-7-24],20251121,1
7048001[2025-7-24],20251124,1
7048001[2025-7-24],20251125,1
7048001[2025-7-24],20251126,1
7048001[2025-7-24],20251127,1
7048001[2025-7-24],20251128,1
7048001[2025-7-24],20251201,1
7048001[2025-7-24],20251202,1
7048001[2025-7-24],20251203,1
7048001[2025-7-24],20251204,1
7048001[2025-7-24],20251205,1
7048001[2025-7-24],20251208,1
7048001[2025-7-24],20251209,1
7048001[2025-7-24],20251210,1
7048001[2025-7-24],20251211,1
7048001[2025-7-24],20251212,1
7048001[2025-7-24],20251215,1
7048001[2025-7-24],20251216,1
7048001[2025-7-24],20251217,1
7048001[2025-7-24],20251218,1
7048001[2025-7-24],20251219,1
7048002,20250929,1
7048002,20250930,1
7048002,20251001,1
7048002,20251002,1
7048002,20251006,1
7048002,20251007,1
7048002,20251008,1
7048002,20251009,1
7048002,20251010,1
7048002,20251013,1
7048002,20251014,1
7048002,20251015,1
7048002,20251016,1
7048002,20251017,1
7048002,20251020,1
7048002,20251021,1
7048002,20251022,1
7048002,20251023,1
7048002,20251024,1
7048002,20251027,1
7048002,20251028,1
7048002,20251029,1
7048002,20251030,1
7048002,20251031,1
7048002,20251103,1
7048002,20251104,1
7048002,20251105,1
7048002,20251106,1
7048002,20251107,1
7048002,20251110,1
7048002,20251111,1
7048002,20251112,1
7048002,20251113,1
7048002,20251114,1
7048002,20251117,1
7048002,20251118,1
7048002,20251119,1
7048002,20251120,1
7048002,20251121,1
7048002,20251124,1
7048002,20251125,1
7048002,20251126,1
7048002,20251127,1
7048002,20251128,1
7048002,20251201,1
7048002,20251202,1
7048002,20251203,1
7048002,20251204,1
7048002,20251205,1
7048002,20251208,1
7048002,20251209,1
7048002,20251210,1
7048002,20251211,1
7048002,20251212,1
7048002,20251215,1
7048002,20251216,1
7048002,20251217,1
7048002,20251218,1
7048002,20251219,1
7048002[2025-7-25],20250725,1
7048002[2025-7-25],20250728,1
7048002[2025-7-25],20250729,1
7048002[2025-7-25],20250730,1
7048002[2025-7-25],20250731,1
7048002[2025-7-25],20250916,1
7048002[2025-7-25],20250917,1
7048002[2025-7-25],20250918,1
7048002[2025-7-25],20250919,1
7048002[2025-7-25],20250922,1
7048002[2025-7-25],20250923,1
7048002[2025-7-25],20250924,1
7048002[2025-7-25],20250925,1
7048002[2025-7-25],20250926,1
7048551 SF/WF,20251222,1
7048551 SF/WF,20251223,1
7048551 SF/WF,20251229,1
7048551 SF/WF,20251230,1
7048551 SF/WF[2025-8-1],20250801,1
7048551 SF/WF[2025-8-1],20250804,1
7048551 SF/WF[2025-8-1],20250805,1
7048551 SF/WF[2025-8-1],20250806,1
7048551 SF/WF[2025-8-1],20250807,1
7048551 SF/WF[2025-8-1],20250808,1
7048551 SF/WF[2025-8-1],20250811,1
7048551 SF/WF[2025-8-1],20250812,1
7048551 SF/WF[2025-8-1],20250813,1
7048551 SF/WF[2025-8-1],20250814,1
7048551 SF/WF[2025-8-1],20250818,1
7048551 SF/WF[2025-8-1],20250819,1
7048551 SF/WF[2025-8-1],20250820,1
7048551 SF/WF[2025-8-1],20250821,1
7048551 SF/WF[2025-8-1],20250822,1
7048551 SF/WF[2025-8-1],20250825,1
7048551 SF/WF[2025-8-1],20250826,1
7048551 SF/WF[2025-8-1],20250827,1
7048551 SF/WF[2025-8-1],20250828,1
7048551 SF/WF[2025-8-1],20250829,1
7048551 SF/WF[2025-8-1],20250901,1
7048551 SF/WF[2025-8-1],20250902,1
7048551 SF/WF[2025-8-1],20250903,1
7048551 SF/WF[2025-8-1],20250904,1
7048551 SF/WF[2025-8-1],20250905,1
7048551 SF/WF[2025-8-1],20250908,1
7048551 SF/WF[2025-8-1],20250909,1
7048551 SF/WF[2025-8-1],20250910,1
7048551 SF/WF[2025-8-1],20250911,1
7048551 SF/WF[2025-8-1],20250912,1
7048551 SF/WF[2025-8-1],20250915,1
7048552 SF/WF,20251222,1
7048552 SF/WF,20251223,1
7048552 SF/WF,20251229,1
7048552 SF/WF,20251230,1
7048552 SF/WF[2025-8-1],20250801,1
7048552 SF/WF[2025-8-1],20250804,1
7048552 SF/WF[2025-8-1],20250805,1
7048552 SF/WF[2025-8-1],20250806,1
7048552 SF/WF[2025-8-1],20250807,1
7048552 SF/WF[2025-8-1],20250808,1
7048552 SF/WF[2025-8-1],20250811,1
7048552 SF/WF[2025-8-1],20250812,1
7048552 SF/WF[2025-8-1],20250813,1
7048552 SF/WF[2025-8-1],20250814,1
7048552 SF/WF[2025-8-1],20250818,1
7048552 SF/WF[2025-8-1],20250819,1
7048552 SF/WF[2025-8-1],20250820,1
7048552 SF/WF[2025-8-1],20250821,1
7048552 SF/WF[2025-8-1],20250822,1
7048552 SF/WF[2025-8-1],20250825,1
7048552 SF/WF[2025-8-1],20250826,1
7048552 SF/WF[2025-8-1],20250827,1
7048552 SF/WF[2025-8-1],20250828,1
7048552 SF/WF[2025-8-1],20250829,1
7048552 SF/WF[2025-8-1],20250901,1
7048552 SF/WF[2025-8-1],20250902,1
7048552 SF/WF[2025-8-1],20250903,1
7048552 SF/WF[2025-8-1],20250904,1
7048552 SF/WF[2025-8-1],20250905,1
7048552 SF/WF[2025-8-1],20250908,1
7048552 SF/WF[2025-8-1],20250909,1
7048552 SF/WF[2025-8-1],20250910,1
7048552 SF/WF[2025-8-1],20250911,1
7048552 SF/WF[2025-8-1],20250912,1
7048552 SF/WF[2025-8-1],20250915,1
7048601 HA,20251224,1
7048601 SA,20250927,1
7048601 SA,20251004,1
7048601 SA,20251011,1
7048601 SA,20251018,1
7048601 SA,20251025,1
7048601 SA,20251108,1
7048601 SA,20251115,1
7048601 SA,20251122,1
7048601 SA,20251129,1
7048601 SA,20251206,1
7048601 SA,20251213,1
7048601 SA,20251220,1
7048601 SA,20251227,1
7048601 SA[2025-7-26],20250726,1
7048601 SA[2025-7-26],20250802,1
7048601 SA[2025-7-26],20250809,1
7048601 SA[2025-7-26],20250816,1
7048601 SA[2025-7-26],20250823,1
7048601 SA[2025-7-26],20250830,1
7048601 SA[2025-7-26],20250906,1
7048601 SA[2025-7-26],20250913,1
7048601 SA[2025-7-26],20250920,1
7048601 SIL,20251231,1
705 HA,20251224,1
705 SA,20250920,1
705 SA,20250927,1
705 SA,20251004,1
705 SA,20251011,1
705 SA,20251018,1
705 SA,20251025,1
705 SA,20251108,1
705 SA,20251115,1
705 SA,20251122,1
705 SA,20251129,1
705 SA,20251206,1
705 SA,20251213,1
705 SA,20251220,1
705 SA,20251227,1
705 SA bis 13.09.25,20250726,1
705 SA bis 13.09.25,20250802,1
705 SA bis 13.09.25,20250809,1
705 SA bis 13.09.25,20250816,1
705 SA bis 13.09.25,20250823,1
705 SA bis 13.09.25,20250830,1
705 SA bis 13.09.25,20250906,1
705 SA bis 13.09.25,20250913,1
705 SIL,20251231,1
7050014 (GFN-Gerät),20250916,1
7050014 (GFN-Gerät),20250917,1
7050014 (GFN-Gerät),20250918,1
7050014 (GFN-Gerät),20250919,1
7050014 (GFN-Gerät),20250922,1
7050014 (GFN-Gerät),20250923,1
7050014 (GFN-Gerät),20250924,1
7050014 (GFN-Gerät),20250925,1
7050014 (GFN-Gerät),20250926,1
7050014 (GFN-Gerät),20250929,1
7050014 (GFN-Gerät),20250930,1
7050014 (GFN-Gerät),20251001,1
7050014 (GFN-Gerät),20251002,1
7050014 (GFN-Gerät),20251006,1
7050014 (GFN-Gerät),20251007,1
7050014 (GFN-Gerät),20251008,1
7050014 (GFN-Gerät),20251009,1
7050014 (GFN-Gerät),20251010,1
7050014 (GFN-Gerät),20251013,1
7050014 (GFN-Gerät),20251014,1
7050014 (GFN-Gerät),20251015,1
7050014 (GFN-Gerät),20251016,1
7050014 (GFN-Gerät),20251017,1
7050014 (GFN-Gerät),20251020,1
7050014 (GFN-Gerät),20251021,1
7050014 (GFN-Gerät),20251022,1
7050014 (GFN-Gerät),20251023,1
7050014 (GFN-Gerät),20251024,1
7050014 (GFN-Gerät),20251027,1
7050014 (GFN-Gerät),20251028,1
7050014 (GFN-Gerät),20251029,1
7050014 (GFN-Gerät),20251030,1
7050014 (GFN-Gerät),20251031,1
7050014 (GFN-Gerät),20251110,1
7050014 (GFN-Gerät),20251111,1
7050014 (GFN-Gerät),20251112,1
7050014 (GFN-Gerät),20251113,1
7050014 (GFN-Gerät),20251114,1
7050014 (GFN-Gerät),20251117,1
7050014 (GFN-Gerät),20251118,1
7050014 (GFN-Gerät),20251120,1
7050014 (GFN-Gerät),20251121,1
7050014 (GFN-Gerät),20251124,1
7050014 (GFN-Gerät),20251125,1
7050014 (GFN-Gerät),20251126,1
7050014 (GFN-Gerät),20251127,1
7050014 (GFN-Gerät),20251128,1
7050014 (GFN-Gerät),20251201,1
7050014 (GFN-Gerät),20251202,1
7050014 (GFN-Gerät),20251203,1
7050014 (GFN-Gerät),20251204,1
7050014 (GFN-Gerät),20251205,1
7050014 (GFN-Gerät),20251208,1
7050014 (GFN-Gerät),20251209,1
7050014 (GFN-Gerät),20251210,1
7050014 (GFN-Gerät),20251211,1
7050014 (GFN-Gerät),20251212,1
7050014 (GFN-Gerät),20251215,1
7050014 (GFN-Gerät),20251216,1
7050014 (GFN-Gerät),20251217,1
7050014 (GFN-Gerät),20251218,1
7050014 (GFN-Gerät),20251219,1
7050014 (GFN-Gerät) bis 31.07.25,20250725,1
7050014 (GFN-Gerät) bis 31.07.25,20250728,1
7050014 (GFN-Gerät) bis 31.07.25,20250729,1
7050014 (GFN-Gerät) bis 31.07.25,20250730,1
7050014 (GFN-Gerät) bis 31.07.25,20250731,1
7050021,20250725,1
7050021,20250728,1
7050021,20250729,1
7050021,20250730,1
7050021,20250731,1
7050021,20250916,1
7050021,20250917,1
7050021,20250918,1
7050021,20250919,1
7050021,20250922,1
7050021,20250923,1
7050021,20250924,1
7050021,20250925,1
7050021,20250926,1
7050021,20250929,1
7050021,20250930,1
7050021,20251001,1
7050021,20251002,1
7050021,20251006,1
7050021,20251007,1
7050021,20251008,1
7050021,20251009,1
7050021,20251010,1
7050021,20251013,1
7050021,20251014,1
7050021,20251015,1
7050021,20251016,1
7050021,20251017,1
7050021,20251020,1
7050021,20251021,1
7050021,20251022,1
7050021,20251023,1
7050021,20251024,1
7050021,20251027,1
7050021,20251028,1
7050021,20251029,1
7050021,20251030,1
7050021,20251031,1
7050021,20251103,1
7050021,20251104,1
7050021,20251105,1
7050021,20251106,1
7050021,20251107,1
7050021,20251110,1
7050021,20251111,1
7050021,20251112,1
7050021,20251113,1
7050021,20251114,1
7050021,20251117,1
7050021,20251118,1
7050021,20251119,1
7050021,20251120,1
7050021,20251121,1
7050021,20251124,1
7050021,20251125,1
7050021,20251126,1
7050021,20251127,1
7050021,20251128,1
7050021,20251201,1
7050021,20251202,1
7050021,20251203,1
7050021,20251204,1
7050021,20251205,1
7050021,20251208,1
7050021,20251209,1
7050021,20251210,1
7050021,20251211,1
7050021,20251212,1
7050021,20251215,1
7050021,20251216,1
7050021,20251217,1
7050021,20251218,1
7050021,20251219,1
7050022,20250929,1
7050022,20250930,1
7050022,20251001,1
7050022,20251002,1
7050022,20251006,1
7050022,20251007,1
7050022,20251008,1
7050022,20251009,1
7050022,20251010,1
7050022,20251013,1
7050022,20251014,1
7050022,20251015,1
7050022,20251016,1
7050022,20251017,1
7050022,20251020,1
7050022,20251021,1
7050022,20251022,1
7050022,20251023,1
7050022,20251024,1
7050022,20251027,1
7050022,20251028,1
7050022,20251029,1
7050022,20251030,1
7050022,20251031,1
7050022,20251103,1
7050022,20251104,1
7050022,20251105,1
7050022,20251106,1
7050022,20251107,1
7050022,20251110,1
7050022,20251111,1
7050022,20251112,1
7050022,20251113,1
7050022,20251114,1
7050022,20251117,1
7050022,20251118,1
7050022,20251119,1
7050022,20251120,1
7050022,20251121,1
7050022,20251124,1
7050022,20251125,1
7050022,20251126,1
7050022,20251127,1
7050022,20251128,1
7050022,20251201,1
7050022,20251202,1
7050022,20251203,1
7050022,20251204,1
7050022,20251205,1
7050022,20251208,1
7050022,20251209,1
7050022,20251210,1
7050022,20251211,1
7050022,20251212,1
7050022,20251215,1
7050022,20251216,1
7050022,20251217,1
7050022,20251218,1
7050022,20251219,1
7050022 bis 31.07.25[2025-7-25],20250725,1
7050022 bis 31.07.25[2025-7-25],20250728,1
7050022 bis 31.07.25[2025-7-25],20250729,1
7050022 bis 31.07.25[2025-7-25],20250730,1
7050022 bis 31.07.25[2025-7-25],20250731,1
7050022[2025-9-16],20250916,1
7050022[2025-9-16],20250917,1
7050022[2025-9-16],20250918,1
7050022[2025-9-16],20250919,1
7050022[2025-9-16],20250922,1
7050022[2025-9-16],20250923,1
7050022[2025-9-16],20250924,1
7050022[2025-9-16],20250925,1
7050022[2025-9-16],20250926,1
7051001,20250725,1
7051001,20250728,1
7051001,20250729,1
7051001,20250730,1
7051001,20250731,1
7051001,20250916,1
7051001,20250917,1
7051001,20250918,1
7051001,20250919,1
7051001,20250922,1
7051001,20250923,1
7051001,20250924,1
7051001,20250925,1
7051001,20250926,1
7051001,20250929,1
7051001,20250930,1
7051001,20251001,1
7051001,20251002,1
7051001,20251006,1
7051001,20251007,1
7051001,20251008,1
7051001,20251009,1
7051001,20251010,1
7051001,20251013,1
7051001,20251014,1
7051001,20251015,1
7051001,20251016,1
7051001,20251017,1
7051001,20251020,1
7051001,20251021,1
7051001,20251022,1
7051001,20251023,1
7051001,20251024,1
7051001,20251027,1
7051001,20251028,1
7051001,20251029,1
7051001,20251030,1
7051001,20251031,1
7051001,20251103,1
7051001,20251104,1
7051001,20251105,1
7051001,20251106,1
7051001,20251107,1
7051001,20251110,1
7051001,20251111,1
7051001,20251112,1
7051001,20251113,1
7051001,20251114,1
7051001,20251117,1
7051001,20251118,1
7051001,20251119,1
7051001,20251120,1
7051001,20251121,1
7051001,20251124,1
7051001,20251125,1
7051001,20251126,1
7051001,20251127,1
7051001,20251128,1
7051001,20251201,1
7051001,20251202,1
7051001,20251203,1
7051001,20251204,1
7051001,20251205,1
7051001,20251208,1
7051001,20251209,1
7051001,20251210,1
7051001,20251211,1
7051001,20251212,1
7051001,20251215,1
7051001,20251216,1
7051001,20251217,1
7051001,20251218,1
7051001,20251219,1
7051002,20250916,1
7051002,20250917,1
7051002,20250918,1
7051002,20250919,1
7051002,20250922,1
7051002,20250923,1
7051002,20250924,1
7051002,20250925,1
7051002,20250926,1
7051002,20250929,1
7051002,20250930,1
7051002,20251001,1
7051002,20251002,1
7051002,20251006,1
7051002,20251007,1
7051002,20251008,1
7051002,20251009,1
7051002,20251010,1
7051002,20251013,1
7051002,20251014,1
7051002,20251015,1
7051002,20251016,1
7051002,20251017,1
7051002,20251020,1
7051002,20251021,1
7051002,20251022,1
7051002,20251023,1
7051002,20251024,1
7051002,20251027,1
7051002,20251028,1
7051002,20251029,1
7051002,20251030,1
7051002,20251031,1
7051002,20251110,1
7051002,20251111,1
7051002,20251112,1
7051002,20251113,1
7051002,20251114,1
7051002,20251117,1
7051002,20251118,1
7051002,20251120,1
7051002,20251121,1
7051002,20251124,1
7051002,20251125,1
7051002,20251126,1
7051002,20251127,1
7051002,20251128,1
7051002,20251201,1
7051002,20251202,1
7051002,20251203,1
7051002,20251204,1
7051002,20251205,1
7051002,20251208,1
7051002,20251209,1
7051002,20251210,1
7051002,20251211,1
7051002,20251212,1
7051002,20251215,1
7051002,20251216,1
7051002,20251217,1
7051002,20251218,1
7051002,20251219,1
7051002 bis 31.07.25,20250725,1
7051002 bis 31.07.25,20250728,1
7051002 bis 31.07.25,20250729,1
7051002 bis 31.07.25,20250730,1
7051002 bis 31.07.25,20250731,1
7051003,20250929,1
7051003,20250930,1
7051003,20251001,1
7051003,20251002,1
7051003,20251006,1
7051003,20251007,1
7051003,20251008,1
7051003,20251009,1
7051003,20251010,1
7051003,20251013,1
7051003,20251014,1
7051003,20251015,1
7051003,20251016,1
7051003,20251017,1
7051003,20251020,1
7051003,20251021,1
7051003,20251022,1
7051003,20251023,1
7051003,20251024,1
7051003,20251027,1
7051003,20251028,1
7051003,20251029,1
7051003,20251030,1
7051003,20251031,1
7051003,20251103,1
7051003,20251104,1
7051003,20251105,1
7051003,20251106,1
7051003,20251107,1
7051003,20251110,1
7051003,20251111,1
7051003,20251112,1
7051003,20251113,1
7051003,20251114,1
7051003,20251117,1
7051003,20251118,1
7051003,20251119,1
7051003,20251120,1
7051003,20251121,1
7051003,20251124,1
7051003,20251125,1
7051003,20251126,1
7051003,20251127,1
7051003,20251128,1
7051003,20251201,1
7051003,20251202,1
7051003,20251203,1
7051003,20251204,1
7051003,20251205,1
7051003,20251208,1
7051003,20251209,1
7051003,20251210,1
7051003,20251211,1
7051003,20251212,1
7051003,20251215,1
7051003,20251216,1
7051003,20251217,1
7051003,20251218,1
7051003,20251219,1
7051003[2025-7-25],20250725,1
7051003[2025-7-25],20250728,1
7051003[2025-7-25],20250729,1
7051003[2025-7-25],20250730,1
7051003[2025-7-25],20250731,1
7051003[2025-7-25],20250916,1
7051003[2025-7-25],20250917,1
7051003[2025-7-25],20250918,1
7051003[2025-7-25],20250919,1
7051003[2025-7-25],20250922,1
7051003[2025-7-25],20250923,1
7051003[2025-7-25],20250924,1
7051003[2025-7-25],20250925,1
7051003[2025-7-25],20250926,1
7051502 Ferien,20251103,1
7051502 Ferien,20251104,1
7051502 Ferien,20251105,1
7051502 Ferien,20251106,1
7051502 Ferien,20251107,1
7051502 Ferien,20251119,1
7051551 SF/WF,20250801,1
7051551 SF/WF,20250804,1
7051551 SF/WF,20250805,1
7051551 SF/WF,20250806,1
7051551 SF/WF,20250807,1
7051551 SF/WF,20250808,1
7051551 SF/WF,20250811,1
7051551 SF/WF,20250812,1
7051551 SF/WF,20250813,1
7051551 SF/WF,20250814,1
7051551 SF/WF,20250818,1
7051551 SF/WF,20250819,1
7051551 SF/WF,20250820,1
7051551 SF/WF,20250821,1
7051551 SF/WF,20250822,1
7051551 SF/WF,20250825,1
7051551 SF/WF,20250826,1
7051551 SF/WF,20250827,1
7051551 SF/WF,20250828,1
7051551 SF/WF,20250829,1
7051551 SF/WF,20250901,1
7051551 SF/WF,20250902,1
7051551 SF/WF,20250903,1
7051551 SF/WF,20250904,1
7051551 SF/WF,20250905,1
7051551 SF/WF,20250908,1
7051551 SF/WF,20250909,1
7051551 SF/WF,20250910,1
7051551 SF/WF,20250911,1
7051551 SF/WF,20250912,1
7051551 SF/WF,20250915,1
7051551 SF/WF,20251222,1
7051551 SF/WF,20251223,1
7051551 SF/WF,20251229,1
7051551 SF/WF,20251230,1
7051552 SF/WF,20250801,1
7051552 SF/WF,20250804,1
7051552 SF/WF,20250805,1
7051552 SF/WF,20250806,1
7051552 SF/WF,20250807,1
7051552 SF/WF,20250808,1
7051552 SF/WF,20250811,1
7051552 SF/WF,20250812,1
7051552 SF/WF,20250813,1
7051552 SF/WF,20250814,1
7051552 SF/WF,20250818,1
7051552 SF/WF,20250819,1
7051552 SF/WF,20250820,1
7051552 SF/WF,20250821,1
7051552 SF/WF,20250822,1
7051552 SF/WF,20250825,1
7051552 SF/WF,20250826,1
7051552 SF/WF,20250827,1
7051552 SF/WF,20250828,1
7051552 SF/WF,20250829,1
7051552 SF/WF,20250901,1
7051552 SF/WF,20250902,1
7051552 SF/WF,20250903,1
7051552 SF/WF,20250904,1
7051552 SF/WF,20250905,1
7051552 SF/WF,20250908,1
7051552 SF/WF,20250909,1
7051552 SF/WF,20250910,1
7051552 SF/WF,20250911,1
7051552 SF/WF,20250912,1
7051552 SF/WF,20250915,1
7051552 SF/WF,20251222,1
7051552 SF/WF,20251223,1
7051552 SF/WF,20251229,1
7051552 SF/WF,20251230,1
7051553 SF/WF,20250801,1
7051553 SF/WF,20250804,1
7051553 SF/WF,20250805,1
7051553 SF/WF,20250806,1
7051553 SF/WF,20250807,1
7051553 SF/WF,20250808,1
7051553 SF/WF,20250811,1
7051553 SF/WF,20250812,1
7051553 SF/WF,20250813,1
7051553 SF/WF,20250814,1
7051553 SF/WF,20250818,1
7051553 SF/WF,20250819,1
7051553 SF/WF,20250820,1
7051553 SF/WF,20250821,1
7051553 SF/WF,20250822,1
7051553 SF/WF,20250825,1
7051553 SF/WF,20250826,1
7051553 SF/WF,20250827,1
7051553 SF/WF,20250828,1
7051553 SF/WF,20250829,1
7051553 SF/WF,20250901,1
7051553 SF/WF,20250902,1
7051553 SF/WF,20250903,1
7051553 SF/WF,20250904,1
7051553 SF/WF,20250905,1
7051553 SF/WF,20250908,1
7051553 SF/WF,20250909,1
7051553 SF/WF,20250910,1
7051553 SF/WF,20250911,1
7051553 SF/WF,20250912,1
7051553 SF/WF,20250915,1
7051553 SF/WF,20251222,1
7051553 SF/WF,20251223,1
7051553 SF/WF,20251229,1
7051553 SF/WF,20251230,1
7051601 HA,20251224,1
7051601 SA,20250726,1
7051601 SA,20250802,1
7051601 SA,20250809,1
7051601 SA,20250816,1
7051601 SA,20250823,1
7051601 SA,20250830,1
7051601 SA,20250906,1
7051601 SA,20250913,1
7051601 SA,20250920,1
7051601 SA,20250927,1
7051601 SA,20251004,1
7051601 SA,20251011,1
7051601 SA,20251018,1
7051601 SA,20251025,1
7051601 SA,20251108,1
7051601 SA,20251115,1
7051601 SA,20251122,1
7051601 SA,20251129,1
7051601 SA,20251206,1
7051601 SA,20251213,1
7051601 SA,20251220,1
7051601 SA,20251227,1
7051601 SIL,20251231,1
7051602 HA,20251224,1
7051602 SA,20250726,1
7051602 SA,20250802,1
7051602 SA,20250809,1
7051602 SA,20250816,1
7051602 SA,20250823,1
7051602 SA,20250830,1
7051602 SA,20250906,1
7051602 SA,20250913,1
7051602 SA,20250920,1
7051602 SA,20250927,1
7051602 SA,20251004,1
7051602 SA,20251011,1
7051602 SA,20251018,1
7051602 SA,20251025,1
7051602 SA,20251108,1
7051602 SA,20251115,1
7051602 SA,20251122,1
7051602 SA,20251129,1
7051602 SA,20251206,1
7051602 SA,20251213,1
7051602 SA,20251220,1
7051602 SA,20251227,1
7051602 SIL,20251231,1
7051701 SO,20250803,1
7051701 SO,20250810,1
7051701 SO,20250815,1
7051701 SO,20250817,1
7051701 SO,20250824,1
7051701 SO,20250831,1
7051701 SO,20250907,1
7051701 SO,20250914,1
7051701 SO,20250921,1
7051701 SO,20250928,1
7051701 SO,20251003,1
7051701 SO,20251005,1
7051701 SO,20251012,1
7051701 SO,20251019,1
7051701 SO,20251026,1
7051701 SO,20251101,1
7051701 SO,20251102,1
7051701 SO,20251109,1
7051701 SO,20251116,1
7051701 SO,20251123,1
7051701 SO,20251130,1
7051701 SO,20251207,1
7051701 SO,20251214,1
7051701 SO,20251221,1
7051701 SO,20251225,1
7051701 SO,20251226,1
7051701 SO,20251228,1
7051701 SO bis 27.07.25,20250727,1
7055004,20250725,1
7055004,20250728,1
7055004,20250729,1
7055004,20250730,1
7055004,20250731,1
7055004,20250916,1
7055004,20250917,1
7055004,20250918,1
7055004,20250919,1
7055004,20250922,1
7055004,20250923,1
7055004,20250924,1
7055004,20250925,1
7055004,20250926,1
7055004,20250929,1
7055004,20250930,1
7055004,20251001,1
7055004,20251002,1
7055004,20251006,1
7055004,20251007,1
7055004,20251008,1
7055004,20251009,1
7055004,20251010,1
7055004,20251013,1
7055004,20251014,1
7055004,20251015,1
7055004,20251016,1
7055004,20251017,1
7055004,20251020,1
7055004,20251021,1
7055004,20251022,1
7055004,20251023,1
7055004,20251024,1
7055004,20251027,1
7055004,20251028,1
7055004,20251029,1
7055004,20251030,1
7055004,20251031,1
7055004,20251103,1
7055004,20251104,1
7055004,20251105,1
7055004,20251106,1
7055004,20251107,1
7055004,20251110,1
7055004,20251111,1
7055004,20251112,1
7055004,20251113,1
7055004,20251114,1
7055004,20251117,1
7055004,20251118,1
7055004,20251119,1
7055004,20251120,1
7055004,20251121,1
7055004,20251124,1
7055004,20251125,1
7055004,20251126,1
7055004,20251127,1
7055004,20251128,1
7055004,20251201,1
7055004,20251202,1
7055004,20251203,1
7055004,20251204,1
7055004,20251205,1
7055004,20251208,1
7055004,20251209,1
7055004,20251210,1
7055004,20251211,1
7055004,20251212,1
7055004,20251215,1
7055004,20251216,1
7055004,20251217,1
7055004,20251218,1
7055004,20251219,1
7055005,20250916,1
7055005,20250917,1
7055005,20250918,1
7055005,20250919,1
7055005,20250922,1
7055005,20250923,1
7055005,20250924,1
7055005,20250925,1
7055005,20250926,1
7055005,20250929,1
7055005,20250930,1
7055005,20251001,1
7055005,20251002,1
7055005,20251006,1
7055005,20251007,1
7055005,20251008,1
7055005,20251009,1
7055005,20251010,1
7055005,20251013,1
7055005,20251014,1
7055005,20251015,1
7055005,20251016,1
7055005,20251017,1
7055005,20251020,1
7055005,20251021,1
7055005,20251022,1
7055005,20251023,1
7055005,20251024,1
7055005,20251027,1
7055005,20251028,1
7055005,20251029,1
7055005,20251030,1
7055005,20251031,1
7055005,20251103,1
7055005,20251104,1
7055005,20251105,1
7055005,20251106,1
7055005,20251107,1
7055005,20251110,1
7055005,20251111,1
7055005,20251112,1
7055005,20251113,1
7055005,20251114,1
7055005,20251117,1
7055005,20251118,1
7055005,20251119,1
7055005,20251120,1
7055005,20251121,1
7055005,20251124,1
7055005,20251125,1
7055005,20251126,1
7055005,20251127,1
7055005,20251128,1
7055005,20251201,1
7055005,20251202,1
7055005,20251203,1
7055005,20251204,1
7055005,20251205,1
7055005,20251208,1
7055005,20251209,1
7055005,20251210,1
7055005,20251211,1
7055005,20251212,1
7055005,20251215,1
7055005,20251216,1
7055005,20251217,1
7055005,20251218,1
7055005,20251219,1
7055005,20251222,1
7055005,20251223,1
7055005,20251229,1
7055005,20251230,1
7055005 bis 15.09.25,20250725,1
7055005 bis 15.09.25,20250728,1
7055005 bis 15.09.25,20250729,1
7055005 bis 15.09.25,20250730,1
7055005 bis 15.09.25,20250731,1
7055005 bis 15.09.25,20250801,1
7055005 bis 15.09.25,20250804,1
7055005 bis 15.09.25,20250805,1
7055005 bis 15.09.25,20250806,1
7055005 bis 15.09.25,20250807,1
7055005 bis 15.09.25,20250808,1
7055005 bis 15.09.25,20250811,1
7055005 bis 15.09.25,20250812,1
7055005 bis 15.09.25,20250813,1
7055005 bis 15.09.25,20250814,1
7055005 bis 15.09.25,20250818,1
7055005 bis 15.09.25,20250819,1
7055005 bis 15.09.25,20250820,1
7055005 bis 15.09.25,20250821,1
7055005 bis 15.09.25,20250822,1
7055005 bis 15.09.25,20250825,1
7055005 bis 15.09.25,20250826,1
7055005 bis 15.09.25,20250827,1
7055005 bis 15.09.25,20250828,1
7055005 bis 15.09.25,20250829,1
7055005 bis 15.09.25,20250901,1
7055005 bis 15.09.25,20250902,1
7055005 bis 15.09.25,20250903,1
7055005 bis 15.09.25,20250904,1
7055005 bis 15.09.25,20250905,1
7055005 bis 15.09.25,20250908,1
7055005 bis 15.09.25,20250909,1
7055005 bis 15.09.25,20250910,1
7055005 bis 15.09.25,20250911,1
7055005 bis 15.09.25,20250912,1
7055005 bis 15.09.25,20250915,1
7055006,20250929,1
7055006,20250930,1
7055006,20251001,1
7055006,20251002,1
7055006,20251006,1
7055006,20251007,1
7055006,20251008,1
7055006,20251009,1
7055006,20251010,1
7055006,20251013,1
7055006,20251014,1
7055006,20251015,1
7055006,20251016,1
7055006,20251017,1
7055006,20251020,1
7055006,20251021,1
7055006,20251022,1
7055006,20251023,1
7055006,20251024,1
7055006,20251027,1
7055006,20251028,1
7055006,20251029,1
7055006,20251030,1
7055006,20251031,1
7055006,20251110,1
7055006,20251111,1
7055006,20251112,1
7055006,20251113,1
7055006,20251114,1
7055006,20251117,1
7055006,20251118,1
7055006,20251120,1
7055006,20251121,1
7055006,20251124,1
7055006,20251125,1
7055006,20251126,1
7055006,20251127,1
7055006,20251128,1
7055006,20251201,1
7055006,20251202,1
7055006,20251203,1
7055006,20251204,1
7055006,20251205,1
7055006,20251208,1
7055006,20251209,1
7055006,20251210,1
7055006,20251211,1
7055006,20251212,1
7055006,20251215,1
7055006,20251216,1
7055006,20251217,1
7055006,20251218,1
7055006,20251219,1
7055006 bis 31.07.25[2025-7-25],20250725,1
7055006 bis 31.07.25[2025-7-25],20250728,1
7055006 bis 31.07.25[2025-7-25],20250729,1
7055006 bis 31.07.25[2025-7-25],20250730,1
7055006 bis 31.07.25[2025-7-25],20250731,1
7055006[2025-9-16],20250916,1
7055006[2025-9-16],20250917,1
7055006[2025-9-16],20250918,1
7055006[2025-9-16],20250919,1
7055006[2025-9-16],20250922,1
7055006[2025-9-16],20250923,1
7055006[2025-9-16],20250924,1
7055006[2025-9-16],20250925,1
7055006[2025-9-16],20250926,1
7055506 Ferien,20251103,1
7055506 Ferien,20251104,1
7055506 Ferien,20251105,1
7055506 Ferien,20251106,1
7055506 Ferien,20251107,1
7055506 Ferien,20251119,1
7055554 SF/WF,20250801,1
7055554 SF/WF,20250804,1
7055554 SF/WF,20250805,1
7055554 SF/WF,20250806,1
7055554 SF/WF,20250807,1
7055554 SF/WF,20250808,1
7055554 SF/WF,20250811,1
7055554 SF/WF,20250812,1
7055554 SF/WF,20250813,1
7055554 SF/WF,20250814,1
7055554 SF/WF,20250818,1
7055554 SF/WF,20250819,1
7055554 SF/WF,20250820,1
7055554 SF/WF,20250821,1
7055554 SF/WF,20250822,1
7055554 SF/WF,20250825,1
7055554 SF/WF,20250826,1
7055554 SF/WF,20250827,1
7055554 SF/WF,20250828,1
7055554 SF/WF,20250829,1
7055554 SF/WF,20250901,1
7055554 SF/WF,20250902,1
7055554 SF/WF,20250903,1
7055554 SF/WF,20250904,1
7055554 SF/WF,20250905,1
7055554 SF/WF,20250908,1
7055554 SF/WF,20250909,1
7055554 SF/WF,20250910,1
7055554 SF/WF,20250911,1
7055554 SF/WF,20250912,1
7055554 SF/WF,20250915,1
7055554 SF/WF,20251222,1
7055554 SF/WF,20251223,1
7055554 SF/WF,20251229,1
7055554 SF/WF,20251230,1
7055556 SF/WF,20251222,1
7055556 SF/WF,20251223,1
7055556 SF/WF,20251229,1
7055556 SF/WF,20251230,1
7055556 SF/WF bis 15.09.25,20250801,1
7055556 SF/WF bis 15.09.25,20250804,1
7055556 SF/WF bis 15.09.25,20250805,1
7055556 SF/WF bis 15.09.25,20250806,1
7055556 SF/WF bis 15.09.25,20250807,1
7055556 SF/WF bis 15.09.25,20250808,1
7055556 SF/WF bis 15.09.25,20250811,1
7055556 SF/WF bis 15.09.25,20250812,1
7055556 SF/WF bis 15.09.25,20250813,1
7055556 SF/WF bis 15.09.25,20250814,1
7055556 SF/WF bis 15.09.25,20250818,1
7055556 SF/WF bis 15.09.25,20250819,1
7055556 SF/WF bis 15.09.25,20250820,1
7055556 SF/WF bis 15.09.25,20250821,1
7055556 SF/WF bis 15.09.25,20250822,1
7055556 SF/WF bis 15.09.25,20250825,1
7055556 SF/WF bis 15.09.25,20250826,1
7055556 SF/WF bis 15.09.25,20250827,1
7055556 SF/WF bis 15.09.25,20250828,1
7055556 SF/WF bis 15.09.25,20250829,1
7055556 SF/WF bis 15.09.25,20250901,1
7055556 SF/WF bis 15.09.25,20250902,1
7055556 SF/WF bis 15.09.25,20250903,1
7055556 SF/WF bis 15.09.25,20250904,1
7055556 SF/WF bis 15.09.25,20250905,1
7055556 SF/WF bis 15.09.25,20250908,1
7055556 SF/WF bis 15.09.25,20250909,1
7055556 SF/WF bis 15.09.25,20250910,1
7055556 SF/WF bis 15.09.25,20250911,1
7055556 SF/WF bis 15.09.25,20250912,1
7055556 SF/WF bis 15.09.25,20250915,1
7055604 HA,20251224,1
7055604 SA,20250920,1
7055604 SA,20250927,1
7055604 SA,20251004,1
7055604 SA,20251011,1
7055604 SA,20251018,1
7055604 SA,20251025,1
7055604 SA,20251108,1
7055604 SA,20251115,1
7055604 SA,20251122,1
7055604 SA,20251129,1
7055604 SA,20251206,1
7055604 SA,20251213,1
7055604 SA,20251220,1
7055604 SA,20251227,1
7055604 SA bis 13.09.25,20250802,1
7055604 SA bis 13.09.25,20250809,1
7055604 SA bis 13.09.25,20250816,1
7055604 SA bis 13.09.25,20250823,1
7055604 SA bis 13.09.25,20250830,1
7055604 SA bis 13.09.25,20250906,1
7055604 SA bis 13.09.25,20250913,1
7055604 SA bis 26.07.25,20250726,1
7055604 SIL,20251231,1
7055605 HA,20251224,1
7055605 SA,20250920,1
7055605 SA,20250927,1
7055605 SA,20251004,1
7055605 SA,20251011,1
7055605 SA,20251018,1
7055605 SA,20251025,1
7055605 SA,20251108,1
7055605 SA,20251115,1
7055605 SA,20251122,1
7055605 SA,20251129,1
7055605 SA,20251206,1
7055605 SA,20251213,1
7055605 SA,20251220,1
7055605 SA,20251227,1
7055605 SA bis 13.09.25,20250726,1
7055605 SA bis 13.09.25,20250802,1
7055605 SA bis 13.09.25,20250809,1
7055605 SA bis 13.09.25,20250816,1
7055605 SA bis 13.09.25,20250823,1
7055605 SA bis 13.09.25,20250830,1
7055605 SA bis 13.09.25,20250906,1
7055605 SA bis 13.09.25,20250913,1
7055605 SIL,20251231,1
7055702 SO,20250727,1
7055702 SO,20250803,1
7055702 SO,20250810,1
7055702 SO,20250815,1
7055702 SO,20250817,1
7055702 SO,20250824,1
7055702 SO,20250831,1
7055702 SO,20250907,1
7055702 SO,20250914,1
7055702 SO,20250921,1
7055702 SO,20250928,1
7055702 SO,20251003,1
7055702 SO,20251005,1
7055702 SO,20251012,1
7055702 SO,20251019,1
7055702 SO,20251026,1
7055702 SO,20251101,1
7055702 SO,20251102,1
7055702 SO,20251109,1
7055702 SO,20251116,1
7055702 SO,20251123,1
7055702 SO,20251130,1
7055702 SO,20251207,1
7055702 SO,20251214,1
7055702 SO,20251221,1
7055702 SO,20251225,1
7055702 SO,20251226,1
7055702 SO,20251228,1
7057007,20250916,1
7057007,20250917,1
7057007,20250918,1
7057007,20250919,1
7057007,20250922,1
7057007,20250923,1
7057007,20250924,1
7057007,20250925,1
7057007,20250926,1
7057007,20250929,1
7057007,20250930,1
7057007,20251001,1
7057007,20251002,1
7057007,20251006,1
7057007,20251007,1
7057007,20251008,1
7057007,20251009,1
7057007,20251010,1
7057007,20251013,1
7057007,20251014,1
7057007,20251015,1
7057007,20251016,1
7057007,20251017,1
7057007,20251020,1
7057007,20251021,1
7057007,20251022,1
7057007,20251023,1
7057007,20251024,1
7057007,20251027,1
7057007,20251028,1
7057007,20251029,1
7057007,20251030,1
7057007,20251031,1
7057007,20251110,1
7057007,20251111,1
7057007,20251112,1
7057007,20251113,1
7057007,20251114,1
7057007,20251117,1
7057007,20251118,1
7057007,20251120,1
7057007,20251121,1
7057007,20251124,1
7057007,20251125,1
7057007,20251126,1
7057007,20251127,1
7057007,20251128,1
7057007,20251201,1
7057007,20251202,1
7057007,20251203,1
7057007,20251204,1
7057007,20251205,1
7057007,20251208,1
7057007,20251209,1
7057007,20251210,1
7057007,20251211,1
7057007,20251212,1
7057007,20251215,1
7057007,20251216,1
7057007,20251217,1
7057007,20251218,1
7057007,20251219,1
7057007 bis 31.07.25,20250725,1
7057007 bis 31.07.25,20250728,1
7057007 bis 31.07.25,20250729,1
7057007 bis 31.07.25,20250730,1
7057007 bis 31.07.25,20250731,1
7057008 bis 30.07.25[2025-7-25],20250725,1
7057008 bis 30.07.25[2025-7-25],20250728,1
7057008 bis 30.07.25[2025-7-25],20250729,1
7057008 bis 30.07.25[2025-7-25],20250730,1
7057008[2025-9-16],20250916,1
7057008[2025-9-16],20250917,1
7057008[2025-9-16],20250919,1
7057008[2025-9-16],20250922,1
7057008[2025-9-16],20250923,1
7057008[2025-9-16],20250924,1
7057008[2025-9-16],20250926,1
7057008[2025-9-16],20250929,1
7057008[2025-9-16],20250930,1
7057008[2025-9-16],20251001,1
7057008[2025-9-16],20251002,1
7057008[2025-9-16],20251006,1
7057008[2025-9-16],20251007,1
7057008[2025-9-16],20251008,1
7057008[2025-9-16],20251010,1
7057008[2025-9-16],20251013,1
7057008[2025-9-16],20251014,1
7057008[2025-9-16],20251015,1
7057008[2025-9-16],20251017,1
7057008[2025-9-16],20251020,1
7057008[2025-9-16],20251021,1
7057008[2025-9-16],20251022,1
7057008[2025-9-16],20251024,1
7057008[2025-9-16],20251027,1
7057008[2025-9-16],20251028,1
7057008[2025-9-16],20251029,1
7057008[2025-9-16],20251031,1
7057008[2025-9-16],20251103,1
7057008[2025-9-16],20251104,1
7057008[2025-9-16],20251105,1
7057008[2025-9-16],20251107,1
7057008[2025-9-16],20251110,1
7057008[2025-9-16],20251111,1
7057008[2025-9-16],20251112,1
7057008[2025-9-16],20251114,1
7057008[2025-9-16],20251117,1
7057008[2025-9-16],20251118,1
7057008[2025-9-16],20251119,1
7057008[2025-9-16],20251121,1
7057008[2025-9-16],20251124,1
7057008[2025-9-16],20251125,1
7057008[2025-9-16],20251126,1
7057008[2025-9-16],20251128,1
7057008[2025-9-16],20251201,1
7057008[2025-9-16],20251202,1
7057008[2025-9-16],20251203,1
7057008[2025-9-16],20251205,1
7057008[2025-9-16],20251208,1
7057008[2025-9-16],20251209,1
7057008[2025-9-16],20251210,1
7057008[2025-9-16],20251212,1
7057008[2025-9-16],20251215,1
7057008[2025-9-16],20251216,1
7057008[2025-9-16],20251217,1
7057008[2025-9-16],20251219,1
7057009,20250916,1
7057009,20250917,1
7057009,20250918,1
7057009,20250919,1
7057009,20250922,1
7057009,20250923,1
7057009,20250924,1
7057009,20250925,1
7057009,20250926,1
7057009,20250929,1
7057009,20250930,1
7057009,20251001,1
7057009,20251002,1
7057009,20251006,1
7057009,20251007,1
7057009,20251008,1
7057009,20251009,1
7057009,20251010,1
7057009,20251013,1
7057009,20251014,1
7057009,20251015,1
7057009,20251016,1
7057009,20251017,1
7057009,20251020,1
7057009,20251021,1
7057009,20251022,1
7057009,20251023,1
7057009,20251024,1
7057009,20251027,1
7057009,20251028,1
7057009,20251029,1
7057009,20251030,1
7057009,20251031,1
7057009,20251110,1
7057009,20251111,1
7057009,20251112,1
7057009,20251113,1
7057009,20251114,1
7057009,20251117,1
7057009,20251118,1
7057009,20251120,1
7057009,20251121,1
7057009,20251124,1
7057009,20251125,1
7057009,20251126,1
7057009,20251127,1
7057009,20251128,1
7057009,20251201,1
7057009,20251202,1
7057009,20251203,1
7057009,20251204,1
7057009,20251205,1
7057009,20251208,1
7057009,20251209,1
7057009,20251210,1
7057009,20251211,1
7057009,20251212,1
7057009,20251215,1
7057009,20251216,1
7057009,20251217,1
7057009,20251218,1
7057009,20251219,1
7057009 bis 31.07.25,20250725,1
7057009 bis 31.07.25,20250728,1
7057009 bis 31.07.25,20250729,1
7057009 bis 31.07.25,20250730,1
7057009 bis 31.07.25,20250731,1
7057048 DO bis 31.07.25[2025-7-24],20250731,1
7057048 DO[2025-9-18],20250918,1
7057048 DO[2025-9-18],20250925,1
7057048 DO[2025-9-18],20251009,1
7057048 DO[2025-9-18],20251016,1
7057048 DO[2025-9-18],20251023,1
7057048 DO[2025-9-18],20251030,1
7057048 DO[2025-9-18],20251106,1
7057048 DO[2025-9-18],20251113,1
7057048 DO[2025-9-18],20251120,1
7057048 DO[2025-9-18],20251127,1
7057048 DO[2025-9-18],20251204,1
7057048 DO[2025-9-18],20251211,1
7057048 DO[2025-9-18],20251218,1
7057507 Ferien,20251103,1
7057507 Ferien,20251104,1
7057507 Ferien,20251105,1
7057507 Ferien,20251106,1
7057507 Ferien,20251107,1
7057507 Ferien,20251119,1
7057509 Ferien,20251103,1
7057509 Ferien,20251104,1
7057509 Ferien,20251105,1
7057509 Ferien,20251106,1
7057509 Ferien,20251107,1
7057509 Ferien,20251119,1
7057548 DO SF/WF bis 11.09.25[2025-8-7],20250807,1
7057548 DO SF/WF bis 11.09.25[2025-8-7],20250821,1
7057548 DO SF/WF bis 11.09.25[2025-8-7],20250828,1
7057548 DO SF/WF bis 11.09.25[2025-8-7],20250904,1
7057548 DO SF/WF bis 11.09.25[2025-8-7],20250911,1
7057557 SF/WF,20251222,1
7057557 SF/WF,20251223,1
7057557 SF/WF,20251229,1
7057557 SF/WF,20251230,1
7057557 SF/WF bis 15.09.25,20250801,1
7057557 SF/WF bis 15.09.25,20250804,1
7057557 SF/WF bis 15.09.25,20250805,1
7057557 SF/WF bis 15.09.25,20250806,1
7057557 SF/WF bis 15.09.25,20250807,1
7057557 SF/WF bis 15.09.25,20250808,1
7057557 SF/WF bis 15.09.25,20250811,1
7057557 SF/WF bis 15.09.25,20250812,1
7057557 SF/WF bis 15.09.25,20250813,1
7057557 SF/WF bis 15.09.25,20250814,1
7057557 SF/WF bis 15.09.25,20250818,1
7057557 SF/WF bis 15.09.25,20250819,1
7057557 SF/WF bis 15.09.25,20250820,1
7057557 SF/WF bis 15.09.25,20250821,1
7057557 SF/WF bis 15.09.25,20250822,1
7057557 SF/WF bis 15.09.25,20250825,1
7057557 SF/WF bis 15.09.25,20250826,1
7057557 SF/WF bis 15.09.25,20250827,1
7057557 SF/WF bis 15.09.25,20250828,1
7057557 SF/WF bis 15.09.25,20250829,1
7057557 SF/WF bis 15.09.25,20250901,1
7057557 SF/WF bis 15.09.25,20250902,1
7057557 SF/WF bis 15.09.25,20250903,1
7057557 SF/WF bis 15.09.25,20250904,1
7057557 SF/WF bis 15.09.25,20250905,1
7057557 SF/WF bis 15.09.25,20250908,1
7057557 SF/WF bis 15.09.25,20250909,1
7057557 SF/WF bis 15.09.25,20250910,1
7057557 SF/WF bis 15.09.25,20250911,1
7057557 SF/WF bis 15.09.25,20250912,1
7057557 SF/WF bis 15.09.25,20250915,1
7057558 SF/WF,20251222,1
7057558 SF/WF,20251223,1
7057558 SF/WF,20251229,1
7057558 SF/WF,20251230,1
7057558 SF/WF bis 15.09.25[2025-8-1],20250801,1
7057558 SF/WF bis 15.09.25[2025-8-1],20250804,1
7057558 SF/WF bis 15.09.25[2025-8-1],20250805,1
7057558 SF/WF bis 15.09.25[2025-8-1],20250806,1
7057558 SF/WF bis 15.09.25[2025-8-1],20250808,1
7057558 SF/WF bis 15.09.25[2025-8-1],20250811,1
7057558 SF/WF bis 15.09.25[2025-8-1],20250812,1
7057558 SF/WF bis 15.09.25[2025-8-1],20250813,1
7057558 SF/WF bis 15.09.25[2025-8-1],20250814,1
7057558 SF/WF bis 15.09.25[2025-8-1],20250818,1
7057558 SF/WF bis 15.09.25[2025-8-1],20250819,1
7057558 SF/WF bis 15.09.25[2025-8-1],20250820,1
7057558 SF/WF bis 15.09.25[2025-8-1],20250822,1
7057558 SF/WF bis 15.09.25[2025-8-1],20250825,1
7057558 SF/WF bis 15.09.25[2025-8-1],20250826,1
7057558 SF/WF bis 15.09.25[2025-8-1],20250827,1
7057558 SF/WF bis 15.09.25[2025-8-1],20250829,1
7057558 SF/WF bis 15.09.25[2025-8-1],20250901,1
7057558 SF/WF bis 15.09.25[2025-8-1],20250902,1
7057558 SF/WF bis 15.09.25[2025-8-1],20250903,1
7057558 SF/WF bis 15.09.25[2025-8-1],20250905,1
7057558 SF/WF bis 15.09.25[2025-8-1],20250908,1
7057558 SF/WF bis 15.09.25[2025-8-1],20250909,1
7057558 SF/WF bis 15.09.25[2025-8-1],20250910,1
7057558 SF/WF bis 15.09.25[2025-8-1],20250912,1
7057558 SF/WF bis 15.09.25[2025-8-1],20250915,1
7057559 SF/WF,20251222,1
7057559 SF/WF,20251223,1
7057559 SF/WF,20251229,1
7057559 SF/WF,20251230,1
7057559 SF/WF bis 15.09.25,20250801,1
7057559 SF/WF bis 15.09.25,20250804,1
7057559 SF/WF bis 15.09.25,20250805,1
7057559 SF/WF bis 15.09.25,20250806,1
7057559 SF/WF bis 15.09.25,20250807,1
7057559 SF/WF bis 15.09.25,20250808,1
7057559 SF/WF bis 15.09.25,20250811,1
7057559 SF/WF bis 15.09.25,20250812,1
7057559 SF/WF bis 15.09.25,20250813,1
7057559 SF/WF bis 15.09.25,20250814,1
7057559 SF/WF bis 15.09.25,20250818,1
7057559 SF/WF bis 15.09.25,20250819,1
7057559 SF/WF bis 15.09.25,20250820,1
7057559 SF/WF bis 15.09.25,20250821,1
7057559 SF/WF bis 15.09.25,20250822,1
7057559 SF/WF bis 15.09.25,20250825,1
7057559 SF/WF bis 15.09.25,20250826,1
7057559 SF/WF bis 15.09.25,20250827,1
7057559 SF/WF bis 15.09.25,20250828,1
7057559 SF/WF bis 15.09.25,20250829,1
7057559 SF/WF bis 15.09.25,20250901,1
7057559 SF/WF bis 15.09.25,20250902,1
7057559 SF/WF bis 15.09.25,20250903,1
7057559 SF/WF bis 15.09.25,20250904,1
7057559 SF/WF bis 15.09.25,20250905,1
7057559 SF/WF bis 15.09.25,20250908,1
7057559 SF/WF bis 15.09.25,20250909,1
7057559 SF/WF bis 15.09.25,20250910,1
7057559 SF/WF bis 15.09.25,20250911,1
7057559 SF/WF bis 15.09.25,20250912,1
7057559 SF/WF bis 15.09.25,20250915,1
7057605 HA,20251224,1
7057605 SA,20250927,1
7057605 SA,20251004,1
7057605 SA,20251011,1
7057605 SA,20251018,1
7057605 SA,20251025,1
7057605 SA,20251108,1
7057605 SA,20251115,1
7057605 SA,20251122,1
7057605 SA,20251129,1
7057605 SA,20251206,1
7057605 SA,20251213,1
7057605 SA,20251220,1
7057605 SA,20251227,1
7057605 SA bis 13.09.25[2025-8-2],20250802,1
7057605 SA bis 13.09.25[2025-8-2],20250809,1
7057605 SA bis 13.09.25[2025-8-2],20250816,1
7057605 SA bis 13.09.25[2025-8-2],20250823,1
7057605 SA bis 13.09.25[2025-8-2],20250830,1
7057605 SA bis 13.09.25[2025-8-2],20250906,1
7057605 SA bis 13.09.25[2025-8-2],20250913,1
7057605 SA bis 26.07.25[2025-7-26],20250726,1
7057605 SA[2025-9-20],20250920,1
7057605 SIL,20251231,1
7057606 HA,20251224,1
7057606 SA,20250927,1
7057606 SA,20251004,1
7057606 SA,20251011,1
7057606 SA,20251018,1
7057606 SA,20251025,1
7057606 SA,20251108,1
7057606 SA,20251115,1
7057606 SA,20251122,1
7057606 SA,20251129,1
7057606 SA,20251206,1
7057606 SA,20251213,1
7057606 SA,20251220,1
7057606 SA,20251227,1
7057606 SA[2025-7-26],20250726,1
7057606 SA[2025-7-26],20250802,1
7057606 SA[2025-7-26],20250809,1
7057606 SA[2025-7-26],20250816,1
7057606 SA[2025-7-26],20250823,1
7057606 SA[2025-7-26],20250830,1
7057606 SA[2025-7-26],20250906,1
7057606 SA[2025-7-26],20250913,1
7057606 SA[2025-7-26],20250920,1
7057606 SIL,20251231,1
7057703 SO,20250803,1
7057703 SO,20250810,1
7057703 SO,20250815,1
7057703 SO,20250817,1
7057703 SO,20250824,1
7057703 SO,20250831,1
7057703 SO,20250907,1
7057703 SO,20250914,1
7057703 SO,20250921,1
7057703 SO,20250928,1
7057703 SO,20251003,1
7057703 SO,20251005,1
7057703 SO,20251012,1
7057703 SO,20251019,1
7057703 SO,20251026,1
7057703 SO,20251101,1
7057703 SO,20251102,1
7057703 SO,20251109,1
7057703 SO,20251116,1
7057703 SO,20251123,1
7057703 SO,20251130,1
7057703 SO,20251207,1
7057703 SO,20251214,1
7057703 SO,20251221,1
7057703 SO,20251225,1
7057703 SO,20251226,1
7057703 SO,20251228,1
7057703 SO bis 27.07.25,20250727,1
706 HA,20251224,1
706 SA,20250920,1
706 SA,20250927,1
706 SA,20251004,1
706 SA,20251011,1
706 SA,20251018,1
706 SA,20251025,1
706 SA,20251108,1
706 SA,20251115,1
706 SA,20251122,1
706 SA,20251129,1
706 SA,20251206,1
706 SA,20251213,1
706 SA,20251220,1
706 SA,20251227,1
706 SA bis 13.09.25,20250726,1
706 SA bis 13.09.25,20250802,1
706 SA bis 13.09.25,20250809,1
706 SA bis 13.09.25,20250816,1
706 SA bis 13.09.25,20250823,1
706 SA bis 13.09.25,20250830,1
706 SA bis 13.09.25,20250906,1
706 SA bis 13.09.25,20250913,1
706 SIL,20251231,1
706 SO,20250921,1
706 SO,20250928,1
706 SO,20251003,1
706 SO,20251005,1
706 SO,20251012,1
706 SO,20251019,1
706 SO,20251026,1
706 SO,20251101,1
706 SO,20251102,1
706 SO,20251109,1
706 SO,20251116,1
706 SO,20251123,1
706 SO,20251130,1
706 SO,20251207,1
706 SO,20251214,1
706 SO,20251221,1
706 SO,20251225,1
706 SO,20251226,1
706 SO,20251228,1
706 SO bis 14.09.25,20250727,1
706 SO bis 14.09.25,20250803,1
706 SO bis 14.09.25,20250810,1
706 SO bis 14.09.25,20250815,1
706 SO bis 14.09.25,20250817,1
706 SO bis 14.09.25,20250824,1
706 SO bis 14.09.25,20250831,1
706 SO bis 14.09.25,20250907,1
706 SO bis 14.09.25,20250914,1
7062001,20250916,1
7062001,20250917,1
7062001,20250918,1
7062001,20250919,1
7062001,20250922,1
7062001,20250923,1
7062001,20250924,1
7062001,20250925,1
7062001,20250926,1
7062001,20250929,1
7062001,20250930,1
7062001,20251001,1
7062001,20251002,1
7062001,20251006,1
7062001,20251007,1
7062001,20251008,1
7062001,20251009,1
7062001,20251010,1
7062001,20251013,1
7062001,20251014,1
7062001,20251015,1
7062001,20251016,1
7062001,20251017,1
7062001,20251020,1
7062001,20251021,1
7062001,20251022,1
7062001,20251023,1
7062001,20251024,1
7062001,20251027,1
7062001,20251028,1
7062001,20251029,1
7062001,20251030,1
7062001,20251031,1
7062001,20251110,1
7062001,20251111,1
7062001,20251112,1
7062001,20251113,1
7062001,20251114,1
7062001,20251117,1
7062001,20251118,1
7062001,20251120,1
7062001,20251121,1
7062001,20251124,1
7062001,20251125,1
7062001,20251126,1
7062001,20251127,1
7062001,20251128,1
7062001,20251201,1
7062001,20251202,1
7062001,20251203,1
7062001,20251204,1
7062001,20251205,1
7062001,20251208,1
7062001,20251209,1
7062001,20251210,1
7062001,20251211,1
7062001,20251212,1
7062001,20251215,1
7062001,20251216,1
7062001,20251217,1
7062001,20251218,1
7062001,20251219,1
7062001 bis 31.07.25,20250725,1
7062001 bis 31.07.25,20250728,1
7062001 bis 31.07.25,20250729,1
7062001 bis 31.07.25,20250730,1
7062001 bis 31.07.25,20250731,1
7062002,20250725,1
7062002,20250728,1
7062002,20250729,1
7062002,20250730,1
7062002,20250731,1
7062002,20250916,1
7062002,20250917,1
7062002,20250918,1
7062002,20250919,1
7062002,20250922,1
7062002,20250923,1
7062002,20250924,1
7062002,20250925,1
7062002,20250926,1
7062002,20250929,1
7062002,20250930,1
7062002,20251001,1
7062002,20251002,1
7062002,20251006,1
7062002,20251007,1
7062002,20251008,1
7062002,20251009,1
7062002,20251010,1
7062002,20251013,1
7062002,20251014,1
7062002,20251015,1
7062002,20251016,1
7062002,20251017,1
7062002,20251020,1
7062002,20251021,1
7062002,20251022,1
7062002,20251023,1
7062002,20251024,1
7062002,20251027,1
7062002,20251028,1
7062002,20251029,1
7062002,20251030,1
7062002,20251031,1
7062002,20251103,1
7062002,20251104,1
7062002,20251105,1
7062002,20251106,1
7062002,20251107,1
7062002,20251110,1
7062002,20251111,1
7062002,20251112,1
7062002,20251113,1
7062002,20251114,1
7062002,20251117,1
7062002,20251118,1
7062002,20251119,1
7062002,20251120,1
7062002,20251121,1
7062002,20251124,1
7062002,20251125,1
7062002,20251126,1
7062002,20251127,1
7062002,20251128,1
7062002,20251201,1
7062002,20251202,1
7062002,20251203,1
7062002,20251204,1
7062002,20251205,1
7062002,20251208,1
7062002,20251209,1
7062002,20251210,1
7062002,20251211,1
7062002,20251212,1
7062002,20251215,1
7062002,20251216,1
7062002,20251217,1
7062002,20251218,1
7062002,20251219,1
7062003,20250725,1
7062003,20250728,1
7062003,20250729,1
7062003,20250730,1
7062003,20250731,1
7062003,20250916,1
7062003,20250917,1
7062003,20250918,1
7062003,20250919,1
7062003,20250922,1
7062003,20250923,1
7062003,20250924,1
7062003,20250925,1
7062003,20250926,1
7062003,20250929,1
7062003,20250930,1
7062003,20251001,1
7062003,20251002,1
7062003,20251006,1
7062003,20251007,1
7062003,20251008,1
7062003,20251009,1
7062003,20251010,1
7062003,20251013,1
7062003,20251014,1
7062003,20251015,1
7062003,20251016,1
7062003,20251017,1
7062003,20251020,1
7062003,20251021,1
7062003,20251022,1
7062003,20251023,1
7062003,20251024,1
7062003,20251027,1
7062003,20251028,1
7062003,20251029,1
7062003,20251030,1
7062003,20251031,1
7062003,20251110,1
7062003,20251111,1
7062003,20251112,1
7062003,20251113,1
7062003,20251114,1
7062003,20251117,1
7062003,20251118,1
7062003,20251120,1
7062003,20251121,1
7062003,20251124,1
7062003,20251125,1
7062003,20251126,1
7062003,20251127,1
7062003,20251128,1
7062003,20251201,1
7062003,20251202,1
7062003,20251203,1
7062003,20251204,1
7062003,20251205,1
7062003,20251208,1
7062003,20251209,1
7062003,20251210,1
7062003,20251211,1
7062003,20251212,1
7062003,20251215,1
7062003,20251216,1
7062003,20251217,1
7062003,20251218,1
7062003,20251219,1
7062501 Ferien,20251103,1
7062501 Ferien,20251104,1
7062501 Ferien,20251105,1
7062501 Ferien,20251106,1
7062501 Ferien,20251107,1
7062501 Ferien,20251119,1
7062503 Ferien,20251103,1
7062503 Ferien,20251104,1
7062503 Ferien,20251105,1
7062503 Ferien,20251106,1
7062503 Ferien,20251107,1
7062503 Ferien,20251119,1
7062551 SF/WF,20250801,1
7062551 SF/WF,20250804,1
7062551 SF/WF,20250805,1
7062551 SF/WF,20250806,1
7062551 SF/WF,20250807,1
7062551 SF/WF,20250808,1
7062551 SF/WF,20250811,1
7062551 SF/WF,20250812,1
7062551 SF/WF,20250813,1
7062551 SF/WF,20250814,1
7062551 SF/WF,20250818,1
7062551 SF/WF,20250819,1
7062551 SF/WF,20250820,1
7062551 SF/WF,20250821,1
7062551 SF/WF,20250822,1
7062551 SF/WF,20250825,1
7062551 SF/WF,20250826,1
7062551 SF/WF,20250827,1
7062551 SF/WF,20250828,1
7062551 SF/WF,20250829,1
7062551 SF/WF,20250901,1
7062551 SF/WF,20250902,1
7062551 SF/WF,20250903,1
7062551 SF/WF,20250904,1
7062551 SF/WF,20250905,1
7062551 SF/WF,20250908,1
7062551 SF/WF,20250909,1
7062551 SF/WF,20250910,1
7062551 SF/WF,20250911,1
7062551 SF/WF,20250912,1
7062551 SF/WF,20250915,1
7062551 SF/WF,20251222,1
7062551 SF/WF,20251223,1
7062551 SF/WF,20251229,1
7062551 SF/WF,20251230,1
7062552 SF/WF,20250801,1
7062552 SF/WF,20250804,1
7062552 SF/WF,20250805,1
7062552 SF/WF,20250806,1
7062552 SF/WF,20250807,1
7062552 SF/WF,20250808,1
7062552 SF/WF,20250811,1
7062552 SF/WF,20250812,1
7062552 SF/WF,20250813,1
7062552 SF/WF,20250814,1
7062552 SF/WF,20250818,1
7062552 SF/WF,20250819,1
7062552 SF/WF,20250820,1
7062552 SF/WF,20250821,1
7062552 SF/WF,20250822,1
7062552 SF/WF,20250825,1
7062552 SF/WF,20250826,1
7062552 SF/WF,20250827,1
7062552 SF/WF,20250828,1
7062552 SF/WF,20250829,1
7062552 SF/WF,20250901,1
7062552 SF/WF,20250902,1
7062552 SF/WF,20250903,1
7062552 SF/WF,20250904,1
7062552 SF/WF,20250905,1
7062552 SF/WF,20250908,1
7062552 SF/WF,20250909,1
7062552 SF/WF,20250910,1
7062552 SF/WF,20250911,1
7062552 SF/WF,20250912,1
7062552 SF/WF,20250915,1
7062552 SF/WF,20251222,1
7062552 SF/WF,20251223,1
7062552 SF/WF,20251229,1
7062552 SF/WF,20251230,1
7062553 SF/WF,20251222,1
7062553 SF/WF,20251223,1
7062553 SF/WF,20251229,1
7062553 SF/WF,20251230,1
7062553 SF/WF bis 15.09.25,20250801,1
7062553 SF/WF bis 15.09.25,20250804,1
7062553 SF/WF bis 15.09.25,20250805,1
7062553 SF/WF bis 15.09.25,20250806,1
7062553 SF/WF bis 15.09.25,20250807,1
7062553 SF/WF bis 15.09.25,20250808,1
7062553 SF/WF bis 15.09.25,20250811,1
7062553 SF/WF bis 15.09.25,20250812,1
7062553 SF/WF bis 15.09.25,20250813,1
7062553 SF/WF bis 15.09.25,20250814,1
7062553 SF/WF bis 15.09.25,20250818,1
7062553 SF/WF bis 15.09.25,20250819,1
7062553 SF/WF bis 15.09.25,20250820,1
7062553 SF/WF bis 15.09.25,20250821,1
7062553 SF/WF bis 15.09.25,20250822,1
7062553 SF/WF bis 15.09.25,20250825,1
7062553 SF/WF bis 15.09.25,20250826,1
7062553 SF/WF bis 15.09.25,20250827,1
7062553 SF/WF bis 15.09.25,20250828,1
7062553 SF/WF bis 15.09.25,20250829,1
7062553 SF/WF bis 15.09.25,20250901,1
7062553 SF/WF bis 15.09.25,20250902,1
7062553 SF/WF bis 15.09.25,20250903,1
7062553 SF/WF bis 15.09.25,20250904,1
7062553 SF/WF bis 15.09.25,20250905,1
7062553 SF/WF bis 15.09.25,20250908,1
7062553 SF/WF bis 15.09.25,20250909,1
7062553 SF/WF bis 15.09.25,20250910,1
7062553 SF/WF bis 15.09.25,20250911,1
7062553 SF/WF bis 15.09.25,20250912,1
7062553 SF/WF bis 15.09.25,20250915,1
7062601 HA,20251224,1
7062601 SA,20250726,1
7062601 SA,20250802,1
7062601 SA,20250809,1
7062601 SA,20250816,1
7062601 SA,20250823,1
7062601 SA,20250830,1
7062601 SA,20250906,1
7062601 SA,20250913,1
7062601 SA,20250920,1
7062601 SA,20250927,1
7062601 SA,20251004,1
7062601 SA,20251011,1
7062601 SA,20251018,1
7062601 SA,20251025,1
7062601 SA,20251108,1
7062601 SA,20251115,1
7062601 SA,20251122,1
7062601 SA,20251129,1
7062601 SA,20251206,1
7062601 SA,20251213,1
7062601 SA,20251220,1
7062601 SA,20251227,1
7062601 SIL,20251231,1
7062602 HA,20251224,1
7062602 SA,20250726,1
7062602 SA,20250802,1
7062602 SA,20250809,1
7062602 SA,20250816,1
7062602 SA,20250823,1
7062602 SA,20250830,1
7062602 SA,20250906,1
7062602 SA,20250913,1
7062602 SA,20250920,1
7062602 SA,20250927,1
7062602 SA,20251004,1
7062602 SA,20251011,1
7062602 SA,20251018,1
7062602 SA,20251025,1
7062602 SA,20251108,1
7062602 SA,20251115,1
7062602 SA,20251122,1
7062602 SA,20251129,1
7062602 SA,20251206,1
7062602 SA,20251213,1
7062602 SA,20251220,1
7062602 SA,20251227,1
7062602 SIL,20251231,1
7062701 SO,20250727,1
7062701 SO,20250803,1
7062701 SO,20250810,1
7062701 SO,20250815,1
7062701 SO,20250817,1
7062701 SO,20250824,1
7062701 SO,20250831,1
7062701 SO,20250907,1
7062701 SO,20250914,1
7062701 SO,20250921,1
7062701 SO,20250928,1
7062701 SO,20251003,1
7062701 SO,20251005,1
7062701 SO,20251012,1
7062701 SO,20251019,1
7062701 SO,20251026,1
7062701 SO,20251101,1
7062701 SO,20251102,1
7062701 SO,20251109,1
7062701 SO,20251116,1
7062701 SO,20251123,1
7062701 SO,20251130,1
7062701 SO,20251207,1
7062701 SO,20251214,1
7062701 SO,20251221,1
7062701 SO,20251225,1
7062701 SO,20251226,1
7062701 SO,20251228,1
7066004,20250725,1
7066004,20250728,1
7066004,20250729,1
7066004,20250730,1
7066004,20250731,1
7066004,20250801,1
7066004,20250804,1
7066004,20250805,1
7066004,20250806,1
7066004,20250807,1
7066004,20250808,1
7066004,20250811,1
7066004,20250812,1
7066004,20250813,1
7066004,20250814,1
7066004,20250818,1
7066004,20250819,1
7066004,20250820,1
7066004,20250821,1
7066004,20250822,1
7066004,20250825,1
7066004,20250826,1
7066004,20250827,1
7066004,20250828,1
7066004,20250829,1
7066004,20250901,1
7066004,20250902,1
7066004,20250903,1
7066004,20250904,1
7066004,20250905,1
7066004,20250908,1
7066004,20250909,1
7066004,20250910,1
7066004,20250911,1
7066004,20250912,1
7066004,20250915,1
7066004,20250916,1
7066004,20250917,1
7066004,20250918,1
7066004,20250919,1
7066004,20250922,1
7066004,20250923,1
7066004,20250924,1
7066004,20250925,1
7066004,20250926,1
7066004,20250929,1
7066004,20250930,1
7066004,20251001,1
7066004,20251002,1
7066004,20251006,1
7066004,20251007,1
7066004,20251008,1
7066004,20251009,1
7066004,20251010,1
7066004,20251013,1
7066004,20251014,1
7066004,20251015,1
7066004,20251016,1
7066004,20251017,1
7066004,20251020,1
7066004,20251021,1
7066004,20251022,1
7066004,20251023,1
7066004,20251024,1
7066004,20251027,1
7066004,20251028,1
7066004,20251029,1
7066004,20251030,1
7066004,20251031,1
7066004,20251103,1
7066004,20251104,1
7066004,20251105,1
7066004,20251106,1
7066004,20251107,1
7066004,20251110,1
7066004,20251111,1
7066004,20251112,1
7066004,20251113,1
7066004,20251114,1
7066004,20251117,1
7066004,20251118,1
7066004,20251119,1
7066004,20251120,1
7066004,20251121,1
7066004,20251124,1
7066004,20251125,1
7066004,20251126,1
7066004,20251127,1
7066004,20251128,1
7066004,20251201,1
7066004,20251202,1
7066004,20251203,1
7066004,20251204,1
7066004,20251205,1
7066004,20251208,1
7066004,20251209,1
7066004,20251210,1
7066004,20251211,1
7066004,20251212,1
7066004,20251215,1
7066004,20251216,1
7066004,20251217,1
7066004,20251218,1
7066004,20251219,1
7066004,20251222,1
7066004,20251223,1
7066004,20251229,1
7066004,20251230,1
7066005,20251222,1
7066005,20251223,1
7066005,20251229,1
7066005,20251230,1
7066005 bis 15.09.25[2025-8-1],20250801,1
7066005 bis 15.09.25[2025-8-1],20250804,1
7066005 bis 15.09.25[2025-8-1],20250805,1
7066005 bis 15.09.25[2025-8-1],20250806,1
7066005 bis 15.09.25[2025-8-1],20250807,1
7066005 bis 15.09.25[2025-8-1],20250808,1
7066005 bis 15.09.25[2025-8-1],20250811,1
7066005 bis 15.09.25[2025-8-1],20250812,1
7066005 bis 15.09.25[2025-8-1],20250813,1
7066005 bis 15.09.25[2025-8-1],20250814,1
7066005 bis 15.09.25[2025-8-1],20250818,1
7066005 bis 15.09.25[2025-8-1],20250819,1
7066005 bis 15.09.25[2025-8-1],20250820,1
7066005 bis 15.09.25[2025-8-1],20250821,1
7066005 bis 15.09.25[2025-8-1],20250822,1
7066005 bis 15.09.25[2025-8-1],20250825,1
7066005 bis 15.09.25[2025-8-1],20250826,1
7066005 bis 15.09.25[2025-8-1],20250827,1
7066005 bis 15.09.25[2025-8-1],20250828,1
7066005 bis 15.09.25[2025-8-1],20250829,1
7066005 bis 15.09.25[2025-8-1],20250901,1
7066005 bis 15.09.25[2025-8-1],20250902,1
7066005 bis 15.09.25[2025-8-1],20250903,1
7066005 bis 15.09.25[2025-8-1],20250904,1
7066005 bis 15.09.25[2025-8-1],20250905,1
7066005 bis 15.09.25[2025-8-1],20250908,1
7066005 bis 15.09.25[2025-8-1],20250909,1
7066005 bis 15.09.25[2025-8-1],20250910,1
7066005 bis 15.09.25[2025-8-1],20250911,1
7066005 bis 15.09.25[2025-8-1],20250912,1
7066005 bis 15.09.25[2025-8-1],20250915,1
7066005 bis 31.07.25[2025-7-24],20250725,1
7066005 bis 31.07.25[2025-7-24],20250728,1
7066005 bis 31.07.25[2025-7-24],20250729,1
7066005 bis 31.07.25[2025-7-24],20250730,1
7066005 bis 31.07.25[2025-7-24],20250731,1
7066005[2025-9-16],20250916,1
7066005[2025-9-16],20250917,1
7066005[2025-9-16],20250918,1
7066005[2025-9-16],20250919,1
7066005[2025-9-16],20250922,1
7066005[2025-9-16],20250923,1
7066005[2025-9-16],20250924,1
7066005[2025-9-16],20250925,1
7066005[2025-9-16],20250926,1
7066005[2025-9-16],20250929,1
7066005[2025-9-16],20250930,1
7066005[2025-9-16],20251001,1
7066005[2025-9-16],20251002,1
7066005[2025-9-16],20251006,1
7066005[2025-9-16],20251007,1
7066005[2025-9-16],20251008,1
7066005[2025-9-16],20251009,1
7066005[2025-9-16],20251010,1
7066005[2025-9-16],20251013,1
7066005[2025-9-16],20251014,1
7066005[2025-9-16],20251015,1
7066005[2025-9-16],20251016,1
7066005[2025-9-16],20251017,1
7066005[2025-9-16],20251020,1
7066005[2025-9-16],20251021,1
7066005[2025-9-16],20251022,1
7066005[2025-9-16],20251023,1
7066005[2025-9-16],20251024,1
7066005[2025-9-16],20251027,1
7066005[2025-9-16],20251028,1
7066005[2025-9-16],20251029,1
7066005[2025-9-16],20251030,1
7066005[2025-9-16],20251031,1
7066005[2025-9-16],20251103,1
7066005[2025-9-16],20251104,1
7066005[2025-9-16],20251105,1
7066005[2025-9-16],20251106,1
7066005[2025-9-16],20251107,1
7066005[2025-9-16],20251110,1
7066005[2025-9-16],20251111,1
7066005[2025-9-16],20251112,1
7066005[2025-9-16],20251113,1
7066005[2025-9-16],20251114,1
7066005[2025-9-16],20251117,1
7066005[2025-9-16],20251118,1
7066005[2025-9-16],20251119,1
7066005[2025-9-16],20251120,1
7066005[2025-9-16],20251121,1
7066005[2025-9-16],20251124,1
7066005[2025-9-16],20251125,1
7066005[2025-9-16],20251126,1
7066005[2025-9-16],20251127,1
7066005[2025-9-16],20251128,1
7066005[2025-9-16],20251201,1
7066005[2025-9-16],20251202,1
7066005[2025-9-16],20251203,1
7066005[2025-9-16],20251204,1
7066005[2025-9-16],20251205,1
7066005[2025-9-16],20251208,1
7066005[2025-9-16],20251209,1
7066005[2025-9-16],20251210,1
7066005[2025-9-16],20251211,1
7066005[2025-9-16],20251212,1
7066005[2025-9-16],20251215,1
7066005[2025-9-16],20251216,1
7066005[2025-9-16],20251217,1
7066005[2025-9-16],20251218,1
7066005[2025-9-16],20251219,1
7066006,20250916,1
7066006,20250917,1
7066006,20250918,1
7066006,20250919,1
7066006,20250922,1
7066006,20250923,1
7066006,20250924,1
7066006,20250925,1
7066006,20250926,1
7066006,20250929,1
7066006,20250930,1
7066006,20251001,1
7066006,20251002,1
7066006,20251006,1
7066006,20251007,1
7066006,20251008,1
7066006,20251009,1
7066006,20251010,1
7066006,20251013,1
7066006,20251014,1
7066006,20251015,1
7066006,20251016,1
7066006,20251017,1
7066006,20251020,1
7066006,20251021,1
7066006,20251022,1
7066006,20251023,1
7066006,20251024,1
7066006,20251027,1
7066006,20251028,1
7066006,20251029,1
7066006,20251030,1
7066006,20251031,1
7066006,20251103,1
7066006,20251104,1
7066006,20251105,1
7066006,20251106,1
7066006,20251107,1
7066006,20251110,1
7066006,20251111,1
7066006,20251112,1
7066006,20251113,1
7066006,20251114,1
7066006,20251117,1
7066006,20251118,1
7066006,20251119,1
7066006,20251120,1
7066006,20251121,1
7066006,20251124,1
7066006,20251125,1
7066006,20251126,1
7066006,20251127,1
7066006,20251128,1
7066006,20251201,1
7066006,20251202,1
7066006,20251203,1
7066006,20251204,1
7066006,20251205,1
7066006,20251208,1
7066006,20251209,1
7066006,20251210,1
7066006,20251211,1
7066006,20251212,1
7066006,20251215,1
7066006,20251216,1
7066006,20251217,1
7066006,20251218,1
7066006,20251219,1
7066006 bis 31.07.25,20250725,1
7066006 bis 31.07.25,20250728,1
7066006 bis 31.07.25,20250729,1
7066006 bis 31.07.25,20250730,1
7066006 bis 31.07.25,20250731,1
7066556 SF/WF,20251222,1
7066556 SF/WF,20251223,1
7066556 SF/WF,20251229,1
7066556 SF/WF,20251230,1
7066556 SF/WF bis 15.09.25,20250801,1
7066556 SF/WF bis 15.09.25,20250804,1
7066556 SF/WF bis 15.09.25,20250805,1
7066556 SF/WF bis 15.09.25,20250806,1
7066556 SF/WF bis 15.09.25,20250807,1
7066556 SF/WF bis 15.09.25,20250808,1
7066556 SF/WF bis 15.09.25,20250811,1
7066556 SF/WF bis 15.09.25,20250812,1
7066556 SF/WF bis 15.09.25,20250813,1
7066556 SF/WF bis 15.09.25,20250814,1
7066556 SF/WF bis 15.09.25,20250818,1
7066556 SF/WF bis 15.09.25,20250819,1
7066556 SF/WF bis 15.09.25,20250820,1
7066556 SF/WF bis 15.09.25,20250821,1
7066556 SF/WF bis 15.09.25,20250822,1
7066556 SF/WF bis 15.09.25,20250825,1
7066556 SF/WF bis 15.09.25,20250826,1
7066556 SF/WF bis 15.09.25,20250827,1
7066556 SF/WF bis 15.09.25,20250828,1
7066556 SF/WF bis 15.09.25,20250829,1
7066556 SF/WF bis 15.09.25,20250901,1
7066556 SF/WF bis 15.09.25,20250902,1
7066556 SF/WF bis 15.09.25,20250903,1
7066556 SF/WF bis 15.09.25,20250904,1
7066556 SF/WF bis 15.09.25,20250905,1
7066556 SF/WF bis 15.09.25,20250908,1
7066556 SF/WF bis 15.09.25,20250909,1
7066556 SF/WF bis 15.09.25,20250910,1
7066556 SF/WF bis 15.09.25,20250911,1
7066556 SF/WF bis 15.09.25,20250912,1
7066556 SF/WF bis 15.09.25,20250915,1
7066603 HA,20251224,1
7066603 SA,20250920,1
7066603 SA,20250927,1
7066603 SA,20251004,1
7066603 SA,20251011,1
7066603 SA,20251018,1
7066603 SA,20251025,1
7066603 SA,20251108,1
7066603 SA,20251115,1
7066603 SA,20251122,1
7066603 SA,20251129,1
7066603 SA,20251206,1
7066603 SA,20251213,1
7066603 SA,20251220,1
7066603 SA,20251227,1
7066603 SA bis 13.09.25,20250802,1
7066603 SA bis 13.09.25,20250809,1
7066603 SA bis 13.09.25,20250816,1
7066603 SA bis 13.09.25,20250823,1
7066603 SA bis 13.09.25,20250830,1
7066603 SA bis 13.09.25,20250906,1
7066603 SA bis 13.09.25,20250913,1
7066603 SA bis 26.07.25,20250726,1
7066603 SIL,20251231,1
7066604 HA,20251224,1
7066604 SA,20250920,1
7066604 SA,20250927,1
7066604 SA,20251004,1
7066604 SA,20251011,1
7066604 SA,20251018,1
7066604 SA,20251025,1
7066604 SA,20251108,1
7066604 SA,20251115,1
7066604 SA,20251122,1
7066604 SA,20251129,1
7066604 SA,20251206,1
7066604 SA,20251213,1
7066604 SA,20251220,1
7066604 SA,20251227,1
7066604 SA bis 13.09.25,20250726,1
7066604 SA bis 13.09.25,20250802,1
7066604 SA bis 13.09.25,20250809,1
7066604 SA bis 13.09.25,20250816,1
7066604 SA bis 13.09.25,20250823,1
7066604 SA bis 13.09.25,20250830,1
7066604 SA bis 13.09.25,20250906,1
7066604 SA bis 13.09.25,20250913,1
7066604 SIL,20251231,1
7066702 SO,20250928,1
7066702 SO,20251003,1
7066702 SO,20251005,1
7066702 SO,20251012,1
7066702 SO,20251019,1
7066702 SO,20251026,1
7066702 SO,20251101,1
7066702 SO,20251102,1
7066702 SO,20251109,1
7066702 SO,20251116,1
7066702 SO,20251123,1
7066702 SO,20251130,1
7066702 SO,20251207,1
7066702 SO,20251214,1
7066702 SO,20251221,1
7066702 SO,20251225,1
7066702 SO,20251226,1
7066702 SO,20251228,1
7066702 SO[2025-7-27],20250727,1
7066702 SO[2025-7-27],20250803,1
7066702 SO[2025-7-27],20250810,1
7066702 SO[2025-7-27],20250815,1
7066702 SO[2025-7-27],20250817,1
7066702 SO[2025-7-27],20250824,1
7066702 SO[2025-7-27],20250831,1
7066702 SO[2025-7-27],20250907,1
7066702 SO[2025-7-27],20250914,1
7066702 SO[2025-7-27],20250921,1
7080001 (GFN-Gerät),20250725,1
7080001 (GFN-Gerät),20250728,1
7080001 (GFN-Gerät),20250729,1
7080001 (GFN-Gerät),20250730,1
7080001 (GFN-Gerät),20250731,1
7080001 (GFN-Gerät),20250916,1
7080001 (GFN-Gerät),20250917,1
7080001 (GFN-Gerät),20250918,1
7080001 (GFN-Gerät),20250919,1
7080001 (GFN-Gerät),20250922,1
7080001 (GFN-Gerät),20250923,1
7080001 (GFN-Gerät),20250924,1
7080001 (GFN-Gerät),20250925,1
7080001 (GFN-Gerät),20250926,1
7080001 (GFN-Gerät),20250929,1
7080001 (GFN-Gerät),20250930,1
7080001 (GFN-Gerät),20251001,1
7080001 (GFN-Gerät),20251002,1
7080001 (GFN-Gerät),20251006,1
7080001 (GFN-Gerät),20251007,1
7080001 (GFN-Gerät),20251008,1
7080001 (GFN-Gerät),20251009,1
7080001 (GFN-Gerät),20251010,1
7080001 (GFN-Gerät),20251013,1
7080001 (GFN-Gerät),20251014,1
7080001 (GFN-Gerät),20251015,1
7080001 (GFN-Gerät),20251016,1
7080001 (GFN-Gerät),20251017,1
7080001 (GFN-Gerät),20251020,1
7080001 (GFN-Gerät),20251021,1
7080001 (GFN-Gerät),20251022,1
7080001 (GFN-Gerät),20251023,1
7080001 (GFN-Gerät),20251024,1
7080001 (GFN-Gerät),20251027,1
7080001 (GFN-Gerät),20251028,1
7080001 (GFN-Gerät),20251029,1
7080001 (GFN-Gerät),20251030,1
7080001 (GFN-Gerät),20251031,1
7080001 (GFN-Gerät),20251110,1
7080001 (GFN-Gerät),20251111,1
7080001 (GFN-Gerät),20251112,1
7080001 (GFN-Gerät),20251113,1
7080001 (GFN-Gerät),20251114,1
7080001 (GFN-Gerät),20251117,1
7080001 (GFN-Gerät),20251118,1
7080001 (GFN-Gerät),20251120,1
7080001 (GFN-Gerät),20251121,1
7080001 (GFN-Gerät),20251124,1
7080001 (GFN-Gerät),20251125,1
7080001 (GFN-Gerät),20251126,1
7080001 (GFN-Gerät),20251127,1
7080001 (GFN-Gerät),20251128,1
7080001 (GFN-Gerät),20251201,1
7080001 (GFN-Gerät),20251202,1
7080001 (GFN-Gerät),20251203,1
7080001 (GFN-Gerät),20251204,1
7080001 (GFN-Gerät),20251205,1
7080001 (GFN-Gerät),20251208,1
7080001 (GFN-Gerät),20251209,1
7080001 (GFN-Gerät),20251210,1
7080001 (GFN-Gerät),20251211,1
7080001 (GFN-Gerät),20251212,1
7080001 (GFN-Gerät),20251215,1
7080001 (GFN-Gerät),20251216,1
7080001 (GFN-Gerät),20251217,1
7080001 (GFN-Gerät),20251218,1
7080001 (GFN-Gerät),20251219,1
713 HA,20251224,1
713 SA,20250920,1
713 SA,20250927,1
713 SA,20251004,1
713 SA,20251011,1
713 SA,20251018,1
713 SA,20251025,1
713 SA,20251108,1
713 SA,20251115,1
713 SA,20251122,1
713 SA,20251129,1
713 SA,20251206,1
713 SA,20251213,1
713 SA,20251220,1
713 SA,20251227,1
713 SA bis 13.09.25,20250726,1
713 SA bis 13.09.25,20250802,1
713 SA bis 13.09.25,20250809,1
713 SA bis 13.09.25,20250816,1
713 SA bis 13.09.25,20250823,1
713 SA bis 13.09.25,20250830,1
713 SA bis 13.09.25,20250906,1
713 SA bis 13.09.25,20250913,1
713 SIL,20251231,1
7480021,20250929,1
7480021,20250930,1
7480021,20251001,1
7480021,20251002,1
7480021,20251006,1
7480021,20251007,1
7480021,20251008,1
7480021,20251009,1
7480021,20251010,1
7480021,20251013,1
7480021,20251014,1
7480021,20251015,1
7480021,20251016,1
7480021,20251017,1
7480021,20251020,1
7480021,20251021,1
7480021,20251022,1
7480021,20251023,1
7480021,20251024,1
7480021,20251027,1
7480021,20251028,1
7480021,20251029,1
7480021,20251030,1
7480021,20251031,1
7480021,20251103,1
7480021,20251104,1
7480021,20251105,1
7480021,20251106,1
7480021,20251107,1
7480021,20251110,1
7480021,20251111,1
7480021,20251112,1
7480021,20251113,1
7480021,20251114,1
7480021,20251117,1
7480021,20251118,1
7480021,20251119,1
7480021,20251120,1
7480021,20251121,1
7480021,20251124,1
7480021,20251125,1
7480021,20251126,1
7480021,20251127,1
7480021,20251128,1
7480021,20251201,1
7480021,20251202,1
7480021,20251203,1
7480021,20251204,1
7480021,20251205,1
7480021,20251208,1
7480021,20251209,1
7480021,20251210,1
7480021,20251211,1
7480021,20251212,1
7480021,20251215,1
7480021,20251216,1
7480021,20251217,1
7480021,20251218,1
7480021,20251219,1
7480021[2025-7-25],20250725,1
7480021[2025-7-25],20250728,1
7480021[2025-7-25],20250729,1
7480021[2025-7-25],20250730,1
7480021[2025-7-25],20250731,1
7480021[2025-7-25],20250916,1
7480021[2025-7-25],20250917,1
7480021[2025-7-25],20250918,1
7480021[2025-7-25],20250919,1
7480021[2025-7-25],20250922,1
7480021[2025-7-25],20250923,1
7480021[2025-7-25],20250924,1
7480021[2025-7-25],20250925,1
7480021[2025-7-25],20250926,1
7480551 SF/WF,20251222,1
7480551 SF/WF,20251223,1
7480551 SF/WF,20251229,1
7480551 SF/WF,20251230,1
7480551 SF/WF[2025-8-1],20250801,1
7480551 SF/WF[2025-8-1],20250804,1
7480551 SF/WF[2025-8-1],20250805,1
7480551 SF/WF[2025-8-1],20250806,1
7480551 SF/WF[2025-8-1],20250807,1
7480551 SF/WF[2025-8-1],20250808,1
7480551 SF/WF[2025-8-1],20250811,1
7480551 SF/WF[2025-8-1],20250812,1
7480551 SF/WF[2025-8-1],20250813,1
7480551 SF/WF[2025-8-1],20250814,1
7480551 SF/WF[2025-8-1],20250818,1
7480551 SF/WF[2025-8-1],20250819,1
7480551 SF/WF[2025-8-1],20250820,1
7480551 SF/WF[2025-8-1],20250821,1
7480551 SF/WF[2025-8-1],20250822,1
7480551 SF/WF[2025-8-1],20250825,1
7480551 SF/WF[2025-8-1],20250826,1
7480551 SF/WF[2025-8-1],20250827,1
7480551 SF/WF[2025-8-1],20250828,1
7480551 SF/WF[2025-8-1],20250829,1
7480551 SF/WF[2025-8-1],20250901,1
7480551 SF/WF[2025-8-1],20250902,1
7480551 SF/WF[2025-8-1],20250903,1
7480551 SF/WF[2025-8-1],20250904,1
7480551 SF/WF[2025-8-1],20250905,1
7480551 SF/WF[2025-8-1],20250908,1
7480551 SF/WF[2025-8-1],20250909,1
7480551 SF/WF[2025-8-1],20250910,1
7480551 SF/WF[2025-8-1],20250911,1
7480551 SF/WF[2025-8-1],20250912,1
7480551 SF/WF[2025-8-1],20250915,1
751 SA,20250927,1
751 SA,20251004,1
751 SA,20251011,1
751 SA,20251018,1
751 SA,20251025,1
751 SA,20251108,1
751 SA,20251115,1
751 SA,20251122,1
751 SA,20251129,1
751 SA,20251206,1
751 SA,20251213,1
751 SA,20251220,1
751 SA,20251227,1
751 SA bis 13.09.25[2025-7-26],20250726,1
751 SA bis 13.09.25[2025-7-26],20250802,1
751 SA bis 13.09.25[2025-7-26],20250809,1
751 SA bis 13.09.25[2025-7-26],20250816,1
751 SA bis 13.09.25[2025-7-26],20250823,1
751 SA bis 13.09.25[2025-7-26],20250830,1
751 SA bis 13.09.25[2025-7-26],20250906,1
751 SA bis 13.09.25[2025-7-26],20250913,1
751 SA[2025-9-20],20250920,1
753 SA,20250920,1
753 SA,20250927,1
753 SA,20251004,1
753 SA,20251011,1
753 SA,20251018,1
753 SA,20251025,1
753 SA,20251108,1
753 SA,20251115,1
753 SA,20251122,1
753 SA,20251129,1
753 SA,20251206,1
753 SA,20251213,1
753 SA,20251220,1
753 SA,20251227,1
753 SA bis 13.09.25,20250726,1
753 SA bis 13.09.25,20250802,1
753 SA bis 13.09.25,20250809,1
753 SA bis 13.09.25,20250816,1
753 SA bis 13.09.25,20250823,1
753 SA bis 13.09.25,20250830,1
753 SA bis 13.09.25,20250906,1
753 SA bis 13.09.25,20250913,1
7880002 (GFN-Gerät),20250916,1
7880002 (GFN-Gerät),20250917,1
7880002 (GFN-Gerät),20250918,1
7880002 (GFN-Gerät),20250919,1
7880002 (GFN-Gerät),20250922,1
7880002 (GFN-Gerät),20250923,1
7880002 (GFN-Gerät),20250924,1
7880002 (GFN-Gerät),20250925,1
7880002 (GFN-Gerät),20250926,1
7880002 (GFN-Gerät),20250929,1
7880002 (GFN-Gerät),20250930,1
7880002 (GFN-Gerät),20251001,1
7880002 (GFN-Gerät),20251002,1
7880002 (GFN-Gerät),20251006,1
7880002 (GFN-Gerät),20251007,1
7880002 (GFN-Gerät),20251008,1
7880002 (GFN-Gerät),20251009,1
7880002 (GFN-Gerät),20251010,1
7880002 (GFN-Gerät),20251013,1
7880002 (GFN-Gerät),20251014,1
7880002 (GFN-Gerät),20251015,1
7880002 (GFN-Gerät),20251016,1
7880002 (GFN-Gerät),20251017,1
7880002 (GFN-Gerät),20251020,1
7880002 (GFN-Gerät),20251021,1
7880002 (GFN-Gerät),20251022,1
7880002 (GFN-Gerät),20251023,1
7880002 (GFN-Gerät),20251024,1
7880002 (GFN-Gerät),20251027,1
7880002 (GFN-Gerät),20251028,1
7880002 (GFN-Gerät),20251029,1
7880002 (GFN-Gerät),20251030,1
7880002 (GFN-Gerät),20251031,1
7880002 (GFN-Gerät),20251110,1
7880002 (GFN-Gerät),20251111,1
7880002 (GFN-Gerät),20251112,1
7880002 (GFN-Gerät),20251113,1
7880002 (GFN-Gerät),20251114,1
7880002 (GFN-Gerät),20251117,1
7880002 (GFN-Gerät),20251118,1
7880002 (GFN-Gerät),20251120,1
7880002 (GFN-Gerät),20251121,1
7880002 (GFN-Gerät),20251124,1
7880002 (GFN-Gerät),20251125,1
7880002 (GFN-Gerät),20251126,1
7880002 (GFN-Gerät),20251127,1
7880002 (GFN-Gerät),20251128,1
7880002 (GFN-Gerät),20251201,1
7880002 (GFN-Gerät),20251202,1
7880002 (GFN-Gerät),20251203,1
7880002 (GFN-Gerät),20251204,1
7880002 (GFN-Gerät),20251205,1
7880002 (GFN-Gerät),20251208,1
7880002 (GFN-Gerät),20251209,1
7880002 (GFN-Gerät),20251210,1
7880002 (GFN-Gerät),20251211,1
7880002 (GFN-Gerät),20251212,1
7880002 (GFN-Gerät),20251215,1
7880002 (GFN-Gerät),20251216,1
7880002 (GFN-Gerät),20251217,1
7880002 (GFN-Gerät),20251218,1
7880002 (GFN-Gerät),20251219,1
7880002 (GFN-Gerät) bis 31.07.25,20250725,1
7880002 (GFN-Gerät) bis 31.07.25,20250728,1
7880002 (GFN-Gerät) bis 31.07.25,20250729,1
7880002 (GFN-Gerät) bis 31.07.25,20250730,1
7880002 (GFN-Gerät) bis 31.07.25,20250731,1
801 HA,20251224,1
801 SA,20250927,1
801 SA,20251004,1
801 SA,20251011,1
801 SA,20251018,1
801 SA,20251025,1
801 SA,20251108,1
801 SA,20251115,1
801 SA,20251122,1
801 SA,20251129,1
801 SA,20251206,1
801 SA,20251213,1
801 SA,20251220,1
801 SA,20251227,1
801 SA bis 13.09.25[2025-8-2],20250802,1
801 SA bis 13.09.25[2025-8-2],20250809,1
801 SA bis 13.09.25[2025-8-2],20250816,1
801 SA bis 13.09.25[2025-8-2],20250823,1
801 SA bis 13.09.25[2025-8-2],20250830,1
801 SA bis 13.09.25[2025-8-2],20250906,1
801 SA bis 13.09.25[2025-8-2],20250913,1
801 SA bis 26.07.25[2025-7-26],20250726,1
801 SA[2025-9-20],20250920,1
801 SIL,20251231,1
803 SO,20250921,1
803 SO,20250928,1
803 SO,20251003,1
803 SO,20251005,1
803 SO,20251012,1
803 SO,20251019,1
803 SO,20251026,1
803 SO,20251101,1
803 SO,20251102,1
803 SO,20251109,1
803 SO,20251116,1
803 SO,20251123,1
803 SO,20251130,1
803 SO,20251207,1
803 SO,20251214,1
803 SO,20251221,1
803 SO,20251225,1
803 SO,20251226,1
803 SO,20251228,1
803 SO bis 14.09.25,20250803,1
803 SO bis 14.09.25,20250810,1
803 SO bis 14.09.25,20250815,1
803 SO bis 14.09.25,20250817,1
803 SO bis 14.09.25,20250824,1
803 SO bis 14.09.25,20250831,1
803 SO bis 14.09.25,20250907,1
803 SO bis 14.09.25,20250914,1
803 SO bis 27.07.25,20250727,1
804 SO,20250928,1
804 SO,20251003,1
804 SO,20251005,1
804 SO,20251012,1
804 SO,20251019,1
804 SO,20251026,1
804 SO,20251101,1
804 SO,20251102,1
804 SO,20251109,1
804 SO,20251116,1
804 SO,20251123,1
804 SO,20251130,1
804 SO,20251207,1
804 SO,20251214,1
804 SO,20251221,1
804 SO,20251225,1
804 SO,20251226,1
804 SO,20251228,1
804 SO bis 14.09.25[2025-8-3],20250803,1
804 SO bis 14.09.25[2025-8-3],20250810,1
804 SO bis 14.09.25[2025-8-3],20250815,1
804 SO bis 14.09.25[2025-8-3],20250817,1
804 SO bis 14.09.25[2025-8-3],20250824,1
804 SO bis 14.09.25[2025-8-3],20250831,1
804 SO bis 14.09.25[2025-8-3],20250907,1
804 SO bis 14.09.25[2025-8-3],20250914,1
804 SO bis 27.07.25[2025-7-27],20250727,1
804 SO[2025-9-21],20250921,1
805 SA,20250920,1
805 SA,20250927,1
805 SA,20251004,1
805 SA,20251011,1
805 SA,20251018,1
805 SA,20251025,1
805 SA,20251108,1
805 SA,20251115,1
805 SA,20251122,1
805 SA,20251129,1
805 SA,20251206,1
805 SA,20251213,1
805 SA,20251220,1
805 SA,20251227,1
805 SA bis 13.09.25,20250726,1
805 SA bis 13.09.25,20250802,1
805 SA bis 13.09.25,20250809,1
805 SA bis 13.09.25,20250816,1
805 SA bis 13.09.25,20250823,1
805 SA bis 13.09.25,20250830,1
805 SA bis 13.09.25,20250906,1
805 SA bis 13.09.25,20250913,1
805 SIL,20251231,1
805 SO,20250921,1
805 SO,20250928,1
805 SO,20251003,1
805 SO,20251005,1
805 SO,20251012,1
805 SO,20251019,1
805 SO,20251026,1
805 SO,20251101,1
805 SO,20251102,1
805 SO,20251109,1
805 SO,20251116,1
805 SO,20251123,1
805 SO,20251130,1
805 SO,20251207,1
805 SO,20251214,1
805 SO,20251221,1
805 SO,20251225,1
805 SO,20251226,1
805 SO,20251228,1
805 SO bis 14.09.25,20250803,1
805 SO bis 14.09.25,20250810,1
805 SO bis 14.09.25,20250815,1
805 SO bis 14.09.25,20250817,1
805 SO bis 14.09.25,20250824,1
805 SO bis 14.09.25,20250831,1
805 SO bis 14.09.25,20250907,1
805 SO bis 14.09.25,20250914,1
805 SO bis 27.07.25,20250727,1
807 SO,20250921,1
807 SO,20250928,1
807 SO,20251003,1
807 SO,20251005,1
807 SO,20251012,1
807 SO,20251019,1
807 SO,20251026,1
807 SO,20251101,1
807 SO,20251102,1
807 SO,20251109,1
807 SO,20251116,1
807 SO,20251123,1
807 SO,20251130,1
807 SO,20251207,1
807 SO,20251214,1
807 SO,20251221,1
807 SO,20251225,1
807 SO,20251226,1
807 SO,20251228,1
807 SO bis 14.09.25,20250727,1
807 SO bis 14.09.25,20250803,1
807 SO bis 14.09.25,20250810,1
807 SO bis 14.09.25,20250815,1
807 SO bis 14.09.25,20250817,1
807 SO bis 14.09.25,20250824,1
807 SO bis 14.09.25,20250831,1
807 SO bis 14.09.25,20250907,1
807 SO bis 14.09.25,20250914,1
817 SO,20250921,1
817 SO,20250928,1
817 SO,20251003,1
817 SO,20251005,1
817 SO,20251012,1
817 SO,20251019,1
817 SO,20251026,1
817 SO,20251101,1
817 SO,20251102,1
817 SO,20251109,1
817 SO,20251116,1
817 SO,20251123,1
817 SO,20251130,1
817 SO,20251207,1
817 SO,20251214,1
817 SO,20251221,1
817 SO,20251225,1
817 SO,20251226,1
817 SO,20251228,1
817 SO bis 14.09.25,20250803,1
817 SO bis 14.09.25,20250810,1
817 SO bis 14.09.25,20250815,1
817 SO bis 14.09.25,20250817,1
817 SO bis 14.09.25,20250824,1
817 SO bis 14.09.25,20250831,1
817 SO bis 14.09.25,20250907,1
817 SO bis 14.09.25,20250914,1
817 SO bis 27.07.25,20250727,1
821 SO,20250921,1
821 SO,20250928,1
821 SO,20251003,1
821 SO,20251005,1
821 SO,20251012,1
821 SO,20251019,1
821 SO,20251026,1
821 SO,20251101,1
821 SO,20251102,1
821 SO,20251109,1
821 SO,20251116,1
821 SO,20251123,1
821 SO,20251130,1
821 SO,20251207,1
821 SO,20251214,1
821 SO,20251221,1
821 SO,20251225,1
821 SO,20251226,1
821 SO,20251228,1
821 SO bis 14.09.25,20250727,1
821 SO bis 14.09.25,20250803,1
821 SO bis 14.09.25,20250810,1
821 SO bis 14.09.25,20250815,1
821 SO bis 14.09.25,20250817,1
821 SO bis 14.09.25,20250824,1
821 SO bis 14.09.25,20250831,1
821 SO bis 14.09.25,20250907,1
821 SO bis 14.09.25,20250914,1
912 SO,20250803,1
912 SO,20250810,1
912 SO,20250815,1
912 SO,20250817,1
912 SO,20250824,1
912 SO,20250831,1
912 SO,20250907,1
912 SO,20250914,1
912 SO,20250921,1
912 SO,20250928,1
912 SO,20251003,1
912 SO,20251005,1
912 SO,20251012,1
912 SO,20251019,1
912 SO,20251026,1
912 SO,20251101,1
912 SO,20251102,1
912 SO,20251109,1
912 SO,20251116,1
912 SO,20251123,1
912 SO,20251130,1
912 SO,20251207,1
912 SO,20251214,1
912 SO,20251221,1
912 SO,20251225,1
912 SO,20251226,1
912 SO,20251228,1
912 SO bis 27.07.25,20250727,1
9401 HA,20251224,1
9401 SIL,20251231,1
9402 SA,20250726,1
9402 SA,20250802,1
9402 SA,20250809,1
9402 SA,20250816,1
9402 SA,20250823,1
9402 SA,20250830,1
9402 SA,20250906,1
9402 SA,20250913,1
9402 SA,20250920,1
9402 SA,20250927,1
9402 SA,20251004,1
9402 SA,20251011,1
9402 SA,20251018,1
9402 SA,20251025,1
9402 SA,20251108,1
9402 SA,20251115,1
9402 SA,20251122,1
9402 SA,20251129,1
9402 SA,20251206,1
9402 SA,20251213,1
9402 SA,20251220,1
9402 SA,20251227,1
9403 HA,20251224,1
9403 SA,20250726,1
9403 SA,20250802,1
9403 SA,20250809,1
9403 SA,20250816,1
9403 SA,20250823,1
9403 SA,20250830,1
9403 SA,20250906,1
9403 SA,20250913,1
9403 SA,20250920,1
9403 SA,20250927,1
9403 SA,20251004,1
9403 SA,20251011,1
9403 SA,20251018,1
9403 SA,20251025,1
9403 SA,20251108,1
9403 SA,20251115,1
9403 SA,20251122,1
9403 SA,20251129,1
9403 SA,20251206,1
9403 SA,20251213,1
9403 SA,20251220,1
9403 SA,20251227,1
9403 SIL,20251231,1
9701 SA,20250726,1
9701 SA,20250802,1
9701 SA,20250809,1
9701 SA,20250816,1
9701 SA,20250823,1
9701 SA,20250830,1
9701 SA,20250906,1
9701 SA,20250913,1
9701 SA,20250920,1
9701 SA,20250927,1
9701 SA,20251004,1
9701 SA,20251011,1
9701 SA,20251018,1
9701 SA,20251025,1
9701 SA,20251108,1
9701 SA,20251115,1
9701 SA,20251122,1
9701 SA,20251129,1
9701 SA,20251206,1
9701 SA,20251213,1
9701 SA,20251220,1
9701 SA,20251227,1
9702 HA,20251224,1
9702 SIL,20251231,1
9855 SA mit Eisl.,20251220,1
9855 SA mit Eisl.,20251227,1
9855 SA mit Eisl.[2025-9-27],20250927,1
9855 SA mit Eisl.[2025-9-27],20251004,1
9855 SA mit Eisl.[2025-9-27],20251011,1
9855 SA mit Eisl.[2025-9-27],20251018,1
9855 SA mit Eisl.[2025-9-27],20251025,1
9855 SA mit Eisl.[2025-9-27],20251108,1
9855 SA mit Eisl.[2025-9-27],20251115,1
9855 SA mit Eisl.[2025-9-27],20251122,1
9855 SA mit Eisl.[2025-9-27],20251129,1
9855 SA mit Eisl.[2025-9-27],20251206,1
9855 SA mit Eisl.[2025-9-27],20251213,1
